{"type":"FeatureCollection","features":[{"type":"Feature","geometry":{"type":"Polygon","coordinates":[[[8.7148,46.098],[8.6119,46.1215],[8.593,46.1429],[8.6027,46.1553],[8.5737,46.1644],[8.5326,46.2181],[8.4431,46.2502],[8.4563,46.2633],[8.4275,46.2983],[8.4655,46.3334],[8.4701,46.3624],[8.4658,46.4435],[8.4498,46.4618],[8.3062,46.4266],[8.2891,46.4081],[8.3169,46.3972],[8.3123,46.3768],[8.2634,46.3637],[8.2617,46.3452],[8.2235,46.3344],[8.2031,46.3042],[8.1377,46.3016],[8.0804,46.2608],[8.139,46.2261],[8.1654,46.1823],[8.1503,46.1413],[8.115,46.1303],[8.1081,46.1116],[8.0338,46.0999],[8.0224,46.0697],[8.0346,46.0433],[7.9887,45.9963],[7.9088,45.9973],[7.8781,45.9734],[7.877,45.9264],[7.8614,45.9104],[7.8759,45.8616],[7.8626,45.7922],[7.9366,45.7243],[7.9048,45.6847],[7.9384,45.6391],[7.8966,45.6118],[7.9008,45.5917],[7.8489,45.6023],[7.7327,45.5503],[7.634,45.5708],[7.6091,45.5629],[7.5665,45.5916],[7.5318,45.5768],[7.4893,45.5831],[7.3772,45.5169],[7.2695,45.5147],[7.2227,45.4705],[7.1603,45.4866],[7.1432,45.478],[7.1343,45.5155],[7.1003,45.4562],[7.1144,45.4335],[7.1859,45.4032],[7.1633,45.3818],[7.1644,45.3607],[7.1094,45.3277],[7.136,45.2804],[7.1248,45.2443],[7.067,45.2103],[7.0475,45.2259],[6.9658,45.2077],[6.9475,45.1704],[6.8935,45.169],[6.8939,45.1373],[6.8483,45.1273],[6.7692,45.1598],[6.7402,45.137],[6.6802,45.1404],[6.6731,45.1245],[6.6334,45.1148],[6.6269,45.1024],[6.6623,45.0714],[6.6736,45.02],[6.746,45.0139],[6.751,44.9967],[6.7376,44.9908],[6.7655,44.9616],[6.7431,44.9357],[6.76,44.9338],[6.7508,44.9062],[6.8629,44.8507],[6.9113,44.8446],[6.9316,44.8635],[7.024,44.8233],[7.0001,44.789],[7.0216,44.7714],[7.0284,44.7297],[7.0659,44.7137],[7.0762,44.6838],[6.9896,44.6903],[6.9627,44.6777],[6.9476,44.6526],[6.9687,44.6196],[6.9377,44.6031],[6.9326,44.5729],[6.8789,44.5543],[6.8534,44.5279],[6.8762,44.4815],[6.9484,44.4298],[6.8928,44.4202],[6.8872,44.362],[6.922,44.3517],[6.9607,44.3112],[6.9583,44.2955],[6.9958,44.2801],[7.0053,44.2374],[7.1873,44.2011],[7.2788,44.1413],[7.3419,44.1461],[7.3581,44.1163],[7.3927,44.1256],[7.4234,44.1133],[7.4282,44.1304],[7.46,44.1259],[7.5639,44.1564],[7.6198,44.1494],[7.636,44.1771],[7.6773,44.1771],[7.6664,44.1307],[7.719,44.0823],[7.7141,44.0616],[7.7594,44.0843],[7.7329,44.0836],[7.7152,44.1053],[7.7263,44.1262],[7.7627,44.1409],[7.8839,44.1047],[7.9424,44.1001],[7.9705,44.1148],[8.006,44.1024],[8.0129,44.1197],[7.9796,44.1385],[8.0118,44.1559],[8.0682,44.145],[8.0972,44.1787],[8.0955,44.1969],[8.0654,44.2168],[8.0811,44.24],[8.0631,44.2531],[8.0907,44.2748],[8.0584,44.3012],[8.076,44.314],[8.102,44.3009],[8.1064,44.3324],[8.1449,44.3458],[8.1484,44.3844],[8.2085,44.4053],[8.2228,44.431],[8.1966,44.4784],[8.2233,44.4856],[8.2242,44.5142],[8.2528,44.5287],[8.2719,44.5064],[8.3492,44.4856],[8.3595,44.465],[8.3924,44.477],[8.4186,44.5133],[8.4495,44.4974],[8.4707,44.5225],[8.4781,44.5106],[8.576,44.5072],[8.5738,44.5233],[8.6124,44.5433],[8.5978,44.5566],[8.6239,44.5864],[8.7141,44.5815],[8.7493,44.5499],[8.7501,44.5253],[8.7676,44.525],[8.7669,44.492],[8.7883,44.488],[8.7991,44.5301],[8.8288,44.5431],[8.8261,44.5619],[8.8686,44.5662],[8.8903,44.5506],[8.9175,44.5611],[8.91,44.612],[8.8826,44.6387],[8.9312,44.6762],[9.0147,44.6661],[9.0439,44.6144],[9.077,44.626],[9.1035,44.6096],[9.113,44.5811],[9.1526,44.5742],[9.2028,44.5945],[9.2136,44.7523],[9.1717,44.7717],[9.16,44.8152],[9.109,44.8054],[9.0726,44.8171],[9.049,44.8499],[9.0701,44.8647],[9.0557,44.8891],[8.9997,44.9093],[8.9696,44.9435],[8.9808,44.9558],[8.9606,44.9873],[8.9165,44.9871],[8.8981,45.0507],[8.884,45.0609],[8.8667,45.0457],[8.8231,45.0477],[8.7713,45.0067],[8.7101,45.0383],[8.693,45.0198],[8.6755,45.0293],[8.6592,45.0179],[8.6348,45.0404],[8.646,45.0753],[8.6091,45.1069],[8.6142,45.1265],[8.5429,45.1728],[8.5778,45.2079],[8.5245,45.1983],[8.548,45.2041],[8.5232,45.2216],[8.5437,45.234],[8.5291,45.2395],[8.5562,45.2414],[8.5225,45.2492],[8.5434,45.2533],[8.5351,45.2778],[8.5141,45.2743],[8.5168,45.2913],[8.4979,45.2918],[8.5377,45.3167],[8.5266,45.3432],[8.5518,45.3613],[8.5788,45.3472],[8.6219,45.357],[8.6561,45.3267],[8.6653,45.2917],[8.6902,45.2923],[8.7161,45.3029],[8.7243,45.3358],[8.7625,45.3486],[8.7193,45.3784],[8.8429,45.3938],[8.8258,45.4339],[8.8081,45.4333],[8.7884,45.4625],[8.7875,45.4862],[8.7132,45.5199],[8.6933,45.5778],[8.7031,45.6001],[8.6589,45.6377],[8.6882,45.637],[8.6698,45.6614],[8.6812,45.6764],[8.6408,45.6768],[8.6534,45.714],[8.5946,45.7298],[8.5529,45.7817],[8.5952,45.8336],[8.5706,45.9],[8.728,46.0211],[8.7055,46.0819],[8.7148,46.098]],[[8.7056,45.0131],[8.7051,45.0134],[8.705,45.0134],[8.7047,45.0136],[8.7043,45.0138],[8.7039,45.0139],[8.7035,45.0141],[8.7033,45.0145],[8.7033,45.0147],[8.7035,45.0151],[8.7036,45.0155],[8.7037,45.0159],[8.7037,45.0164],[8.7038,45.0168],[8.704,45.0173],[8.704,45.0175],[8.7041,45.0178],[8.7044,45.0181],[8.7047,45.0189],[8.7049,45.0193],[8.7051,45.0199],[8.7052,45.0206],[8.7051,45.021],[8.7049,45.0217],[8.7049,45.0222],[8.7048,45.0231],[8.7048,45.0231],[8.7047,45.0236],[8.7047,45.0241],[8.7051,45.0244],[8.7054,45.0245],[8.7057,45.0245],[8.706,45.0241],[8.7061,45.0238],[8.7061,45.0235],[8.7062,45.0233],[8.7062,45.0231],[8.7063,45.0226],[8.7064,45.022],[8.7064,45.0214],[8.7064,45.0208],[8.7064,45.0202],[8.7065,45.0197],[8.7065,45.019],[8.7065,45.0184],[8.7065,45.0177],[8.7065,45.0172],[8.7065,45.0166],[8.7065,45.0162],[8.7065,45.0157],[8.7065,45.0151],[8.7064,45.0144],[8.7064,45.0136],[8.7061,45.0129],[8.7056,45.0131]],[[8.8167,45.0219],[8.8168,45.0216],[8.8168,45.0213],[8.8169,45.0209],[8.8169,45.0206],[8.8169,45.0203],[8.817,45.02],[8.817,45.0197],[8.817,45.0194],[8.8169,45.0191],[8.8168,45.0188],[8.8163,45.0184],[8.8158,45.0182],[8.8153,45.018],[8.8149,45.018],[8.8143,45.0178],[8.8143,45.0174],[8.8135,45.0172],[8.813,45.0172],[8.8125,45.0172],[8.812,45.0172],[8.8116,45.0173],[8.8113,45.0173],[8.8107,45.0173],[8.8105,45.0176],[8.8104,45.018],[8.8103,45.0183],[8.8102,45.0187],[8.81,45.0191],[8.8104,45.0193],[8.811,45.0197],[8.8117,45.02],[8.8125,45.0203],[8.8134,45.0207],[8.8143,45.021],[8.8151,45.0213],[8.8156,45.0216],[8.8159,45.0218],[8.8164,45.0223],[8.8164,45.0223],[8.8167,45.0219]]]},"properties":{"name":"Piemonte","iso":""}},{"type":"Feature","geometry":{"type":"Polygon","coordinates":[[[7.864,45.9164],[7.8214,45.9269],[7.8001,45.9171],[7.7482,45.9405],[7.7201,45.9237],[7.7099,45.9483],[7.6677,45.9739],[7.5886,45.9708],[7.5701,45.9878],[7.5462,45.9845],[7.5386,45.9552],[7.4993,45.9625],[7.4732,45.935],[7.3859,45.8973],[7.293,45.9214],[7.2575,45.8887],[7.2164,45.8888],[7.1903,45.8586],[7.1565,45.8793],[7.1016,45.859],[7.0618,45.9124],[7.0329,45.9214],[7.0038,45.8992],[6.9977,45.8726],[6.941,45.8472],[6.8186,45.8362],[6.8044,45.8163],[6.8086,45.7271],[6.8579,45.6845],[6.9028,45.6803],[6.9152,45.6525],[7.0008,45.6403],[6.9779,45.5889],[6.995,45.5761],[6.9904,45.5307],[7.0006,45.504],[7.0546,45.494],[7.0479,45.4725],[7.1043,45.467],[7.1375,45.5163],[7.1432,45.478],[7.1603,45.4866],[7.2234,45.4706],[7.2695,45.5147],[7.3772,45.5169],[7.4893,45.5831],[7.5318,45.5768],[7.5665,45.5916],[7.6091,45.5629],[7.634,45.5708],[7.7327,45.5503],[7.8489,45.6023],[7.9008,45.5917],[7.8966,45.6118],[7.9384,45.6391],[7.9048,45.6847],[7.9366,45.7243],[7.9309,45.7413],[7.8926,45.7542],[7.8626,45.7922],[7.8759,45.8616],[7.864,45.9164]]]},"properties":{"name":"Valle d'Aosta","iso":""}},{"type":"Feature","geometry":{"type":"MultiPolygon","coordinates":[[[[8.8167,45.0219],[8.8164,45.0223],[8.8164,45.0223],[8.8159,45.0218],[8.8156,45.0216],[8.8151,45.0213],[8.8143,45.021],[8.8134,45.0207],[8.8125,45.0203],[8.8117,45.02],[8.811,45.0197],[8.8104,45.0193],[8.81,45.0191],[8.8102,45.0187],[8.8103,45.0183],[8.8104,45.018],[8.8105,45.0176],[8.8107,45.0173],[8.8113,45.0173],[8.8116,45.0173],[8.812,45.0172],[8.8125,45.0172],[8.813,45.0172],[8.8135,45.0172],[8.8143,45.0174],[8.8143,45.0178],[8.8149,45.018],[8.8153,45.018],[8.8158,45.0182],[8.8163,45.0184],[8.8168,45.0188],[8.8169,45.0191],[8.817,45.0194],[8.817,45.0197],[8.817,45.02],[8.8169,45.0203],[8.8169,45.0206],[8.8169,45.0209],[8.8168,45.0213],[8.8168,45.0216],[8.8167,45.0219]]],[[[8.7056,45.0131],[8.7061,45.0129],[8.7064,45.0136],[8.7064,45.0144],[8.7065,45.0151],[8.7065,45.0157],[8.7065,45.0162],[8.7065,45.0166],[8.7065,45.0172],[8.7065,45.0177],[8.7065,45.0184],[8.7065,45.019],[8.7065,45.0197],[8.7064,45.0202],[8.7064,45.0208],[8.7064,45.0214],[8.7064,45.022],[8.7063,45.0226],[8.7062,45.0231],[8.7062,45.0233],[8.7061,45.0235],[8.7061,45.0238],[8.706,45.0241],[8.7057,45.0245],[8.7054,45.0245],[8.7051,45.0244],[8.7047,45.0241],[8.7047,45.0236],[8.7048,45.0231],[8.7048,45.0231],[8.7049,45.0222],[8.7049,45.0217],[8.7051,45.021],[8.7052,45.0206],[8.7051,45.0199],[8.7049,45.0193],[8.7047,45.0189],[8.7044,45.0181],[8.7041,45.0178],[8.704,45.0175],[8.704,45.0173],[8.7038,45.0168],[8.7037,45.0164],[8.7037,45.0159],[8.7036,45.0155],[8.7035,45.0151],[8.7033,45.0147],[8.7033,45.0145],[8.7035,45.0141],[8.7039,45.0139],[8.7043,45.0138],[8.7047,45.0136],[8.705,45.0134],[8.7051,45.0134],[8.7056,45.0131]]],[[[8.9738,45.9835],[8.9579,45.9647],[8.9761,45.9625],[8.9738,45.9835]]],[[[9.2003,44.6864],[9.243,44.6861],[9.2351,44.7164],[9.2595,44.6799],[9.3246,44.69],[9.3084,44.7051],[9.3326,44.735],[9.2847,44.7671],[9.3631,44.8224],[9.3413,44.871],[9.2774,44.8956],[9.2954,44.9216],[9.285,44.9318],[9.3218,44.9441],[9.3473,44.9978],[9.3756,45.0199],[9.3724,45.0509],[9.4108,45.0828],[9.4995,45.1039],[9.5378,45.0805],[9.5513,45.0921],[9.5358,45.1215],[9.546,45.1325],[9.5874,45.0996],[9.6294,45.132],[9.6345,45.0843],[9.715,45.0582],[9.7496,45.0778],[9.7448,45.1097],[9.7578,45.1125],[9.8133,45.0781],[9.8238,45.0526],[9.8384,45.0956],[9.8968,45.0805],[9.881,45.127],[9.9226,45.1359],[9.9185,45.0996],[9.9855,45.1334],[10.0285,45.0962],[10.0216,45.0759],[10.0502,45.0413],[10.0822,45.0476],[10.1061,45.0221],[10.1577,45.0441],[10.1873,45.0282],[10.2111,45.034],[10.3585,44.9655],[10.4057,44.9845],[10.4357,44.9431],[10.5229,44.9124],[10.6279,44.9242],[10.6867,44.9866],[10.6947,44.9619],[10.7274,44.992],[10.7437,44.9491],[10.898,44.9218],[10.8903,44.9124],[10.9414,44.9219],[10.9975,44.9551],[11.0595,44.9489],[11.0735,44.963],[11.1524,44.9332],[11.2469,44.9517],[11.2723,44.9383],[11.3016,44.9624],[11.4267,44.9501],[11.4161,44.9668],[11.2755,45.0173],[11.2659,45.0562],[11.2404,45.043],[11.1742,45.059],[11.1884,45.0841],[11.1775,45.0973],[11.2034,45.1117],[11.1464,45.1261],[11.1274,45.1032],[11.1018,45.1131],[11.0976,45.0952],[11.0739,45.0983],[11.0287,45.123],[11.0495,45.1507],[10.9945,45.1504],[10.9968,45.1874],[10.9341,45.2142],[10.9368,45.2329],[10.8466,45.2566],[10.7829,45.3154],[10.7283,45.2913],[10.7312,45.3152],[10.7064,45.3163],[10.715,45.3341],[10.6855,45.3537],[10.7146,45.3679],[10.6977,45.3801],[10.718,45.3975],[10.7158,45.4166],[10.6645,45.4281],[10.6439,45.4178],[10.6495,45.4408],[10.6242,45.4382],[10.6477,45.4485],[10.6279,45.6069],[10.8402,45.8328],[10.6995,45.8417],[10.6536,45.8329],[10.6442,45.8029],[10.5502,45.7834],[10.526,45.8057],[10.5433,45.8184],[10.5024,45.8304],[10.5039,45.8753],[10.4901,45.8871],[10.5086,45.9236],[10.4847,45.9451],[10.4887,45.9718],[10.4536,45.9764],[10.4529,45.9896],[10.4583,46.0104],[10.4846,46.0243],[10.4809,46.0563],[10.5416,46.1033],[10.5654,46.1666],[10.5413,46.19],[10.5857,46.2453],[10.5597,46.2831],[10.5789,46.3019],[10.5656,46.3263],[10.5157,46.3452],[10.6323,46.4014],[10.6175,46.4162],[10.6218,46.448],[10.6005,46.4687],[10.5488,46.4923],[10.4761,46.4955],[10.4193,46.5511],[10.2957,46.5504],[10.2864,46.5711],[10.244,46.5784],[10.2582,46.6099],[10.2403,46.6351],[10.2135,46.6176],[10.1022,46.6108],[10.1011,46.5828],[10.0441,46.5394],[10.0534,46.4631],[10.0398,46.4457],[10.0796,46.4211],[10.1307,46.4319],[10.166,46.4088],[10.1617,46.3875],[10.1277,46.3776],[10.1043,46.3335],[10.1765,46.2583],[10.1324,46.2248],[10.0708,46.2171],[10.0441,46.2296],[10.0605,46.2481],[10.0547,46.2666],[9.9955,46.2855],[10.0,46.3131],[9.9808,46.3236],[9.9964,46.3509],[9.9579,46.3784],[9.9254,46.366],[9.9064,46.3809],[9.7775,46.335],[9.7373,46.3507],[9.7145,46.293],[9.6757,46.3031],[9.619,46.2873],[9.5464,46.3037],[9.4973,46.3629],[9.4616,46.3763],[9.4635,46.4704],[9.4495,46.4804],[9.4616,46.5093],[9.4103,46.4665],[9.362,46.5097],[9.2824,46.4967],[9.2778,46.4616],[9.2475,46.4362],[9.2806,46.4124],[9.2762,46.3683],[9.2957,46.3557],[9.3001,46.3266],[9.2508,46.2662],[9.2476,46.2336],[9.2213,46.2299],[9.1826,46.1705],[9.0716,46.1195],[9.0898,46.0885],[9.0779,46.0653],[9.009,46.037],[9.0283,45.9937],[8.9888,45.9706],[9.0141,45.9602],[9.019,45.9282],[9.0888,45.9007],[9.017,45.818],[8.9558,45.8434],[8.9124,45.8303],[8.9456,45.8672],[8.8931,45.9313],[8.8943,45.9585],[8.8313,45.988],[8.7859,45.989],[8.8545,46.0616],[8.8521,46.0755],[8.8061,46.1009],[8.7602,46.1017],[8.7427,46.1221],[8.7079,46.0908],[8.728,46.0211],[8.5706,45.9],[8.5952,45.8336],[8.5529,45.7817],[8.5946,45.7298],[8.6534,45.714],[8.6408,45.6768],[8.6812,45.6764],[8.6698,45.6614],[8.6882,45.637],[8.6589,45.6377],[8.7031,45.6001],[8.6933,45.5778],[8.7132,45.5199],[8.7875,45.4862],[8.7884,45.4625],[8.8081,45.4333],[8.8258,45.4339],[8.8429,45.3938],[8.7193,45.3784],[8.7625,45.3486],[8.7243,45.3358],[8.7161,45.3029],[8.6902,45.2923],[8.6653,45.2917],[8.6561,45.3267],[8.6219,45.357],[8.5788,45.3472],[8.5518,45.3613],[8.5266,45.3432],[8.5377,45.3167],[8.4979,45.2918],[8.5168,45.2913],[8.5141,45.2743],[8.5351,45.2778],[8.5434,45.2533],[8.5225,45.2492],[8.5562,45.2414],[8.5291,45.2395],[8.5437,45.234],[8.5232,45.2216],[8.548,45.2041],[8.5245,45.1983],[8.5778,45.2079],[8.5429,45.1728],[8.6142,45.1265],[8.6091,45.1069],[8.646,45.0753],[8.6348,45.0404],[8.6592,45.0179],[8.6755,45.0293],[8.693,45.0198],[8.7101,45.0383],[8.7713,45.0067],[8.7777,45.0237],[8.801,45.0232],[8.7962,45.0358],[8.8874,45.0598],[8.9165,44.9871],[8.9606,44.9873],[8.9808,44.9558],[8.9696,44.9435],[8.9997,44.9093],[9.0557,44.8891],[9.0701,44.8647],[9.049,44.8499],[9.0726,44.8171],[9.109,44.8054],[9.16,44.8152],[9.1717,44.7717],[9.2136,44.7523],[9.2003,44.6864]],[[9.2897,44.7012],[9.29,44.7018],[9.2902,44.7021],[9.2906,44.7028],[9.291,44.7037],[9.2911,44.7042],[9.2909,44.7046],[9.2909,44.7047],[9.2909,44.7052],[9.2913,44.7056],[9.2927,44.7059],[9.2928,44.7059],[9.2943,44.7055],[9.2953,44.7049],[9.2955,44.7049],[9.2956,44.7048],[9.2963,44.7046],[9.2964,44.7046],[9.2976,44.7044],[9.2976,44.7044],[9.2984,44.7045],[9.2984,44.7045],[9.2989,44.7045],[9.2992,44.7045],[9.2997,44.7045],[9.2998,44.7045],[9.3006,44.7044],[9.3019,44.7036],[9.3026,44.7033],[9.3026,44.7033],[9.3021,44.7032],[9.3017,44.7031],[9.3015,44.7031],[9.3013,44.7031],[9.3009,44.703],[9.3008,44.703],[9.3001,44.7029],[9.2998,44.7028],[9.299,44.7026],[9.298,44.7024],[9.2973,44.7023],[9.2965,44.7022],[9.2963,44.7022],[9.2954,44.702],[9.2944,44.7018],[9.2943,44.7017],[9.294,44.7017],[9.2936,44.7015],[9.2936,44.7015],[9.2933,44.7015],[9.2922,44.7011],[9.291,44.7009],[9.2909,44.7009],[9.2907,44.7009],[9.2899,44.7008],[9.2897,44.7012]],[[9.2992,44.6925],[9.2989,44.6927],[9.2986,44.693],[9.2987,44.6931],[9.2989,44.6937],[9.2994,44.694],[9.3,44.6942],[9.3006,44.6945],[9.301,44.6946],[9.3014,44.6948],[9.3017,44.6949],[9.3021,44.6951],[9.303,44.6957],[9.3032,44.6958],[9.3035,44.696],[9.3042,44.6966],[9.3044,44.6963],[9.3044,44.6961],[9.3047,44.6958],[9.3047,44.6956],[9.3047,44.6953],[9.3047,44.6952],[9.3046,44.6948],[9.3046,44.6943],[9.3041,44.6937],[9.3036,44.6934],[9.3036,44.6933],[9.303,44.693],[9.3023,44.6929],[9.3022,44.6929],[9.3015,44.6927],[9.3007,44.6925],[9.3002,44.6925],[9.2998,44.6924],[9.2992,44.6925]]]]},"properties":{"name":"Lombardia","iso":""}},{"type":"Feature","geometry":{"type":"Polygon","coordinates":[[[10.8402,45.8328],[10.8876,45.8116],[10.8725,45.788],[10.885,45.7747],[10.8438,45.7186],[10.9173,45.7043],[10.912,45.6883],[10.9375,45.6734],[10.9722,45.7018],[10.9683,45.6801],[10.9901,45.6909],[11.017,45.7195],[11.0165,45.7057],[11.0564,45.7185],[11.1226,45.6891],[11.179,45.7374],[11.1735,45.7867],[11.2044,45.7838],[11.1888,45.8136],[11.2393,45.856],[11.2348,45.8797],[11.2551,45.884],[11.2583,45.9207],[11.3038,45.9182],[11.3007,45.938],[11.3493,45.9095],[11.3583,45.9437],[11.3818,45.9425],[11.3737,45.9835],[11.4468,45.9809],[11.5002,46.0109],[11.5772,46.0065],[11.5876,45.969],[11.6744,45.9648],[11.69,45.9888],[11.6667,46.0378],[11.7064,46.046],[11.6865,46.066],[11.6853,46.0936],[11.8842,46.117],[11.9218,46.1493],[11.9286,46.1758],[11.9508,46.1701],[11.9626,46.1997],[11.9394,46.1988],[11.9096,46.2244],[11.9291,46.2488],[11.892,46.2526],[11.8849,46.2789],[11.838,46.2703],[11.8263,46.285],[11.8415,46.3065],[11.8319,46.3251],[11.7744,46.3582],[11.8206,46.3767],[11.8361,46.3656],[11.8503,46.4342],[11.8891,46.4427],[11.8772,46.4718],[11.8134,46.4779],[11.8155,46.5003],[11.9661,46.5447],[11.9984,46.5329],[12.0467,46.5847],[12.0445,46.6076],[12.0742,46.6426],[12.0683,46.6751],[12.1954,46.622],[12.1937,46.5946],[12.2612,46.6291],[12.2838,46.6179],[12.3392,46.6328],[12.3852,46.6228],[12.3798,46.6429],[12.4779,46.6799],[12.3837,46.7166],[12.3574,46.7747],[12.2838,46.7829],[12.2824,46.815],[12.3069,46.8409],[12.274,46.8844],[12.2422,46.8911],[12.2156,46.874],[12.1902,46.9062],[12.1441,46.914],[12.1682,46.9379],[12.1315,46.9629],[12.1382,46.982],[12.1211,47.0069],[12.1469,47.0242],[12.2045,47.0268],[12.2167,47.0585],[12.2398,47.0698],[12.1867,47.0918],[12.0971,47.0775],[12.0771,47.0588],[11.9323,47.0377],[11.7472,46.9689],[11.7115,46.9929],[11.6645,46.992],[11.6272,47.0126],[11.5407,46.9841],[11.4793,47.0109],[11.4051,46.9649],[11.3198,46.9924],[11.2069,46.9626],[11.1645,46.9656],[11.1652,46.9407],[11.115,46.931],[11.0959,46.9122],[11.1014,46.8896],[11.0714,46.8529],[11.0835,46.8222],[11.0398,46.8051],[11.0221,46.7652],[10.9223,46.7749],[10.8832,46.7631],[10.8407,46.7817],[10.8137,46.7755],[10.7864,46.7964],[10.7305,46.7879],[10.7634,46.8233],[10.6679,46.8759],[10.548,46.8377],[10.5553,46.8484],[10.4698,46.855],[10.4505,46.804],[10.4226,46.788],[10.442,46.7527],[10.4005,46.733],[10.4188,46.7186],[10.382,46.6854],[10.3914,46.6564],[10.4026,46.6365],[10.446,46.6411],[10.4923,46.6151],[10.4726,46.5436],[10.4532,46.532],[10.4579,46.5106],[10.6005,46.4687],[10.6218,46.448],[10.6175,46.4162],[10.6323,46.4018],[10.5159,46.3464],[10.5656,46.3263],[10.5796,46.2988],[10.5597,46.2831],[10.5857,46.2453],[10.5413,46.19],[10.5654,46.1668],[10.5467,46.145],[10.5495,46.1174],[10.4809,46.0563],[10.4846,46.0243],[10.4531,45.9907],[10.4534,45.9765],[10.4887,45.9718],[10.4847,45.9451],[10.5086,45.9236],[10.4901,45.8871],[10.5039,45.8753],[10.5024,45.8304],[10.5433,45.8184],[10.526,45.8057],[10.5502,45.7834],[10.6442,45.8029],[10.6536,45.8329],[10.6995,45.8417],[10.8402,45.8328]]]},"properties":{"name":"Trentino-Alto Adige","iso":""}},{"type":"Feature","geometry":{"type":"Polygon","coordinates":[[[11.4267,44.9501],[11.4294,44.929],[11.5378,44.9352],[11.6174,44.888],[11.7341,44.9271],[11.7456,44.9573],[11.8065,44.9772],[11.9642,44.9868],[12.098,44.9715],[12.1424,44.9279],[12.1691,44.9421],[12.2251,44.923],[12.2762,44.9433],[12.2947,44.9274],[12.2819,44.91],[12.2941,44.8604],[12.3405,44.8501],[12.3533,44.817],[12.3985,44.7913],[12.429,44.8309],[12.4665,44.8437],[12.5098,44.9307],[12.5541,44.9656],[12.4441,45.0132],[12.367,45.0769],[12.3276,45.0899],[12.3347,45.1638],[12.3115,45.1816],[12.2991,45.2188],[12.3143,45.2338],[12.2959,45.2445],[12.3188,45.32],[12.3435,45.334],[12.329,45.3375],[12.3307,45.3535],[12.3601,45.3961],[12.3996,45.4298],[12.4269,45.418],[12.4685,45.4452],[12.869,45.5857],[12.908,45.6143],[13.1015,45.6408],[13.0636,45.6564],[13.0292,45.7362],[13.0083,45.7249],[13.0157,45.7413],[12.9994,45.7596],[13.012,45.7625],[12.9723,45.7906],[12.9917,45.7978],[12.9779,45.8137],[12.9932,45.815],[12.9733,45.8203],[12.9843,45.8262],[12.9614,45.8469],[12.9488,45.8203],[12.8768,45.8248],[12.875,45.8503],[12.8612,45.8508],[12.8086,45.8202],[12.8043,45.8446],[12.7798,45.8544],[12.669,45.7909],[12.6076,45.8388],[12.5942,45.8153],[12.5593,45.8259],[12.5499,45.8605],[12.5296,45.8642],[12.5337,45.8849],[12.507,45.8978],[12.5234,45.9035],[12.5064,45.9224],[12.4223,45.956],[12.4282,45.9958],[12.399,46.0414],[12.4375,46.0848],[12.4844,46.1045],[12.4958,46.1526],[12.4469,46.18],[12.4465,46.2078],[12.4073,46.207],[12.4017,46.229],[12.3543,46.2311],[12.3209,46.2689],[12.3559,46.2937],[12.353,46.3188],[12.4108,46.3273],[12.4174,46.3549],[12.4629,46.3693],[12.455,46.3917],[12.4987,46.4122],[12.4925,46.4243],[12.5295,46.4489],[12.5308,46.4649],[12.5402,46.4563],[12.5685,46.4773],[12.6624,46.468],[12.63,46.5007],[12.6194,46.5414],[12.637,46.5726],[12.7086,46.602],[12.7062,46.6208],[12.732,46.6338],[12.7164,46.6484],[12.6204,46.6611],[12.5646,46.6511],[12.5158,46.6785],[12.4775,46.6799],[12.3798,46.6429],[12.3852,46.6228],[12.3392,46.6328],[12.2838,46.6179],[12.2612,46.6291],[12.1922,46.5946],[12.1954,46.622],[12.0683,46.6751],[12.0742,46.6426],[12.0445,46.6076],[12.0467,46.5847],[11.9991,46.5334],[11.9661,46.5447],[11.9455,46.5294],[11.8514,46.5178],[11.8104,46.4849],[11.8772,46.4718],[11.8891,46.4427],[11.8503,46.4342],[11.8361,46.3656],[11.8206,46.3767],[11.7744,46.3582],[11.8319,46.3251],[11.8415,46.3065],[11.8263,46.285],[11.838,46.2703],[11.8852,46.2788],[11.892,46.2526],[11.9291,46.2488],[11.9096,46.2244],[11.9394,46.1988],[11.9626,46.1997],[11.9508,46.1701],[11.9286,46.1758],[11.8934,46.1211],[11.6853,46.0936],[11.6865,46.066],[11.7064,46.046],[11.6667,46.0378],[11.69,45.9888],[11.6732,45.9644],[11.5876,45.969],[11.5772,46.0065],[11.5002,46.0109],[11.4468,45.9809],[11.3737,45.9835],[11.3818,45.9425],[11.3583,45.9437],[11.3493,45.9095],[11.3007,45.938],[11.3038,45.9182],[11.2583,45.9207],[11.2551,45.884],[11.2348,45.8797],[11.2393,45.856],[11.1888,45.8136],[11.2044,45.7838],[11.1735,45.7867],[11.179,45.7374],[11.1226,45.6891],[11.0564,45.7185],[11.0165,45.7057],[11.017,45.7195],[10.9901,45.6909],[10.9683,45.6801],[10.9722,45.7018],[10.9375,45.6734],[10.912,45.6883],[10.9173,45.7043],[10.8438,45.7186],[10.885,45.7747],[10.8725,45.788],[10.8876,45.8116],[10.8402,45.8328],[10.6279,45.6069],[10.6477,45.4485],[10.6233,45.4402],[10.6495,45.4408],[10.6439,45.4178],[10.6645,45.4281],[10.7158,45.4166],[10.718,45.3975],[10.6977,45.3801],[10.7146,45.3679],[10.6855,45.3537],[10.715,45.3341],[10.7064,45.3163],[10.7312,45.3152],[10.7283,45.2913],[10.7829,45.3154],[10.8466,45.2566],[10.9368,45.2329],[10.9341,45.2142],[10.9968,45.1874],[10.9945,45.1504],[11.0495,45.1507],[11.0287,45.123],[11.0739,45.0983],[11.0976,45.0952],[11.1018,45.1131],[11.1274,45.1032],[11.1464,45.1261],[11.2034,45.1117],[11.1775,45.0973],[11.1884,45.0841],[11.1742,45.059],[11.2404,45.043],[11.2659,45.0562],[11.2755,45.0173],[11.4161,44.9668],[11.4267,44.9501]]]},"properties":{"name":"Veneto","iso":""}},{"type":"Feature","geometry":{"type":"MultiPolygon","coordinates":[[[[13.7754,45.6107],[13.7753,45.6107],[13.7753,45.6107],[13.7752,45.6107],[13.7752,45.6107],[13.7752,45.6106],[13.7753,45.6106],[13.7753,45.6106],[13.7753,45.6106],[13.7754,45.6107],[13.7754,45.6107]]],[[[13.7754,45.6107],[13.7758,45.6108],[13.7759,45.6108],[13.7758,45.6108],[13.7754,45.6107],[13.7754,45.6107]]],[[[13.7765,45.611],[13.7765,45.611],[13.7765,45.611],[13.7765,45.611],[13.7765,45.611]]],[[[13.777,45.6112],[13.777,45.6111],[13.777,45.611],[13.7771,45.611],[13.7771,45.6111],[13.777,45.6112]]],[[[13.7774,45.6111],[13.7774,45.6112],[13.7773,45.6112],[13.7773,45.6112],[13.7773,45.6112],[13.7774,45.6111],[13.7774,45.6111]]],[[[13.777,45.6112],[13.777,45.6112],[13.777,45.6113],[13.7769,45.6113],[13.7769,45.6112],[13.777,45.6112]]],[[[13.778,45.6113],[13.778,45.6113],[13.7779,45.6113],[13.7779,45.6113],[13.7779,45.6113],[13.778,45.6113]]],[[[13.7773,45.6113],[13.7772,45.6114],[13.7772,45.6114],[13.7772,45.6113],[13.7773,45.6113],[13.7773,45.6113]]],[[[13.7783,45.6114],[13.7782,45.6114],[13.7782,45.6114],[13.7782,45.6114],[13.7783,45.6114]]],[[[13.7715,45.612],[13.7715,45.612],[13.7715,45.612],[13.7715,45.612],[13.7715,45.612]]],[[[13.7797,45.6119],[13.7797,45.6119],[13.7797,45.6118],[13.7797,45.6118],[13.7797,45.6119],[13.7797,45.6119]]],[[[13.7732,45.6123],[13.7731,45.6123],[13.7731,45.6123],[13.7732,45.6123]]],[[[13.7715,45.612],[13.772,45.6121],[13.7721,45.6121],[13.7727,45.6123],[13.7727,45.6123],[13.7727,45.6124],[13.7726,45.6123],[13.7721,45.6122],[13.772,45.6122],[13.772,45.6122],[13.7718,45.6121],[13.7715,45.612]]],[[[13.7804,45.6121],[13.7806,45.6118],[13.7806,45.6118],[13.7806,45.6118],[13.7806,45.6119],[13.7804,45.6121]]],[[[13.7733,45.6124],[13.7733,45.6124],[13.7733,45.6124],[13.7732,45.6124],[13.7732,45.6125],[13.7732,45.6124],[13.7732,45.6123],[13.7733,45.6124]]],[[[13.7735,45.6126],[13.7735,45.6125],[13.7735,45.6124],[13.7736,45.6125],[13.7735,45.6125],[13.7735,45.6125],[13.7735,45.6126]]],[[[13.7731,45.6126],[13.7732,45.6126],[13.7731,45.6126],[13.7731,45.6126],[13.7731,45.6126],[13.7732,45.6125],[13.7731,45.6126]]],[[[13.7742,45.6126],[13.7742,45.6126],[13.7741,45.6126],[13.7741,45.6126],[13.7742,45.6126]]],[[[13.7735,45.6126],[13.7734,45.6127],[13.7734,45.6127],[13.7734,45.6127],[13.7734,45.6126],[13.7734,45.6126],[13.7735,45.6126]]],[[[13.7745,45.6127],[13.7745,45.6127],[13.7744,45.6127],[13.7744,45.6127],[13.7744,45.6127],[13.7745,45.6127]]],[[[13.7803,45.6125],[13.7802,45.6125],[13.7802,45.6125],[13.7803,45.6125],[13.7803,45.6125]]],[[[13.7746,45.6127],[13.7746,45.6128],[13.7745,45.6127],[13.7746,45.6127],[13.7746,45.6127]]],[[[13.774,45.6128],[13.774,45.6128],[13.774,45.6129],[13.774,45.6129],[13.774,45.6128],[13.774,45.6128]]],[[[13.7743,45.6129],[13.7744,45.613],[13.7743,45.6129],[13.7742,45.6129],[13.7743,45.6129],[13.7743,45.6129]]],[[[13.7876,45.6127],[13.7876,45.6127],[13.7875,45.6127],[13.7876,45.6127],[13.7876,45.6127]]],[[[13.7768,45.6135],[13.7769,45.6132],[13.777,45.6132],[13.777,45.6132],[13.777,45.6132],[13.7769,45.6133],[13.7768,45.6135]]],[[[13.7832,45.6134],[13.7833,45.6135],[13.7835,45.6135],[13.7836,45.6136],[13.7833,45.6135],[13.7832,45.6135],[13.7831,45.6134],[13.7832,45.6134]]],[[[13.7767,45.6136],[13.7767,45.6137],[13.7766,45.6139],[13.7765,45.6139],[13.7765,45.6139],[13.7766,45.6137],[13.7767,45.6136]]],[[[13.7388,45.6172],[13.7373,45.6241],[13.7367,45.6263],[13.7366,45.6268],[13.7356,45.6313],[13.7356,45.6313],[13.7356,45.6315],[13.7354,45.6314],[13.7365,45.6268],[13.7366,45.6263],[13.7371,45.6241],[13.7387,45.6172],[13.7388,45.6172]]],[[[13.7379,45.6328],[13.7369,45.6372],[13.7368,45.6372],[13.7378,45.6328],[13.7379,45.6328]]],[[[13.7393,45.6386],[13.7382,45.643],[13.7381,45.643],[13.7392,45.6386],[13.7393,45.6386]]],[[[13.7611,45.6485],[13.7603,45.649],[13.761,45.6485],[13.7614,45.6482],[13.7611,45.6485]]],[[[13.7611,45.6485],[13.7614,45.6487],[13.7618,45.6484],[13.7614,45.6487],[13.761,45.6491],[13.7607,45.6493],[13.7609,45.6491],[13.7614,45.6487],[13.7611,45.6485]]],[[[13.7582,45.6631],[13.7571,45.6642],[13.7571,45.6642],[13.757,45.6642],[13.757,45.6641],[13.7569,45.6641],[13.757,45.6641],[13.757,45.664],[13.757,45.664],[13.757,45.664],[13.7571,45.6639],[13.7571,45.6639],[13.7571,45.6639],[13.7572,45.6638],[13.7572,45.6638],[13.7572,45.6638],[13.7573,45.6638],[13.7573,45.6637],[13.7573,45.6637],[13.7574,45.6637],[13.7574,45.6636],[13.7574,45.6636],[13.7574,45.6636],[13.7574,45.6636],[13.7575,45.6636],[13.7575,45.6635],[13.7575,45.6635],[13.7576,45.6634],[13.7576,45.6634],[13.7576,45.6634],[13.7577,45.6634],[13.7577,45.6633],[13.7577,45.6633],[13.7578,45.6633],[13.7578,45.6632],[13.7578,45.6632],[13.7579,45.6632],[13.7579,45.6631],[13.758,45.6631],[13.758,45.6631],[13.758,45.663],[13.758,45.663],[13.758,45.6629],[13.7581,45.6629],[13.7581,45.6629],[13.7581,45.6628],[13.7581,45.6628],[13.7581,45.6628],[13.7582,45.6628],[13.7582,45.6627],[13.7582,45.6627],[13.7582,45.6627],[13.7582,45.6626],[13.7583,45.6626],[13.7583,45.6625],[13.7583,45.6625],[13.7583,45.6625],[13.7583,45.6624],[13.7584,45.6624],[13.7584,45.6624],[13.7584,45.6623],[13.7584,45.6623],[13.7584,45.6623],[13.7585,45.6622],[13.7585,45.6622],[13.7585,45.6622],[13.7585,45.6621],[13.7585,45.6621],[13.7586,45.6621],[13.7586,45.662],[13.7586,45.662],[13.7586,45.6619],[13.7586,45.6619],[13.7587,45.6619],[13.7587,45.6618],[13.7587,45.6618],[13.7588,45.6617],[13.7588,45.6617],[13.7588,45.6617],[13.7588,45.6616],[13.7588,45.6616],[13.7588,45.6616],[13.7589,45.6616],[13.7589,45.6615],[13.7589,45.6615],[13.7589,45.6615],[13.7589,45.6615],[13.7589,45.6614],[13.759,45.6614],[13.759,45.6613],[13.759,45.6613],[13.759,45.6613],[13.759,45.6612],[13.7591,45.6612],[13.7591,45.6611],[13.7591,45.6611],[13.7591,45.6611],[13.7592,45.6611],[13.7592,45.661],[13.7592,45.661],[13.7592,45.661],[13.7592,45.6609],[13.7592,45.6609],[13.7592,45.6609],[13.7593,45.6608],[13.7593,45.6608],[13.7593,45.6608],[13.7593,45.6607],[13.7594,45.6607],[13.7594,45.6607],[13.7594,45.6606],[13.7594,45.6606],[13.7594,45.6606],[13.7595,45.6605],[13.7595,45.6605],[13.7595,45.6605],[13.7595,45.6605],[13.7595,45.6604],[13.7595,45.6604],[13.7595,45.6604],[13.7596,45.6603],[13.7596,45.6603],[13.7596,45.6603],[13.7596,45.6602],[13.7596,45.6602],[13.7596,45.6602],[13.7597,45.6601],[13.7597,45.6601],[13.7597,45.6601],[13.7597,45.66],[13.7598,45.66],[13.7598,45.6599],[13.7598,45.6599],[13.7598,45.6599],[13.7599,45.6598],[13.7599,45.6598],[13.7599,45.6597],[13.7599,45.6597],[13.76,45.6597],[13.76,45.6596],[13.76,45.6596],[13.76,45.6596],[13.76,45.6595],[13.7601,45.6595],[13.7601,45.6595],[13.7601,45.6594],[13.7601,45.6594],[13.7601,45.6593],[13.7602,45.6593],[13.7602,45.6593],[13.7602,45.6593],[13.7602,45.6592],[13.7602,45.6592],[13.7602,45.6592],[13.7603,45.6591],[13.7603,45.6591],[13.7603,45.6591],[13.7603,45.6591],[13.7603,45.659],[13.7604,45.659],[13.7604,45.6589],[13.7604,45.6589],[13.7604,45.6588],[13.7605,45.6588],[13.7605,45.6588],[13.7605,45.6587],[13.7605,45.6587],[13.7605,45.6587],[13.7605,45.6587],[13.7606,45.6586],[13.7606,45.6586],[13.7606,45.6586],[13.7606,45.6585],[13.7606,45.6585],[13.7607,45.6585],[13.7607,45.6584],[13.7607,45.6584],[13.7607,45.6583],[13.7607,45.6583],[13.7608,45.6583],[13.7608,45.6582],[13.7608,45.6582],[13.7608,45.6582],[13.7609,45.6581],[13.7609,45.6581],[13.7609,45.6581],[13.7609,45.658],[13.7609,45.658],[13.761,45.658],[13.761,45.6579],[13.761,45.6579],[13.761,45.6579],[13.761,45.6578],[13.761,45.6578],[13.761,45.6578],[13.7611,45.6577],[13.7611,45.6577],[13.7611,45.6577],[13.7611,45.6577],[13.7611,45.6576],[13.7612,45.6576],[13.7612,45.6575],[13.7612,45.6575],[13.7612,45.6575],[13.7612,45.6574],[13.7613,45.6574],[13.7613,45.6574],[13.7613,45.6573],[13.7613,45.6573],[13.7613,45.6573],[13.7614,45.6572],[13.7614,45.6572],[13.7614,45.6571],[13.7614,45.6571],[13.7614,45.6571],[13.7615,45.657],[13.7615,45.657],[13.7615,45.657],[13.7615,45.6569],[13.7615,45.6569],[13.7616,45.6569],[13.7616,45.6569],[13.7616,45.6568],[13.7616,45.6568],[13.7616,45.6568],[13.7616,45.6567],[13.7617,45.6567],[13.7617,45.6566],[13.7617,45.6566],[13.7617,45.6566],[13.7617,45.6565],[13.7617,45.6565],[13.7617,45.6565],[13.7618,45.6565],[13.7618,45.6564],[13.7618,45.6564],[13.7619,45.6563],[13.7619,45.6563],[13.7619,45.6563],[13.7619,45.6563],[13.762,45.6562],[13.762,45.6562],[13.762,45.6561],[13.762,45.6561],[13.7621,45.6561],[13.7621,45.656],[13.7621,45.656],[13.7621,45.6559],[13.7621,45.6559],[13.7621,45.6558],[13.7622,45.6558],[13.7622,45.6558],[13.7622,45.6557],[13.7622,45.6557],[13.7622,45.6557],[13.7622,45.6556],[13.7622,45.6556],[13.7622,45.6555],[13.7622,45.6555],[13.7622,45.6554],[13.7622,45.6554],[13.7622,45.6554],[13.7622,45.6553],[13.7622,45.6553],[13.7622,45.6553],[13.7622,45.6552],[13.7622,45.6552],[13.7622,45.6552],[13.7622,45.6551],[13.7623,45.6551],[13.7623,45.6551],[13.7624,45.6551],[13.7624,45.6551],[13.7625,45.6551],[13.7625,45.6552],[13.7625,45.6552],[13.7625,45.6553],[13.7625,45.6553],[13.7625,45.6554],[13.7625,45.6554],[13.7625,45.6555],[13.7625,45.6555],[13.7625,45.6555],[13.7625,45.6556],[13.7625,45.6556],[13.7624,45.6556],[13.7624,45.6557],[13.7624,45.6557],[13.7624,45.6557],[13.7624,45.6558],[13.7624,45.6558],[13.7624,45.6558],[13.7624,45.6559],[13.7624,45.6559],[13.7624,45.6559],[13.7624,45.656],[13.7623,45.656],[13.7623,45.656],[13.7623,45.6561],[13.7623,45.6561],[13.7623,45.6562],[13.7622,45.6562],[13.7622,45.6562],[13.7622,45.6563],[13.7622,45.6563],[13.7622,45.6563],[13.7621,45.6564],[13.7621,45.6564],[13.7621,45.6564],[13.7621,45.6564],[13.7621,45.6565],[13.7621,45.6565],[13.7621,45.6565],[13.762,45.6566],[13.762,45.6566],[13.762,45.6566],[13.762,45.6567],[13.7583,45.6629],[13.7583,45.663],[13.759,45.6632],[13.7589,45.6633],[13.7582,45.6631],[13.7582,45.6631]]],[[[13.7562,45.6727],[13.7562,45.6727],[13.7562,45.6727],[13.7562,45.6728],[13.7562,45.6728],[13.7562,45.6728],[13.7562,45.6729],[13.7562,45.6729],[13.7562,45.6729],[13.7562,45.6729],[13.7562,45.6729],[13.7561,45.6729],[13.7561,45.6729],[13.7561,45.6728],[13.7562,45.6728],[13.7562,45.6727],[13.7562,45.6727],[13.7562,45.6727],[13.7562,45.6726],[13.7562,45.6726],[13.7563,45.6726],[13.7562,45.6727]]],[[[13.723,45.7002],[13.7229,45.7002],[13.7229,45.7003],[13.7228,45.7003],[13.7227,45.7003],[13.7227,45.7003],[13.7227,45.7004],[13.7226,45.7004],[13.7225,45.7004],[13.7225,45.7005],[13.7224,45.7005],[13.7224,45.7005],[13.7223,45.7005],[13.7224,45.7005],[13.7224,45.7004],[13.7225,45.7004],[13.7225,45.7004],[13.7226,45.7003],[13.7227,45.7003],[13.7227,45.7003],[13.7228,45.7002],[13.7228,45.7002],[13.7229,45.7002],[13.7229,45.7002],[13.723,45.7002]]],[[[13.7201,45.701],[13.7201,45.701],[13.72,45.7009],[13.72,45.7009],[13.72,45.7009],[13.7201,45.7009],[13.7201,45.7009],[13.7201,45.7009],[13.7201,45.7009],[13.7201,45.701]]],[[[13.7113,45.7108],[13.7112,45.7108],[13.7111,45.7108],[13.7113,45.7108]]],[[[13.7064,45.714],[13.7064,45.714],[13.7064,45.714],[13.7064,45.714],[13.7064,45.714]]],[[[13.6963,45.7209],[13.6963,45.7209],[13.6963,45.7209],[13.6963,45.7209]]],[[[13.6722,45.7394],[13.6721,45.7394],[13.6721,45.7394],[13.6721,45.7394],[13.6722,45.7394],[13.6722,45.7394]]],[[[13.5362,45.7843],[13.5363,45.7843],[13.5362,45.7843],[13.5361,45.7843],[13.5362,45.7843],[13.5362,45.7843]]],[[[13.101,45.6435],[13.1488,45.6988],[13.2458,45.7195],[13.2543,45.705],[13.3439,45.6803],[13.4344,45.675],[13.4702,45.7035],[13.4611,45.7112],[13.4856,45.7044],[13.5532,45.7246],[13.5164,45.7443],[13.5263,45.7713],[13.5522,45.7778],[13.531,45.7856],[13.5481,45.7902],[13.5335,45.8047],[13.5595,45.7768],[13.6324,45.77],[13.7534,45.6806],[13.7694,45.6529],[13.7442,45.6391],[13.7757,45.6356],[13.7845,45.6141],[13.7737,45.6125],[13.8139,45.6147],[13.7854,45.5978],[13.7341,45.6105],[13.7229,45.5947],[13.8397,45.5825],[13.9181,45.6311],[13.8338,45.687],[13.8337,45.7072],[13.7963,45.7427],[13.6694,45.7996],[13.5954,45.8082],[13.5727,45.8476],[13.5903,45.8883],[13.6373,45.935],[13.6427,45.9832],[13.5899,45.9897],[13.541,45.9649],[13.4762,46.0063],[13.5076,46.0335],[13.4965,46.0586],[13.6439,46.1371],[13.6632,46.1801],[13.5669,46.1857],[13.5533,46.2086],[13.4844,46.2246],[13.4447,46.2257],[13.4463,46.2128],[13.4235,46.2063],[13.4091,46.2149],[13.4225,46.2344],[13.3755,46.2982],[13.4174,46.3053],[13.4479,46.3306],[13.439,46.3602],[13.5654,46.3982],[13.5975,46.4393],[13.6894,46.4399],[13.7139,46.5231],[13.5182,46.5473],[13.5041,46.5661],[13.4254,46.5579],[13.3728,46.5794],[13.3204,46.5513],[13.2398,46.552],[13.1684,46.5888],[13.0846,46.6017],[12.847,46.6058],[12.8306,46.6317],[12.7565,46.6472],[12.6236,46.5509],[12.63,46.5007],[12.6624,46.468],[12.5685,46.4773],[12.5402,46.4563],[12.5308,46.4649],[12.5295,46.4489],[12.4925,46.4243],[12.4987,46.4122],[12.455,46.3917],[12.4629,46.3693],[12.4174,46.3549],[12.4108,46.3273],[12.353,46.3188],[12.3559,46.2937],[12.3292,46.2834],[12.324,46.2549],[12.3723,46.224],[12.4017,46.229],[12.4063,46.2073],[12.4465,46.2078],[12.4469,46.18],[12.4977,46.1444],[12.4834,46.1034],[12.4375,46.0848],[12.399,46.0414],[12.4282,45.9958],[12.4257,45.9476],[12.5064,45.9224],[12.5234,45.9035],[12.507,45.8978],[12.5337,45.8849],[12.5299,45.8636],[12.559,45.8471],[12.5541,45.8294],[12.5933,45.8151],[12.6076,45.8388],[12.6697,45.7908],[12.73,45.8373],[12.7429,45.8266],[12.7798,45.8544],[12.8043,45.8446],[12.8086,45.8202],[12.8612,45.8508],[12.875,45.8503],[12.8768,45.8248],[12.9488,45.8203],[12.9614,45.8469],[12.9843,45.8262],[12.9733,45.8203],[12.9932,45.815],[12.9779,45.8137],[12.9917,45.7978],[12.9723,45.7906],[13.012,45.7625],[12.9994,45.7596],[13.0157,45.7413],[13.0083,45.7249],[13.0292,45.7362],[13.0636,45.6564],[13.101,45.6435]]]]},"properties":{"name":"Friuli Venezia Giulia","iso":""}},{"type":"Feature","geometry":{"type":"MultiPolygon","coordinates":[[[[9.8514,44.0238],[9.8515,44.024],[9.8515,44.0241],[9.8514,44.0242],[9.8515,44.0243],[9.8514,44.0245],[9.8514,44.0245],[9.8513,44.0246],[9.8512,44.0246],[9.8511,44.0246],[9.851,44.0245],[9.851,44.0244],[9.8511,44.0244],[9.8511,44.0243],[9.8509,44.0242],[9.8508,44.0241],[9.8507,44.024],[9.8507,44.0239],[9.8506,44.0238],[9.8505,44.0238],[9.8504,44.0238],[9.8504,44.0236],[9.8505,44.0235],[9.8506,44.0235],[9.8509,44.0234],[9.851,44.0234],[9.8512,44.0233],[9.8513,44.0234],[9.8514,44.0235],[9.8514,44.0236],[9.8514,44.0238]]],[[[8.2295,44.0254],[8.2286,44.0258],[8.2273,44.0264],[8.2268,44.0267],[8.2263,44.0268],[8.2256,44.027],[8.2251,44.0268],[8.2246,44.0266],[8.2241,44.0261],[8.2241,44.026],[8.2243,44.0256],[8.2246,44.0254],[8.2245,44.025],[8.2249,44.0244],[8.2249,44.0241],[8.2249,44.0235],[8.2251,44.0232],[8.2254,44.0231],[8.2259,44.023],[8.2261,44.0231],[8.2255,44.0235],[8.2255,44.0237],[8.2255,44.0242],[8.2258,44.0241],[8.2264,44.0243],[8.2267,44.0244],[8.2271,44.0245],[8.2273,44.0244],[8.2275,44.0245],[8.2276,44.0246],[8.2277,44.0246],[8.228,44.0248],[8.2283,44.0248],[8.2284,44.0248],[8.2283,44.0249],[8.2285,44.0251],[8.2287,44.0253],[8.2292,44.0252],[8.2295,44.0254]]],[[[9.8484,44.0289],[9.8484,44.0289],[9.8485,44.0289],[9.8485,44.0289],[9.8484,44.029],[9.8483,44.0291],[9.8481,44.0292],[9.848,44.0292],[9.8477,44.0292],[9.8475,44.0291],[9.8474,44.029],[9.8475,44.0289],[9.8477,44.0283],[9.8476,44.0281],[9.8477,44.028],[9.8477,44.0279],[9.8478,44.0276],[9.8478,44.0276],[9.8478,44.0273],[9.8479,44.0269],[9.848,44.0266],[9.8483,44.0265],[9.8484,44.0264],[9.8487,44.0261],[9.8491,44.0258],[9.8492,44.0258],[9.8495,44.0258],[9.8496,44.0258],[9.8499,44.0257],[9.8503,44.0258],[9.8504,44.0258],[9.8506,44.0257],[9.8508,44.0257],[9.8512,44.0258],[9.8512,44.0257],[9.8513,44.0256],[9.8515,44.0256],[9.8516,44.0255],[9.8518,44.0254],[9.8519,44.0254],[9.8522,44.0253],[9.8522,44.0252],[9.8523,44.0251],[9.8524,44.025],[9.8525,44.025],[9.8527,44.0251],[9.8528,44.0252],[9.8529,44.0254],[9.8531,44.0255],[9.8531,44.0257],[9.8533,44.0257],[9.8537,44.0257],[9.8537,44.0258],[9.8538,44.0261],[9.8539,44.0261],[9.8538,44.0266],[9.8538,44.0267],[9.8538,44.0269],[9.8539,44.027],[9.8541,44.0273],[9.8541,44.0273],[9.8538,44.0274],[9.8536,44.0276],[9.8534,44.0277],[9.8533,44.0276],[9.8533,44.0275],[9.8533,44.0275],[9.8531,44.0276],[9.8529,44.0276],[9.8528,44.0277],[9.8526,44.0277],[9.8523,44.0278],[9.8521,44.028],[9.8519,44.0282],[9.8518,44.0283],[9.8515,44.0283],[9.8512,44.0283],[9.8509,44.0284],[9.8508,44.0287],[9.8504,44.0287],[9.8501,44.0286],[9.8497,44.0286],[9.8493,44.0285],[9.8489,44.0286],[9.8486,44.0286],[9.8485,44.0286],[9.8484,44.0289]]],[[[9.8553,44.0509],[9.8331,44.047],[9.847,44.0334],[9.8553,44.0509]]],[[[9.7739,44.0776],[9.7738,44.0776],[9.7737,44.0776],[9.7736,44.0776],[9.7736,44.0775],[9.7735,44.0775],[9.7735,44.0774],[9.7736,44.0774],[9.7736,44.0773],[9.7737,44.0773],[9.7738,44.0773],[9.7739,44.0773],[9.7739,44.0774],[9.774,44.0774],[9.774,44.0775],[9.774,44.0776],[9.7739,44.0776],[9.7739,44.0776]]],[[[9.8259,44.1025],[9.8259,44.1025],[9.8257,44.1024],[9.8257,44.1024],[9.8259,44.1025]]],[[[9.8312,44.1062],[9.8311,44.1061],[9.8311,44.106],[9.8312,44.1062]]],[[[9.8538,44.1063],[9.8537,44.1063],[9.8537,44.1063],[9.8538,44.1063]]],[[[9.8487,44.1096],[9.8487,44.1096],[9.8486,44.1095],[9.8487,44.1095],[9.8487,44.1095],[9.8487,44.1095],[9.8487,44.1094],[9.8488,44.1096],[9.8487,44.1096]]],[[[9.8499,44.1096],[9.8498,44.1096],[9.8498,44.1095],[9.8499,44.1094],[9.8499,44.1096]]],[[[9.85,44.1098],[9.8499,44.1099],[9.8499,44.1099],[9.8499,44.1098],[9.8499,44.1098],[9.8499,44.1097],[9.8499,44.1097],[9.85,44.1098]]],[[[9.8485,44.11],[9.8484,44.1097],[9.8484,44.1095],[9.8485,44.1095],[9.8485,44.1095],[9.8485,44.1097],[9.8485,44.1097],[9.8485,44.11]]],[[[8.4449,44.2336],[8.4451,44.2337],[8.4453,44.2338],[8.4456,44.2338],[8.4458,44.2339],[8.4459,44.2341],[8.446,44.2344],[8.446,44.2345],[8.446,44.2346],[8.4457,44.2346],[8.4454,44.2347],[8.4452,44.2348],[8.4451,44.2348],[8.445,44.235],[8.4449,44.2351],[8.4447,44.2352],[8.4446,44.2352],[8.4444,44.2352],[8.4442,44.2352],[8.4441,44.2351],[8.4441,44.235],[8.4441,44.2349],[8.4441,44.2348],[8.4441,44.2346],[8.4441,44.2345],[8.4442,44.2343],[8.4442,44.2342],[8.444,44.2341],[8.4438,44.2339],[8.4438,44.2338],[8.4438,44.2338],[8.4439,44.2338],[8.4441,44.2337],[8.4444,44.2336],[8.4445,44.2335],[8.4449,44.2336]]],[[[8.4861,44.3083],[8.4857,44.3082],[8.4857,44.3081],[8.4861,44.3083]]],[[[8.8772,44.4041],[8.877,44.4041],[8.8769,44.4038],[8.8758,44.404],[8.8757,44.4039],[8.8761,44.4038],[8.8769,44.4037],[8.8766,44.4029],[8.8767,44.4029],[8.8768,44.4029],[8.877,44.4036],[8.8776,44.4035],[8.8777,44.4034],[8.8777,44.4034],[8.8778,44.4033],[8.8779,44.4033],[8.878,44.4033],[8.8781,44.4033],[8.8785,44.4032],[8.8788,44.4032],[8.879,44.4031],[8.8794,44.403],[8.8796,44.403],[8.8797,44.403],[8.8799,44.403],[8.8799,44.403],[8.88,44.4029],[8.8801,44.4029],[8.8802,44.4029],[8.8803,44.4029],[8.8804,44.4029],[8.8805,44.4029],[8.8806,44.4029],[8.8807,44.4028],[8.8809,44.4028],[8.881,44.4028],[8.8811,44.4027],[8.8811,44.4027],[8.8813,44.4027],[8.8814,44.4027],[8.8815,44.4027],[8.8817,44.4027],[8.8818,44.4026],[8.8819,44.4026],[8.882,44.4026],[8.8822,44.4026],[8.8823,44.4026],[8.8824,44.4025],[8.8825,44.4025],[8.8826,44.4025],[8.8827,44.4025],[8.8828,44.4024],[8.8829,44.4024],[8.8831,44.4024],[8.8832,44.4024],[8.8833,44.4023],[8.8834,44.4023],[8.8835,44.4023],[8.8836,44.4023],[8.8836,44.4023],[8.8837,44.4023],[8.8838,44.4023],[8.8839,44.4022],[8.884,44.4022],[8.8841,44.4022],[8.8842,44.4022],[8.8843,44.4021],[8.8844,44.4021],[8.8845,44.4021],[8.8846,44.4021],[8.8848,44.402],[8.8849,44.402],[8.885,44.402],[8.8851,44.402],[8.8852,44.4019],[8.8852,44.4019],[8.8853,44.4019],[8.8854,44.4019],[8.8855,44.4019],[8.8857,44.4019],[8.886,44.4019],[8.8861,44.4018],[8.8863,44.4018],[8.8864,44.4018],[8.8865,44.4018],[8.8867,44.4018],[8.8868,44.4017],[8.887,44.4017],[8.8871,44.4017],[8.8872,44.4016],[8.8873,44.4016],[8.8875,44.4016],[8.8876,44.4016],[8.8877,44.4015],[8.8878,44.4015],[8.8882,44.4014],[8.8883,44.4014],[8.8884,44.4014],[8.8886,44.4014],[8.8887,44.4014],[8.8888,44.4013],[8.8889,44.4013],[8.889,44.4013],[8.8891,44.4013],[8.8892,44.4013],[8.8894,44.4012],[8.8895,44.4012],[8.8896,44.4012],[8.8897,44.4012],[8.8898,44.4012],[8.8898,44.4011],[8.8899,44.4011],[8.89,44.4011],[8.8902,44.4011],[8.8903,44.4011],[8.8907,44.401],[8.891,44.4009],[8.8912,44.4009],[8.8913,44.4008],[8.8916,44.4008],[8.8917,44.4008],[8.892,44.4008],[8.8921,44.4007],[8.8922,44.4007],[8.8924,44.4007],[8.8925,44.4007],[8.8926,44.4006],[8.8928,44.4006],[8.8929,44.4006],[8.893,44.4006],[8.8931,44.4005],[8.8932,44.4005],[8.8934,44.4005],[8.8935,44.4005],[8.8935,44.4004],[8.8936,44.4004],[8.8938,44.4004],[8.8939,44.4004],[8.8939,44.4003],[8.894,44.4003],[8.8941,44.4003],[8.8942,44.4003],[8.8944,44.4003],[8.8945,44.4003],[8.8946,44.4002],[8.8947,44.4002],[8.895,44.4002],[8.895,44.4002],[8.8952,44.4001],[8.8953,44.4001],[8.8954,44.4001],[8.8957,44.4001],[8.8958,44.4001],[8.8959,44.4],[8.896,44.4],[8.8962,44.4],[8.8963,44.4],[8.8964,44.3999],[8.8965,44.3999],[8.8966,44.3999],[8.8968,44.3999],[8.8969,44.3998],[8.897,44.3998],[8.8971,44.3998],[8.8973,44.3998],[8.8974,44.3997],[8.8976,44.3997],[8.8978,44.3997],[8.8979,44.3996],[8.8981,44.3996],[8.8983,44.3996],[8.8987,44.3995],[8.8989,44.3994],[8.8992,44.3994],[8.8993,44.3994],[8.8995,44.3994],[8.8997,44.3994],[8.8998,44.3993],[8.8999,44.3993],[8.9,44.3993],[8.9001,44.3993],[8.9002,44.3992],[8.9003,44.3992],[8.9004,44.3992],[8.9004,44.3992],[8.9005,44.3992],[8.9007,44.3992],[8.9008,44.3992],[8.9009,44.3991],[8.901,44.3991],[8.9012,44.3991],[8.9012,44.3991],[8.9013,44.3991],[8.9013,44.3991],[8.9014,44.399],[8.9015,44.399],[8.9015,44.399],[8.9016,44.399],[8.9017,44.399],[8.9018,44.3989],[8.9019,44.3989],[8.9019,44.3989],[8.902,44.3989],[8.902,44.3989],[8.902,44.3989],[8.9021,44.3989],[8.9021,44.3989],[8.9022,44.3989],[8.9022,44.3989],[8.9024,44.3989],[8.9024,44.3989],[8.9026,44.3988],[8.9027,44.3988],[8.9027,44.3988],[8.9028,44.3988],[8.9028,44.3988],[8.9029,44.3988],[8.903,44.3988],[8.9031,44.3987],[8.9032,44.3987],[8.9033,44.3987],[8.9033,44.3987],[8.9034,44.3987],[8.9035,44.3987],[8.9036,44.3986],[8.9037,44.3986],[8.9037,44.3986],[8.9037,44.3986],[8.9038,44.3986],[8.9038,44.3986],[8.9039,44.3985],[8.904,44.3985],[8.904,44.3985],[8.904,44.3985],[8.9041,44.3985],[8.9042,44.3985],[8.9042,44.3985],[8.9043,44.3985],[8.9043,44.3985],[8.9044,44.3984],[8.9044,44.3984],[8.9045,44.3984],[8.9045,44.3984],[8.9046,44.3984],[8.9047,44.3984],[8.9048,44.3984],[8.9049,44.3984],[8.9051,44.3983],[8.9051,44.3983],[8.9053,44.3983],[8.9053,44.3983],[8.9054,44.3983],[8.9055,44.3982],[8.9056,44.3982],[8.9056,44.3982],[8.9058,44.3982],[8.9059,44.3982],[8.9061,44.3981],[8.9061,44.3981],[8.9063,44.3981],[8.9063,44.3981],[8.9065,44.3981],[8.9065,44.3981],[8.9066,44.398],[8.9066,44.398],[8.9067,44.398],[8.9068,44.398],[8.9069,44.398],[8.907,44.3979],[8.9071,44.3979],[8.9072,44.3979],[8.9073,44.3979],[8.9073,44.3979],[8.9074,44.3979],[8.9076,44.3979],[8.9076,44.3978],[8.9077,44.3978],[8.9078,44.3978],[8.9078,44.3978],[8.9079,44.3978],[8.9079,44.3978],[8.908,44.3978],[8.908,44.3979],[8.908,44.3978],[8.9081,44.3978],[8.9082,44.3978],[8.9083,44.3978],[8.9084,44.3978],[8.9084,44.3977],[8.9085,44.3977],[8.9086,44.3977],[8.9087,44.3977],[8.9088,44.3977],[8.9088,44.3977],[8.9089,44.3977],[8.909,44.3976],[8.9091,44.3976],[8.9092,44.3976],[8.9092,44.3976],[8.9093,44.3976],[8.9093,44.3976],[8.9094,44.3976],[8.9095,44.3975],[8.9098,44.3975],[8.9099,44.3975],[8.91,44.3975],[8.9102,44.3974],[8.9104,44.3974],[8.9106,44.3974],[8.9107,44.3973],[8.9109,44.3973],[8.9109,44.3973],[8.911,44.3973],[8.911,44.3973],[8.9111,44.3973],[8.9114,44.3972],[8.9117,44.3972],[8.9121,44.3971],[8.9125,44.3971],[8.9129,44.397],[8.9133,44.3969],[8.9137,44.3969],[8.914,44.3968],[8.9142,44.3968],[8.9146,44.3967],[8.9148,44.3967],[8.9151,44.3966],[8.9153,44.3966],[8.9155,44.3965],[8.9156,44.3965],[8.9157,44.3964],[8.9158,44.3964],[8.9159,44.3964],[8.916,44.3964],[8.9163,44.3963],[8.9164,44.3963],[8.9165,44.3963],[8.9165,44.3963],[8.9166,44.3963],[8.9167,44.3963],[8.9168,44.3963],[8.9169,44.3963],[8.9169,44.3962],[8.917,44.3962],[8.917,44.3962],[8.9171,44.3962],[8.9172,44.3961],[8.9172,44.3961],[8.9173,44.3961],[8.9174,44.396],[8.9174,44.396],[8.9176,44.396],[8.9178,44.3959],[8.9179,44.3959],[8.918,44.3958],[8.9181,44.3958],[8.9181,44.3958],[8.9183,44.3957],[8.9184,44.3957],[8.9185,44.3957],[8.9185,44.3957],[8.9186,44.3957],[8.9187,44.3956],[8.9188,44.3956],[8.9188,44.3956],[8.9189,44.3956],[8.919,44.3955],[8.9191,44.3955],[8.9191,44.3955],[8.9192,44.3954],[8.9194,44.3954],[8.9195,44.3954],[8.9197,44.3953],[8.9198,44.3953],[8.9199,44.3952],[8.92,44.3952],[8.9201,44.3951],[8.9202,44.3951],[8.9202,44.3951],[8.9203,44.3951],[8.9203,44.3951],[8.9204,44.395],[8.9205,44.395],[8.9206,44.395],[8.9207,44.395],[8.9208,44.3949],[8.9209,44.3948],[8.921,44.3948],[8.9211,44.3948],[8.9211,44.3948],[8.9212,44.3948],[8.9213,44.3947],[8.9214,44.3947],[8.9215,44.3947],[8.9216,44.3947],[8.9216,44.3946],[8.9217,44.3946],[8.9218,44.3946],[8.9219,44.3945],[8.922,44.3945],[8.9221,44.3945],[8.9222,44.3944],[8.9222,44.3944],[8.9223,44.3944],[8.9224,44.3944],[8.9225,44.3944],[8.9226,44.3943],[8.9226,44.3943],[8.9227,44.3943],[8.9228,44.3943],[8.9229,44.3942],[8.923,44.3942],[8.9231,44.3942],[8.9232,44.3941],[8.9232,44.3941],[8.9233,44.3941],[8.9234,44.394],[8.9235,44.394],[8.9236,44.394],[8.9237,44.3939],[8.9238,44.3939],[8.9238,44.3939],[8.9239,44.3939],[8.924,44.3938],[8.9241,44.3938],[8.9242,44.3938],[8.9243,44.3938],[8.9243,44.3937],[8.9244,44.3937],[8.9245,44.3937],[8.9245,44.3937],[8.9246,44.3936],[8.9247,44.3936],[8.9248,44.3936],[8.9248,44.3936],[8.9249,44.3935],[8.925,44.3935],[8.9251,44.3935],[8.9251,44.3934],[8.9252,44.3934],[8.9253,44.3933],[8.9254,44.3933],[8.9255,44.3933],[8.9256,44.3933],[8.9257,44.3932],[8.9257,44.3932],[8.9258,44.3932],[8.9258,44.3932],[8.9259,44.3932],[8.926,44.3932],[8.926,44.3932],[8.9261,44.3932],[8.9262,44.3933],[8.9263,44.3932],[8.9264,44.3932],[8.9265,44.3932],[8.9266,44.3931],[8.9267,44.3931],[8.9268,44.393],[8.9269,44.393],[8.927,44.393],[8.927,44.393],[8.9271,44.3929],[8.9272,44.3929],[8.9273,44.3928],[8.9274,44.3928],[8.9277,44.3927],[8.9278,44.3927],[8.928,44.3927],[8.928,44.3926],[8.9281,44.3926],[8.9281,44.3926],[8.9282,44.3926],[8.9283,44.3925],[8.9284,44.3925],[8.9285,44.3925],[8.9286,44.3924],[8.9287,44.3924],[8.9289,44.3923],[8.9289,44.3923],[8.929,44.3923],[8.9291,44.3922],[8.9292,44.3922],[8.9293,44.3922],[8.9293,44.3921],[8.9294,44.3921],[8.9296,44.3921],[8.9296,44.3921],[8.9297,44.3921],[8.9297,44.392],[8.9298,44.392],[8.93,44.392],[8.93,44.3919],[8.9301,44.3919],[8.9302,44.3919],[8.9303,44.3919],[8.9304,44.3918],[8.9304,44.3918],[8.9305,44.3918],[8.9306,44.3917],[8.9307,44.3917],[8.9304,44.3912],[8.94,44.3881],[8.9403,44.3886],[8.9401,44.3887],[8.9399,44.3883],[8.9307,44.3913],[8.9309,44.3916],[8.9308,44.3916],[8.9309,44.3917],[8.9308,44.3918],[8.931,44.3922],[8.9307,44.3923],[8.9306,44.3922],[8.9306,44.3922],[8.9305,44.3921],[8.9305,44.3921],[8.9262,44.3935],[8.9263,44.3937],[8.9263,44.3937],[8.9263,44.3937],[8.9263,44.3938],[8.9263,44.3938],[8.9263,44.3938],[8.9262,44.3938],[8.9261,44.3939],[8.9259,44.3936],[8.9208,44.3953],[8.9191,44.3959],[8.9183,44.3961],[8.9168,44.3967],[8.9167,44.3967],[8.9166,44.3968],[8.9166,44.3968],[8.9166,44.3974],[8.9166,44.3974],[8.9165,44.3974],[8.9162,44.3975],[8.9161,44.3974],[8.9161,44.3974],[8.9161,44.3973],[8.9161,44.3972],[8.9161,44.3972],[8.9161,44.3971],[8.9156,44.3967],[8.9155,44.3967],[8.913,44.3972],[8.9117,44.3974],[8.9115,44.3974],[8.9114,44.3975],[8.9054,44.3986],[8.9033,44.399],[8.9002,44.3995],[8.8992,44.3997],[8.8977,44.4],[8.8954,44.4004],[8.8937,44.4007],[8.892,44.401],[8.8907,44.4012],[8.8905,44.4013],[8.8883,44.4017],[8.8883,44.4018],[8.8882,44.4018],[8.8881,44.4017],[8.8854,44.4022],[8.884,44.4025],[8.8841,44.4026],[8.8841,44.4026],[8.8842,44.4027],[8.8841,44.4027],[8.8841,44.4026],[8.884,44.4025],[8.8823,44.4028],[8.8805,44.4031],[8.8779,44.4036],[8.878,44.4039],[8.8779,44.404],[8.8778,44.4036],[8.8771,44.4037],[8.8772,44.4041]]],[[[8.8173,44.4139],[8.8173,44.414],[8.8172,44.4139],[8.8171,44.4139],[8.8169,44.4135],[8.8194,44.413],[8.8229,44.4123],[8.8258,44.4117],[8.8273,44.4115],[8.8382,44.4093],[8.8421,44.4086],[8.8458,44.4078],[8.8482,44.4074],[8.8489,44.4072],[8.8552,44.406],[8.8552,44.406],[8.8567,44.4057],[8.859,44.4053],[8.861,44.4049],[8.8636,44.4043],[8.8685,44.4034],[8.8701,44.4031],[8.8702,44.4031],[8.8736,44.4019],[8.8805,44.3995],[8.8807,44.3999],[8.8804,44.4],[8.8804,44.3998],[8.8739,44.402],[8.8701,44.4033],[8.8698,44.4033],[8.8698,44.4033],[8.8637,44.4045],[8.8636,44.4045],[8.8568,44.4058],[8.8497,44.4072],[8.8433,44.4085],[8.8426,44.4086],[8.8366,44.4098],[8.8314,44.4108],[8.8266,44.4117],[8.8226,44.4125],[8.8171,44.4136],[8.8173,44.4139],[8.8173,44.4139],[8.8173,44.4139]]],[[[8.8313,44.421],[8.8313,44.421],[8.8312,44.4209],[8.8313,44.4209],[8.8313,44.4209],[8.8314,44.4209],[8.8314,44.421],[8.8313,44.421],[8.8313,44.421]]],[[[8.8293,44.4214],[8.8293,44.4214],[8.8293,44.4214],[8.8292,44.4218],[8.8292,44.4218],[8.8292,44.4218],[8.8291,44.4218],[8.8291,44.4218],[8.8291,44.4218],[8.8291,44.4217],[8.8292,44.4214],[8.8292,44.4214],[8.8292,44.4213],[8.8293,44.4213],[8.8293,44.4214]]],[[[8.8086,44.4216],[8.8087,44.4216],[8.8088,44.4216],[8.8088,44.4217],[8.8089,44.4217],[8.809,44.4217],[8.809,44.4217],[8.8091,44.4217],[8.8092,44.4217],[8.8094,44.4218],[8.8095,44.4218],[8.8096,44.4218],[8.8097,44.4218],[8.8098,44.4219],[8.8099,44.4219],[8.8102,44.4219],[8.8103,44.422],[8.8104,44.422],[8.8104,44.422],[8.8105,44.4221],[8.8105,44.4221],[8.8105,44.4222],[8.8104,44.4223],[8.8103,44.4223],[8.8102,44.4223],[8.8101,44.4223],[8.81,44.4223],[8.81,44.4222],[8.81,44.4222],[8.8099,44.4222],[8.8098,44.4221],[8.8095,44.4221],[8.8094,44.422],[8.809,44.422],[8.8088,44.4219],[8.8086,44.4219],[8.8084,44.4218],[8.8082,44.4218],[8.8081,44.4218],[8.8081,44.4217],[8.8081,44.4217],[8.8081,44.4217],[8.8079,44.4216],[8.8078,44.4216],[8.8077,44.4216],[8.8076,44.4216],[8.8075,44.4215],[8.8074,44.4215],[8.8073,44.4215],[8.8072,44.4215],[8.8071,44.4214],[8.8069,44.4214],[8.8067,44.4213],[8.8066,44.4213],[8.8066,44.4212],[8.8065,44.4212],[8.8064,44.4212],[8.8063,44.4211],[8.8062,44.4211],[8.8061,44.421],[8.806,44.421],[8.8059,44.421],[8.8059,44.4209],[8.8057,44.4208],[8.8057,44.4208],[8.8056,44.4207],[8.8055,44.4207],[8.8054,44.4206],[8.8052,44.4204],[8.805,44.4203],[8.8047,44.42],[8.8046,44.4199],[8.8045,44.4199],[8.8032,44.4189],[8.8031,44.4189],[8.8011,44.4172],[8.7986,44.4151],[8.7967,44.4135],[8.7958,44.4128],[8.7951,44.4122],[8.795,44.4122],[8.7912,44.4127],[8.7901,44.4129],[8.7884,44.4131],[8.7868,44.4134],[8.7844,44.4138],[8.782,44.4141],[8.7772,44.4148],[8.7737,44.4154],[8.7738,44.4155],[8.7736,44.4156],[8.7735,44.4154],[8.77,44.4159],[8.7701,44.4161],[8.7698,44.4162],[8.7697,44.4158],[8.7731,44.4153],[8.7772,44.4147],[8.7791,44.4144],[8.7893,44.4128],[8.7911,44.4126],[8.795,44.412],[8.7951,44.412],[8.7953,44.4121],[8.7962,44.4129],[8.8005,44.4165],[8.8024,44.4181],[8.803,44.4186],[8.8032,44.4187],[8.8032,44.4187],[8.8033,44.4186],[8.8034,44.4186],[8.8034,44.4186],[8.8035,44.4187],[8.8035,44.4187],[8.8036,44.4188],[8.8038,44.4189],[8.8039,44.4191],[8.804,44.4191],[8.8041,44.4192],[8.8042,44.4193],[8.8044,44.4194],[8.8044,44.4195],[8.8046,44.4196],[8.8047,44.4196],[8.8048,44.4197],[8.8049,44.4199],[8.805,44.42],[8.8051,44.4201],[8.8052,44.4202],[8.8054,44.4203],[8.8056,44.4205],[8.8056,44.4205],[8.8057,44.4206],[8.8058,44.4207],[8.8059,44.4207],[8.806,44.4208],[8.8061,44.4209],[8.8062,44.4209],[8.8063,44.421],[8.8064,44.421],[8.8067,44.4212],[8.8068,44.4212],[8.8069,44.4212],[8.8073,44.4213],[8.8074,44.4214],[8.8076,44.4214],[8.8078,44.4215],[8.8081,44.4215],[8.8083,44.4215],[8.8083,44.4216],[8.8084,44.4216],[8.8084,44.4216],[8.8085,44.4216],[8.8086,44.4216]]],[[[7.7143,44.0616],[7.7007,44.0407],[7.663,44.0288],[7.6703,43.9982],[7.6521,43.9735],[7.5691,43.9474],[7.5608,43.8979],[7.498,43.8715],[7.5296,43.7843],[7.5827,43.7925],[7.6729,43.7757],[7.7,43.7987],[7.7391,43.7956],[7.8049,43.8233],[7.8339,43.8166],[8.0733,43.8912],[8.1403,43.9466],[8.1737,43.9547],[8.1634,43.9932],[8.2261,44.044],[8.2299,44.0887],[8.2696,44.1398],[8.4249,44.1951],[8.4159,44.2214],[8.4563,44.2584],[8.4404,44.2703],[8.4511,44.288],[8.5043,44.3144],[8.4848,44.3086],[8.5023,44.326],[8.7451,44.4271],[8.8354,44.424],[8.8524,44.419],[8.8219,44.4149],[8.9164,44.3986],[8.9099,44.4101],[8.924,44.4142],[8.9341,44.3935],[9.1405,44.3612],[9.1551,44.3477],[9.1451,44.3223],[9.2175,44.2985],[9.2137,44.3336],[9.2342,44.3484],[9.3747,44.2918],[9.4035,44.2518],[9.4882,44.2391],[9.606,44.1716],[9.6338,44.134],[9.6675,44.143],[9.8322,44.048],[9.8512,44.0668],[9.8366,44.0652],[9.8109,44.1018],[9.833,44.089],[9.8247,44.1023],[9.8359,44.1102],[9.977,44.0355],[9.9941,44.0509],[10.0188,44.0445],[10.071,44.0937],[10.0226,44.1196],[9.9847,44.098],[9.9954,44.1179],[9.9752,44.1376],[9.974,44.1669],[9.893,44.1665],[9.934,44.1966],[9.9085,44.2098],[9.8649,44.1807],[9.8576,44.1935],[9.8754,44.2239],[9.857,44.234],[9.8527,44.2702],[9.7654,44.3043],[9.7063,44.3662],[9.6752,44.3645],[9.655,44.4119],[9.5574,44.4398],[9.479,44.4093],[9.4705,44.4248],[9.4387,44.4181],[9.4689,44.4819],[9.4968,44.4827],[9.5046,44.53],[9.4841,44.5624],[9.4231,44.5746],[9.4056,44.6008],[9.3811,44.5767],[9.3422,44.5778],[9.3004,44.6078],[9.2462,44.5993],[9.2565,44.611],[9.2448,44.6197],[9.2045,44.615],[9.2028,44.5945],[9.1377,44.5739],[9.1107,44.582],[9.1035,44.6096],[9.077,44.626],[9.0439,44.6144],[9.0147,44.6661],[8.9343,44.6764],[8.8826,44.6387],[8.91,44.612],[8.9175,44.5611],[8.8903,44.5506],[8.8686,44.5662],[8.8261,44.5619],[8.8288,44.5431],[8.7991,44.5301],[8.7883,44.488],[8.7669,44.492],[8.7676,44.525],[8.7501,44.5253],[8.757,44.5367],[8.721,44.5799],[8.6239,44.5864],[8.5978,44.5566],[8.6124,44.5433],[8.5738,44.5233],[8.576,44.5072],[8.4781,44.5106],[8.4707,44.5225],[8.4495,44.4974],[8.4186,44.5133],[8.3924,44.477],[8.3595,44.465],[8.3492,44.4856],[8.2719,44.5064],[8.2528,44.5287],[8.2258,44.5154],[8.2233,44.4856],[8.1966,44.4784],[8.2228,44.431],[8.2085,44.4053],[8.1484,44.3844],[8.1449,44.3458],[8.1064,44.3324],[8.102,44.3009],[8.076,44.314],[8.0584,44.3012],[8.0907,44.2748],[8.0631,44.2531],[8.0811,44.24],[8.0654,44.2168],[8.0955,44.1969],[8.0972,44.179],[8.0712,44.1469],[8.0094,44.1556],[7.9788,44.1366],[8.0114,44.1216],[8.0109,44.1041],[7.9705,44.1148],[7.9381,44.0997],[7.7627,44.1409],[7.7263,44.1262],[7.7152,44.1053],[7.7329,44.0836],[7.7594,44.0843],[7.7143,44.0616]]]]},"properties":{"name":"Liguria","iso":""}},{"type":"Feature","geometry":{"type":"MultiPolygon","coordinates":[[[[10.4807,44.1895],[10.4808,44.1895],[10.4809,44.1895],[10.4811,44.1896],[10.4814,44.1897],[10.4817,44.1898],[10.4818,44.19],[10.4819,44.1903],[10.4818,44.1904],[10.4816,44.1905],[10.4813,44.1904],[10.4812,44.1904],[10.4806,44.1902],[10.4806,44.1901],[10.4804,44.1899],[10.4803,44.1898],[10.4803,44.1897],[10.4804,44.1895],[10.4806,44.1895],[10.4807,44.1895]]],[[[9.2992,44.6925],[9.2998,44.6924],[9.3002,44.6925],[9.3007,44.6925],[9.3015,44.6927],[9.3022,44.6929],[9.3023,44.6929],[9.303,44.693],[9.3036,44.6933],[9.3036,44.6934],[9.3041,44.6937],[9.3046,44.6943],[9.3046,44.6948],[9.3047,44.6952],[9.3047,44.6953],[9.3047,44.6956],[9.3047,44.6958],[9.3044,44.6961],[9.3044,44.6963],[9.3042,44.6966],[9.3035,44.696],[9.3032,44.6958],[9.303,44.6957],[9.3021,44.6951],[9.3017,44.6949],[9.3014,44.6948],[9.301,44.6946],[9.3006,44.6945],[9.3,44.6942],[9.2994,44.694],[9.2989,44.6937],[9.2987,44.6931],[9.2986,44.693],[9.2989,44.6927],[9.2992,44.6925]]],[[[9.2897,44.7012],[9.2899,44.7008],[9.2907,44.7009],[9.2909,44.7009],[9.291,44.7009],[9.2922,44.7011],[9.2933,44.7015],[9.2936,44.7015],[9.2936,44.7015],[9.294,44.7017],[9.2943,44.7017],[9.2944,44.7018],[9.2954,44.702],[9.2963,44.7022],[9.2965,44.7022],[9.2973,44.7023],[9.298,44.7024],[9.299,44.7026],[9.2998,44.7028],[9.3001,44.7029],[9.3008,44.703],[9.3009,44.703],[9.3013,44.7031],[9.3015,44.7031],[9.3017,44.7031],[9.3021,44.7032],[9.3026,44.7033],[9.3026,44.7033],[9.3019,44.7036],[9.3006,44.7044],[9.2998,44.7045],[9.2997,44.7045],[9.2992,44.7045],[9.2989,44.7045],[9.2984,44.7045],[9.2984,44.7045],[9.2976,44.7044],[9.2976,44.7044],[9.2964,44.7046],[9.2963,44.7046],[9.2956,44.7048],[9.2955,44.7049],[9.2953,44.7049],[9.2943,44.7055],[9.2928,44.7059],[9.2927,44.7059],[9.2913,44.7056],[9.2909,44.7052],[9.2909,44.7047],[9.2909,44.7046],[9.2911,44.7042],[9.291,44.7037],[9.2906,44.7028],[9.2902,44.7021],[9.29,44.7018],[9.2897,44.7012]]],[[[9.203,44.6135],[9.2455,44.6196],[9.2565,44.611],[9.2456,44.5997],[9.2722,44.5959],[9.3004,44.6078],[9.343,44.5777],[9.3817,44.5768],[9.4056,44.6008],[9.4231,44.5746],[9.4908,44.5589],[9.5046,44.53],[9.4968,44.4827],[9.4689,44.4819],[9.4387,44.4181],[9.4705,44.4248],[9.479,44.4093],[9.5569,44.4398],[9.5836,44.4272],[9.6015,44.4368],[9.6553,44.4117],[9.6816,44.3625],[9.7605,44.39],[9.7565,44.4062],[9.8199,44.4664],[9.9707,44.4644],[10.0043,44.4373],[9.9893,44.4043],[10.0089,44.3893],[10.0983,44.3463],[10.1431,44.3541],[10.2532,44.2688],[10.3071,44.2843],[10.3752,44.2697],[10.4308,44.2266],[10.4855,44.2224],[10.5251,44.1562],[10.5931,44.1154],[10.6241,44.1204],[10.6209,44.1406],[10.644,44.1601],[10.7543,44.1541],[10.8487,44.0981],[10.8917,44.0927],[10.9101,44.0625],[11.0065,44.139],[11.0149,44.1252],[11.002,44.1109],[11.0494,44.0902],[11.1592,44.1124],[11.2443,44.097],[11.2637,44.1043],[11.2602,44.1158],[11.1957,44.1514],[11.2809,44.1537],[11.331,44.1997],[11.3799,44.1997],[11.4211,44.2392],[11.4516,44.2209],[11.4584,44.188],[11.5034,44.1623],[11.6154,44.1583],[11.5846,44.1122],[11.6139,44.1193],[11.6487,44.0991],[11.6788,44.1229],[11.7526,44.1214],[11.6455,43.9898],[11.6909,43.9569],[11.6842,43.9351],[11.7186,43.9223],[11.7102,43.8774],[11.7865,43.8466],[11.8189,43.8163],[11.9106,43.8137],[11.9534,43.7761],[12.053,43.757],[12.0705,43.7407],[12.1637,43.7624],[12.1952,43.7319],[12.2093,43.7571],[12.2838,43.7649],[12.2849,43.7948],[12.3872,43.8155],[12.4006,43.8728],[12.4457,43.8708],[12.4645,43.8916],[12.4084,43.9028],[12.4046,43.9557],[12.5092,43.9921],[12.5157,43.9415],[12.4924,43.9183],[12.4886,43.8833],[12.5417,43.864],[12.5895,43.8856],[12.5894,43.8653],[12.6194,43.8443],[12.6146,43.827],[12.6724,43.8235],[12.6821,43.8527],[12.734,43.8703],[12.7227,43.8799],[12.7348,43.896],[12.7274,43.9246],[12.7556,43.962],[12.6557,44.0082],[12.577,44.0819],[12.5285,44.0957],[12.3934,44.212],[12.3623,44.2599],[12.2892,44.4631],[12.2857,44.4864],[12.3143,44.495],[12.2888,44.4975],[12.3139,44.4978],[12.2821,44.5058],[12.2825,44.5956],[12.2408,44.7108],[12.2483,44.7628],[12.2861,44.8172],[12.2667,44.8037],[12.2762,44.8174],[12.2578,44.8152],[12.2875,44.8422],[12.3172,44.8429],[12.3877,44.7897],[12.3171,44.7906],[12.3981,44.7928],[12.3552,44.8151],[12.3405,44.8501],[12.2941,44.8604],[12.2819,44.91],[12.2947,44.9274],[12.2762,44.9433],[12.2251,44.923],[12.1691,44.9421],[12.1424,44.9279],[12.098,44.9715],[11.9642,44.9868],[11.8065,44.9772],[11.7456,44.9573],[11.7341,44.9271],[11.6174,44.888],[11.532,44.9368],[11.4294,44.929],[11.4263,44.9521],[11.3277,44.9622],[11.2844,44.9566],[11.2723,44.9383],[11.2469,44.9517],[11.1524,44.9332],[11.0735,44.963],[11.0595,44.9489],[10.9975,44.9551],[10.9414,44.9219],[10.8903,44.9124],[10.898,44.9218],[10.7437,44.9491],[10.7274,44.992],[10.6947,44.9619],[10.6867,44.9866],[10.6279,44.9242],[10.567,44.9084],[10.4378,44.942],[10.408,44.9838],[10.3553,44.9662],[10.2111,45.034],[10.1873,45.0282],[10.161,45.0444],[10.0929,45.0238],[10.0822,45.0476],[10.0502,45.0413],[10.0216,45.0759],[10.0285,45.0962],[9.9855,45.1334],[9.9185,45.0996],[9.9226,45.1359],[9.881,45.127],[9.8968,45.0805],[9.8384,45.0956],[9.8238,45.0526],[9.8133,45.0781],[9.7578,45.1125],[9.7448,45.1097],[9.7496,45.0778],[9.715,45.0582],[9.6345,45.0843],[9.6294,45.132],[9.5874,45.0996],[9.546,45.1325],[9.5358,45.1215],[9.5513,45.0921],[9.5378,45.0805],[9.4995,45.1039],[9.4108,45.0828],[9.3724,45.0509],[9.3756,45.0199],[9.3473,44.9978],[9.3218,44.9441],[9.2863,44.934],[9.2954,44.9216],[9.2774,44.8956],[9.3413,44.871],[9.3631,44.8224],[9.2847,44.7671],[9.3326,44.735],[9.3084,44.7051],[9.3246,44.69],[9.2595,44.6799],[9.2351,44.7164],[9.243,44.6861],[9.1992,44.6841],[9.203,44.6135]],[[12.1735,43.8089],[12.2298,43.8087],[12.2437,43.7852],[12.1861,43.7741],[12.1735,43.8089]]]]},"properties":{"name":"Emilia-Romagna","iso":""}},{"type":"Feature","geometry":{"type":"MultiPolygon","coordinates":[[[[11.1097,42.2636],[11.0905,42.2534],[11.1099,42.2377],[11.1097,42.2636]]],[[[10.3142,42.3505],[10.2939,42.3468],[10.2937,42.3173],[10.3306,42.3228],[10.3142,42.3505]]],[[[10.0642,42.358],[10.0643,42.358],[10.0644,42.3581],[10.0646,42.3581],[10.0646,42.3581],[10.0647,42.3582],[10.0647,42.3583],[10.0647,42.3583],[10.0647,42.3584],[10.0646,42.3584],[10.0646,42.3585],[10.0645,42.3585],[10.0645,42.3586],[10.0645,42.3586],[10.0645,42.3587],[10.0644,42.3587],[10.0644,42.3587],[10.0644,42.3588],[10.0641,42.3588],[10.0641,42.3587],[10.064,42.3587],[10.0638,42.3586],[10.0638,42.3586],[10.0638,42.3585],[10.0638,42.3585],[10.0639,42.3584],[10.0639,42.3584],[10.0639,42.3583],[10.064,42.3583],[10.064,42.3582],[10.064,42.3581],[10.064,42.3581],[10.064,42.358],[10.0641,42.358],[10.0642,42.358]]],[[[10.8826,42.3498],[10.8825,42.3499],[10.8824,42.3498],[10.8822,42.3498],[10.8822,42.3498],[10.8823,42.3496],[10.8824,42.3493],[10.8827,42.3492],[10.8827,42.3493],[10.8828,42.3495],[10.8827,42.3497],[10.8827,42.3498],[10.8826,42.3498]]],[[[10.9288,42.3561],[10.9288,42.3563],[10.929,42.3563],[10.9291,42.3564],[10.929,42.3564],[10.9288,42.3565],[10.9287,42.3565],[10.9287,42.3564],[10.9285,42.3563],[10.9285,42.3563],[10.9284,42.3561],[10.9285,42.3559],[10.9287,42.3557],[10.9291,42.3555],[10.9292,42.3555],[10.9293,42.3556],[10.9293,42.3556],[10.9295,42.3558],[10.9294,42.356],[10.9293,42.356],[10.9292,42.3561],[10.9291,42.356],[10.9288,42.3561]]],[[[11.1312,42.3781],[11.1312,42.3783],[11.1311,42.3784],[11.131,42.3784],[11.1309,42.3783],[11.1309,42.3782],[11.1308,42.3781],[11.1308,42.3781],[11.1307,42.3781],[11.1306,42.378],[11.1305,42.378],[11.1304,42.3781],[11.1303,42.3781],[11.1302,42.378],[11.1302,42.378],[11.1302,42.3779],[11.1302,42.3778],[11.1301,42.3778],[11.13,42.3778],[11.13,42.3778],[11.1299,42.3778],[11.1298,42.3777],[11.1297,42.3777],[11.1296,42.3777],[11.1295,42.3777],[11.1295,42.3776],[11.1296,42.3776],[11.1297,42.3775],[11.1298,42.3775],[11.1299,42.3774],[11.1299,42.3773],[11.13,42.3772],[11.13,42.3771],[11.1301,42.377],[11.1302,42.377],[11.1304,42.3768],[11.1304,42.3767],[11.1305,42.3767],[11.1306,42.3766],[11.1306,42.3767],[11.1306,42.3768],[11.1306,42.3768],[11.1306,42.3769],[11.1307,42.377],[11.1307,42.3772],[11.1307,42.3773],[11.1307,42.3774],[11.1308,42.3775],[11.1309,42.3776],[11.1311,42.3778],[11.1312,42.378],[11.1312,42.3781]]],[[[11.2099,42.3826],[11.2097,42.3826],[11.2096,42.3827],[11.2094,42.3827],[11.2093,42.3827],[11.2092,42.3827],[11.2092,42.3826],[11.2092,42.3825],[11.2092,42.3824],[11.2093,42.3823],[11.2093,42.3822],[11.2092,42.3821],[11.2092,42.382],[11.2091,42.382],[11.2091,42.3819],[11.2091,42.3818],[11.2091,42.3817],[11.2092,42.3816],[11.2092,42.3815],[11.2092,42.3814],[11.2092,42.3813],[11.2092,42.3812],[11.2094,42.381],[11.2094,42.381],[11.2095,42.3809],[11.2096,42.3809],[11.2097,42.3809],[11.2098,42.3809],[11.2098,42.3809],[11.2099,42.3808],[11.2099,42.3808],[11.2101,42.3806],[11.2104,42.3805],[11.2105,42.3805],[11.2105,42.3805],[11.2106,42.3806],[11.2107,42.3806],[11.2108,42.3806],[11.211,42.3805],[11.2111,42.3805],[11.2112,42.3804],[11.2113,42.3803],[11.2113,42.3802],[11.2114,42.3801],[11.2115,42.38],[11.2115,42.3799],[11.2117,42.3798],[11.2118,42.3798],[11.2118,42.3796],[11.2119,42.3795],[11.2119,42.3794],[11.2121,42.3793],[11.2122,42.3791],[11.2123,42.3791],[11.2124,42.379],[11.2126,42.3789],[11.2128,42.379],[11.2129,42.379],[11.213,42.379],[11.2132,42.379],[11.2133,42.379],[11.2135,42.379],[11.2136,42.3791],[11.2139,42.3793],[11.2139,42.3794],[11.2139,42.3796],[11.2139,42.3797],[11.2139,42.3798],[11.2138,42.3798],[11.2137,42.3798],[11.2137,42.3798],[11.2136,42.3798],[11.2135,42.3799],[11.2135,42.3799],[11.2134,42.3798],[11.2133,42.3798],[11.2131,42.3798],[11.213,42.3798],[11.2128,42.3797],[11.2128,42.3798],[11.2126,42.38],[11.2126,42.3801],[11.2125,42.3802],[11.2124,42.3803],[11.2123,42.3803],[11.2123,42.3804],[11.2123,42.3804],[11.2123,42.3805],[11.2122,42.3805],[11.2121,42.3806],[11.212,42.3807],[11.2119,42.3807],[11.2119,42.3809],[11.2119,42.3811],[11.2118,42.3812],[11.2117,42.3812],[11.2118,42.3813],[11.2117,42.3814],[11.2116,42.3814],[11.2116,42.3815],[11.2116,42.3816],[11.2116,42.3817],[11.2116,42.3817],[11.2117,42.3819],[11.2117,42.382],[11.2118,42.3821],[11.2118,42.3822],[11.2118,42.3823],[11.2117,42.3824],[11.2116,42.3825],[11.2115,42.3825],[11.2114,42.3826],[11.2112,42.3826],[11.2111,42.3826],[11.211,42.3825],[11.2109,42.3825],[11.2109,42.3826],[11.2107,42.3826],[11.2105,42.3826],[11.2103,42.3826],[11.2102,42.3826],[11.2099,42.3826]]],[[[10.8865,42.3895],[10.8658,42.3534],[10.9201,42.3168],[10.9276,42.3562],[10.8865,42.3895]]],[[[11.0824,42.4181],[11.0826,42.4184],[11.0829,42.4186],[11.0825,42.4188],[11.0821,42.4188],[11.0818,42.4187],[11.0816,42.4185],[11.0812,42.4185],[11.0808,42.4183],[11.0805,42.4181],[11.0804,42.4179],[11.0807,42.4178],[11.0812,42.4178],[11.0816,42.4178],[11.082,42.4177],[11.0824,42.4181]]],[[[11.1379,42.4346],[11.138,42.4348],[11.138,42.4348],[11.1379,42.4346]]],[[[10.9009,42.5564],[10.9008,42.5565],[10.9009,42.5565],[10.9009,42.5565],[10.9009,42.5566],[10.9009,42.5567],[10.9008,42.5568],[10.9008,42.5568],[10.9007,42.5568],[10.9007,42.5568],[10.9006,42.5567],[10.9005,42.5567],[10.9004,42.5566],[10.9003,42.5566],[10.9003,42.5565],[10.9003,42.5565],[10.9003,42.5565],[10.9003,42.5564],[10.9003,42.5564],[10.9002,42.5564],[10.9001,42.5563],[10.9,42.5563],[10.9,42.5562],[10.9001,42.5561],[10.9002,42.5561],[10.9004,42.5561],[10.9006,42.5561],[10.9006,42.5561],[10.9008,42.5561],[10.9009,42.5562],[10.9009,42.5562],[10.901,42.5563],[10.9009,42.5564]]],[[[10.8947,42.5649],[10.8946,42.565],[10.8946,42.565],[10.8945,42.565],[10.8945,42.565],[10.8945,42.565],[10.8945,42.5651],[10.8944,42.5651],[10.8944,42.5651],[10.8944,42.5652],[10.8944,42.5652],[10.8943,42.5652],[10.8942,42.5653],[10.8941,42.5653],[10.8941,42.5652],[10.8941,42.5651],[10.8941,42.5651],[10.8941,42.565],[10.8941,42.565],[10.8941,42.5649],[10.8941,42.5649],[10.8941,42.5648],[10.8941,42.5648],[10.8941,42.5647],[10.8941,42.5646],[10.8941,42.5646],[10.8941,42.5645],[10.894,42.5645],[10.8939,42.5644],[10.8939,42.5644],[10.8939,42.5643],[10.8939,42.5642],[10.894,42.5641],[10.8941,42.564],[10.8942,42.5639],[10.8942,42.5638],[10.8943,42.5638],[10.8943,42.5637],[10.8943,42.5636],[10.8942,42.5636],[10.8942,42.5636],[10.8942,42.5635],[10.8942,42.5635],[10.8944,42.5634],[10.8944,42.5634],[10.8944,42.5633],[10.8944,42.5633],[10.8944,42.5632],[10.8945,42.5632],[10.8945,42.5632],[10.8945,42.5631],[10.8945,42.5631],[10.8946,42.563],[10.8947,42.563],[10.8947,42.563],[10.8948,42.563],[10.8948,42.563],[10.8948,42.563],[10.8949,42.563],[10.8949,42.563],[10.895,42.5629],[10.895,42.5628],[10.8951,42.5628],[10.8951,42.5628],[10.8952,42.5628],[10.8953,42.5628],[10.8953,42.5629],[10.8953,42.5629],[10.8953,42.563],[10.8954,42.563],[10.8954,42.563],[10.8954,42.5631],[10.8954,42.5632],[10.8954,42.5633],[10.8954,42.5634],[10.8953,42.5634],[10.8952,42.5634],[10.8952,42.5635],[10.8952,42.5636],[10.8951,42.5636],[10.8952,42.5637],[10.8952,42.5637],[10.8952,42.5638],[10.8952,42.5639],[10.8951,42.5639],[10.8951,42.5639],[10.895,42.564],[10.895,42.5641],[10.8951,42.5641],[10.8952,42.5642],[10.8953,42.5642],[10.8954,42.5643],[10.8953,42.5644],[10.8953,42.5645],[10.8952,42.5645],[10.8953,42.5646],[10.8952,42.5646],[10.8952,42.5647],[10.8951,42.5646],[10.8951,42.5647],[10.8949,42.5649],[10.8948,42.5649],[10.8947,42.5648],[10.8947,42.5649]]],[[[10.1068,42.5846],[10.1067,42.5846],[10.1066,42.5845],[10.1065,42.5845],[10.1063,42.5845],[10.1062,42.5845],[10.106,42.5845],[10.1058,42.5844],[10.1056,42.5844],[10.1054,42.5843],[10.1054,42.5842],[10.1054,42.5841],[10.1054,42.584],[10.1053,42.5839],[10.1053,42.5838],[10.1054,42.5837],[10.1054,42.5836],[10.1055,42.5836],[10.1056,42.5835],[10.1056,42.5834],[10.1058,42.5834],[10.1058,42.5833],[10.106,42.5833],[10.1061,42.5833],[10.1062,42.5833],[10.1063,42.5832],[10.1065,42.5832],[10.1065,42.5831],[10.1068,42.5831],[10.107,42.5831],[10.1071,42.5831],[10.1071,42.5833],[10.1071,42.5834],[10.1071,42.5835],[10.107,42.5836],[10.107,42.5837],[10.1071,42.5838],[10.1071,42.5839],[10.1071,42.584],[10.1069,42.5841],[10.1069,42.5842],[10.1069,42.5844],[10.1068,42.5846]]],[[[10.8792,42.5789],[10.8792,42.5789],[10.8791,42.579],[10.879,42.5789],[10.8789,42.5789],[10.8787,42.5789],[10.8786,42.5788],[10.8785,42.5788],[10.8784,42.5788],[10.8783,42.5788],[10.8783,42.5788],[10.8783,42.5787],[10.8783,42.5787],[10.8784,42.5786],[10.8785,42.5785],[10.8785,42.5785],[10.8787,42.5785],[10.8788,42.5784],[10.8789,42.5783],[10.8788,42.5783],[10.8787,42.5783],[10.8786,42.5783],[10.8786,42.5783],[10.8785,42.5782],[10.8784,42.5782],[10.8784,42.5782],[10.8783,42.5781],[10.8783,42.5781],[10.8782,42.5781],[10.8782,42.5781],[10.8782,42.578],[10.8782,42.5779],[10.8782,42.5779],[10.8783,42.5778],[10.8783,42.5778],[10.8784,42.5777],[10.8785,42.5777],[10.8785,42.5777],[10.8785,42.5776],[10.8785,42.5776],[10.8785,42.5775],[10.8786,42.5774],[10.8786,42.5774],[10.8787,42.5773],[10.8787,42.5773],[10.8788,42.5773],[10.8788,42.5773],[10.8788,42.5772],[10.8788,42.5772],[10.8789,42.5771],[10.879,42.5771],[10.8791,42.5772],[10.8793,42.5771],[10.8793,42.5771],[10.8794,42.5771],[10.8794,42.5771],[10.8794,42.577],[10.8794,42.577],[10.8794,42.5769],[10.8795,42.5769],[10.8795,42.5769],[10.8797,42.5769],[10.8797,42.5768],[10.8798,42.5768],[10.8798,42.5767],[10.8799,42.5767],[10.88,42.5767],[10.8801,42.5767],[10.8801,42.5766],[10.8802,42.5765],[10.8802,42.5765],[10.8802,42.5765],[10.8803,42.5764],[10.8804,42.5764],[10.8805,42.5764],[10.8805,42.5765],[10.8804,42.5766],[10.8806,42.5766],[10.8807,42.5766],[10.8807,42.5766],[10.8808,42.5765],[10.8807,42.5765],[10.8807,42.5765],[10.8807,42.5764],[10.8807,42.5763],[10.8807,42.5762],[10.8807,42.5761],[10.8807,42.5761],[10.8808,42.576],[10.881,42.576],[10.8811,42.576],[10.8811,42.5759],[10.8812,42.5758],[10.8814,42.5758],[10.8815,42.5758],[10.8816,42.5758],[10.8817,42.5758],[10.8818,42.5758],[10.8818,42.5758],[10.8821,42.576],[10.8822,42.576],[10.8822,42.5761],[10.8823,42.5761],[10.8823,42.576],[10.8824,42.576],[10.8824,42.576],[10.8825,42.576],[10.8825,42.576],[10.8826,42.5759],[10.8827,42.5758],[10.8828,42.5758],[10.8828,42.5758],[10.8829,42.5758],[10.8829,42.5758],[10.883,42.5758],[10.8831,42.5758],[10.8832,42.5758],[10.8833,42.5758],[10.8834,42.5758],[10.8835,42.5758],[10.8836,42.5758],[10.8836,42.5758],[10.8838,42.5757],[10.8839,42.5756],[10.884,42.5755],[10.8841,42.5755],[10.8842,42.5755],[10.8842,42.5755],[10.8843,42.5755],[10.8843,42.5755],[10.8843,42.5756],[10.8843,42.5756],[10.8842,42.5757],[10.8842,42.5757],[10.8841,42.5758],[10.8841,42.5758],[10.884,42.5758],[10.8839,42.576],[10.8839,42.576],[10.8838,42.576],[10.8837,42.5761],[10.8837,42.5761],[10.8838,42.5761],[10.8839,42.5761],[10.884,42.5762],[10.884,42.5763],[10.884,42.5763],[10.884,42.5764],[10.884,42.5764],[10.884,42.5765],[10.8839,42.5765],[10.8838,42.5765],[10.8838,42.5765],[10.8837,42.5766],[10.8836,42.5765],[10.8835,42.5766],[10.8834,42.5766],[10.8833,42.5765],[10.8832,42.5765],[10.8831,42.5765],[10.8831,42.5766],[10.8831,42.5766],[10.883,42.5767],[10.883,42.5767],[10.8829,42.5767],[10.8829,42.5768],[10.8829,42.5768],[10.883,42.5769],[10.8831,42.5769],[10.8831,42.577],[10.883,42.577],[10.883,42.5771],[10.8831,42.5771],[10.8832,42.5771],[10.8832,42.5772],[10.8832,42.5772],[10.8832,42.5772],[10.8832,42.5773],[10.8832,42.5773],[10.8833,42.5773],[10.8833,42.5774],[10.8833,42.5775],[10.8833,42.5776],[10.8832,42.5777],[10.8832,42.5777],[10.8831,42.5777],[10.883,42.5777],[10.883,42.5778],[10.8829,42.5778],[10.8829,42.5779],[10.8828,42.5779],[10.8827,42.5779],[10.8826,42.5779],[10.8825,42.5779],[10.8825,42.5779],[10.8824,42.5779],[10.8824,42.578],[10.8823,42.578],[10.8823,42.578],[10.8823,42.5781],[10.8823,42.5781],[10.8823,42.5781],[10.8823,42.5781],[10.8823,42.5782],[10.8823,42.5782],[10.8822,42.5783],[10.8821,42.5783],[10.882,42.5783],[10.8818,42.5784],[10.8817,42.5784],[10.8817,42.5784],[10.8816,42.5785],[10.8815,42.5785],[10.8815,42.5786],[10.8814,42.5785],[10.8812,42.5785],[10.8812,42.5785],[10.8811,42.5786],[10.881,42.5785],[10.8809,42.5785],[10.8809,42.5785],[10.8809,42.5785],[10.8808,42.5785],[10.8807,42.5786],[10.8807,42.5786],[10.8807,42.5787],[10.8807,42.5788],[10.8808,42.5788],[10.8807,42.5788],[10.8807,42.5788],[10.8805,42.5788],[10.8804,42.5788],[10.8803,42.5788],[10.8801,42.5788],[10.88,42.5788],[10.8799,42.5788],[10.8799,42.5789],[10.8798,42.5789],[10.8798,42.5789],[10.8797,42.5789],[10.8797,42.5789],[10.8796,42.5789],[10.8795,42.5789],[10.8795,42.5789],[10.8794,42.5789],[10.8793,42.5789],[10.8792,42.5789]]],[[[10.0797,42.6194],[10.0787,42.5968],[10.046,42.5858],[10.0498,42.575],[10.1035,42.576],[10.0797,42.6194]]],[[[10.0803,42.622],[10.0802,42.622],[10.0801,42.622],[10.0801,42.6221],[10.0802,42.6221],[10.0802,42.6222],[10.0802,42.6223],[10.0802,42.6224],[10.0801,42.6224],[10.08,42.6224],[10.0799,42.6224],[10.0798,42.6224],[10.0798,42.6223],[10.0798,42.6223],[10.0797,42.6222],[10.0797,42.622],[10.0797,42.6219],[10.0796,42.6219],[10.0795,42.6219],[10.0794,42.6219],[10.0794,42.6218],[10.0794,42.6218],[10.0795,42.6217],[10.0796,42.6218],[10.0797,42.6217],[10.0797,42.6217],[10.0799,42.6217],[10.08,42.6217],[10.0801,42.6217],[10.0802,42.6218],[10.0803,42.6218],[10.0803,42.622]]],[[[10.4133,42.7097],[10.4133,42.7098],[10.4133,42.7099],[10.4133,42.71],[10.4129,42.71],[10.4128,42.7097],[10.4133,42.7097],[10.4133,42.7097]]],[[[10.3611,42.7131],[10.3612,42.7132],[10.3613,42.7132],[10.3613,42.7133],[10.3614,42.7133],[10.3614,42.7134],[10.3613,42.7134],[10.3612,42.7133],[10.361,42.7133],[10.361,42.7133],[10.361,42.7132],[10.3609,42.7131],[10.361,42.7131],[10.3611,42.7131]]],[[[10.3611,42.7136],[10.3612,42.7136],[10.3613,42.7137],[10.3613,42.7137],[10.3614,42.7139],[10.3613,42.7139],[10.3612,42.7139],[10.3611,42.7139],[10.361,42.7139],[10.361,42.7138],[10.3609,42.7137],[10.3607,42.7137],[10.3607,42.7136],[10.3607,42.7136],[10.3609,42.7136],[10.3609,42.7135],[10.361,42.7134],[10.3611,42.7134],[10.3611,42.7135],[10.3611,42.7136]]],[[[10.4062,42.7133],[10.4063,42.7133],[10.4064,42.7133],[10.4064,42.7134],[10.4065,42.7135],[10.4065,42.7136],[10.4061,42.7135],[10.4061,42.7134],[10.4061,42.7133],[10.406,42.7133],[10.4062,42.7133]]],[[[10.3733,42.7161],[10.3734,42.7161],[10.3734,42.7162],[10.3734,42.7162],[10.3734,42.7163],[10.3734,42.7164],[10.3733,42.7164],[10.3732,42.7164],[10.3733,42.7163],[10.3733,42.7162],[10.3732,42.7161],[10.3732,42.7161],[10.3733,42.7161]]],[[[10.3733,42.7179],[10.3732,42.7179],[10.3732,42.718],[10.373,42.718],[10.3729,42.7179],[10.3727,42.7179],[10.3726,42.7178],[10.3725,42.7178],[10.3724,42.7177],[10.3723,42.7176],[10.372,42.7176],[10.372,42.7175],[10.372,42.7174],[10.372,42.7173],[10.372,42.7173],[10.3721,42.7172],[10.3721,42.7172],[10.3721,42.7172],[10.3721,42.7171],[10.3721,42.7169],[10.3722,42.7168],[10.3722,42.7168],[10.3722,42.7167],[10.3722,42.7167],[10.3722,42.7166],[10.3723,42.7166],[10.3723,42.7165],[10.3723,42.7165],[10.3722,42.7165],[10.3722,42.7165],[10.3721,42.7164],[10.3722,42.7163],[10.3723,42.7163],[10.3724,42.7164],[10.3724,42.7164],[10.3724,42.7164],[10.3725,42.7165],[10.3725,42.7165],[10.3726,42.7166],[10.3726,42.7166],[10.3726,42.7166],[10.3727,42.7167],[10.3728,42.7166],[10.3727,42.7165],[10.3728,42.7165],[10.3728,42.7165],[10.3728,42.7164],[10.3729,42.7164],[10.373,42.7164],[10.373,42.7164],[10.3731,42.7165],[10.3731,42.7165],[10.3732,42.7165],[10.3733,42.7165],[10.3734,42.7165],[10.3735,42.7165],[10.3735,42.7166],[10.3735,42.7167],[10.3735,42.7169],[10.3736,42.717],[10.3736,42.7171],[10.3737,42.7173],[10.3737,42.7173],[10.3737,42.7174],[10.3738,42.7174],[10.3738,42.7175],[10.3737,42.7175],[10.3737,42.7176],[10.3736,42.7176],[10.3736,42.7177],[10.3736,42.7177],[10.3735,42.7178],[10.3735,42.7179],[10.3734,42.7179],[10.3733,42.7179]]],[[[10.3742,42.7191],[10.374,42.7191],[10.3739,42.719],[10.3738,42.7191],[10.3734,42.7191],[10.3734,42.7191],[10.373,42.7189],[10.3733,42.7189],[10.3733,42.7189],[10.3732,42.7188],[10.3733,42.7187],[10.3733,42.7187],[10.3734,42.7186],[10.3734,42.7185],[10.3734,42.7184],[10.3735,42.7183],[10.3736,42.7182],[10.3737,42.7182],[10.3738,42.7182],[10.3742,42.718],[10.3743,42.718],[10.3743,42.718],[10.3744,42.718],[10.3746,42.7179],[10.3746,42.7179],[10.3747,42.7179],[10.3748,42.7178],[10.3749,42.7177],[10.3753,42.7178],[10.3753,42.7182],[10.375,42.7185],[10.375,42.7186],[10.3749,42.7186],[10.3749,42.7187],[10.3748,42.7188],[10.3747,42.7188],[10.3746,42.7188],[10.3745,42.719],[10.3742,42.7191]]],[[[10.3195,42.7346],[10.3195,42.7347],[10.3195,42.7348],[10.3195,42.735],[10.3193,42.7349],[10.3192,42.7348],[10.3191,42.7347],[10.3192,42.7346],[10.3191,42.7345],[10.3191,42.7343],[10.319,42.7342],[10.3191,42.7341],[10.3192,42.7342],[10.3193,42.7342],[10.3193,42.7344],[10.3194,42.7344],[10.3195,42.7343],[10.3195,42.7342],[10.3199,42.7341],[10.3199,42.7341],[10.32,42.7341],[10.32,42.7342],[10.32,42.7342],[10.3201,42.7343],[10.3199,42.7344],[10.3199,42.7344],[10.32,42.7345],[10.3199,42.7346],[10.3197,42.7346],[10.3195,42.7346]]],[[[10.7124,42.7981],[10.7123,42.7981],[10.7122,42.7982],[10.7122,42.7982],[10.712,42.7984],[10.7119,42.7985],[10.7119,42.7986],[10.7117,42.7987],[10.7117,42.7987],[10.7116,42.7986],[10.7116,42.7985],[10.7116,42.7984],[10.7116,42.7983],[10.7116,42.7983],[10.7116,42.7982],[10.7116,42.7981],[10.7117,42.7978],[10.7117,42.7976],[10.7117,42.7975],[10.7118,42.7974],[10.7118,42.7973],[10.712,42.7973],[10.712,42.7972],[10.7121,42.7971],[10.7122,42.7971],[10.7123,42.797],[10.7124,42.7968],[10.7124,42.7968],[10.7125,42.7967],[10.7125,42.7968],[10.7126,42.7969],[10.7126,42.797],[10.7128,42.7971],[10.7128,42.7972],[10.7128,42.7973],[10.7129,42.7974],[10.713,42.7975],[10.7131,42.7975],[10.7133,42.7975],[10.7136,42.7975],[10.7138,42.7975],[10.7139,42.7976],[10.714,42.7976],[10.714,42.7978],[10.7138,42.7978],[10.7135,42.7979],[10.7132,42.798],[10.713,42.7981],[10.7128,42.7981],[10.7126,42.798],[10.7125,42.798],[10.7124,42.7981]]],[[[10.3305,42.8281],[10.3305,42.8281],[10.3307,42.8281],[10.3308,42.8282],[10.331,42.8282],[10.331,42.8283],[10.3313,42.8284],[10.3313,42.8285],[10.3313,42.8285],[10.3312,42.8286],[10.3312,42.8287],[10.3312,42.8287],[10.3312,42.8288],[10.3311,42.829],[10.331,42.8289],[10.331,42.8289],[10.3308,42.8288],[10.3308,42.8288],[10.3305,42.8286],[10.3303,42.8281],[10.3305,42.8281]]],[[[10.5496,42.8606],[10.5491,42.8606],[10.549,42.8605],[10.5489,42.8605],[10.5488,42.8604],[10.5483,42.8606],[10.548,42.8604],[10.548,42.8604],[10.548,42.8604],[10.5479,42.8603],[10.5478,42.8602],[10.5477,42.8598],[10.5477,42.8598],[10.5477,42.8597],[10.5478,42.8596],[10.5478,42.8596],[10.5477,42.8595],[10.5477,42.8595],[10.5476,42.8595],[10.5475,42.8594],[10.5475,42.8594],[10.5472,42.8591],[10.5472,42.8591],[10.5471,42.8591],[10.5471,42.859],[10.5471,42.859],[10.547,42.859],[10.5469,42.859],[10.5469,42.8589],[10.547,42.8589],[10.5469,42.8588],[10.5468,42.8587],[10.5464,42.8584],[10.5458,42.8579],[10.5459,42.8575],[10.546,42.8574],[10.5461,42.8574],[10.5462,42.8574],[10.5463,42.8573],[10.5463,42.8572],[10.5462,42.8571],[10.5462,42.857],[10.5461,42.8569],[10.5461,42.8567],[10.5463,42.8565],[10.5464,42.8564],[10.5464,42.8564],[10.5464,42.8562],[10.5465,42.8562],[10.5466,42.8561],[10.5466,42.856],[10.5466,42.856],[10.5471,42.8559],[10.5471,42.856],[10.5472,42.8561],[10.5473,42.8562],[10.5474,42.8563],[10.5475,42.8563],[10.5476,42.8562],[10.5478,42.8562],[10.5479,42.8563],[10.5481,42.8563],[10.5482,42.8563],[10.5483,42.8567],[10.5482,42.857],[10.5481,42.8571],[10.548,42.8572],[10.548,42.8574],[10.5481,42.8575],[10.5481,42.8576],[10.5482,42.8577],[10.5483,42.8576],[10.5484,42.8575],[10.5485,42.8575],[10.5489,42.8577],[10.549,42.858],[10.549,42.8582],[10.549,42.8583],[10.549,42.8585],[10.5491,42.8587],[10.5492,42.8589],[10.5492,42.859],[10.5496,42.8592],[10.5495,42.8593],[10.5496,42.8594],[10.5498,42.8597],[10.5497,42.8599],[10.5497,42.86],[10.5498,42.8601],[10.5498,42.8603],[10.5496,42.8606]]],[[[10.4766,42.8667],[10.4763,42.8667],[10.4762,42.8667],[10.4761,42.8668],[10.476,42.8671],[10.4758,42.8673],[10.4755,42.8671],[10.4756,42.867],[10.4756,42.8668],[10.4755,42.8667],[10.4754,42.8666],[10.4751,42.8666],[10.4749,42.8665],[10.4748,42.8665],[10.4747,42.8665],[10.4747,42.8665],[10.4744,42.8665],[10.4742,42.8664],[10.4741,42.8664],[10.474,42.8664],[10.4738,42.8663],[10.4735,42.8664],[10.4731,42.8663],[10.4729,42.8663],[10.4727,42.8662],[10.4725,42.8662],[10.4724,42.8663],[10.4723,42.8664],[10.4718,42.8663],[10.472,42.866],[10.4721,42.866],[10.4723,42.8659],[10.4724,42.8658],[10.4725,42.8658],[10.4726,42.8657],[10.4728,42.8656],[10.4729,42.8654],[10.4729,42.8654],[10.4729,42.8653],[10.473,42.8652],[10.473,42.865],[10.473,42.8649],[10.4731,42.8648],[10.4732,42.8646],[10.4733,42.8645],[10.4732,42.8643],[10.4733,42.8642],[10.4733,42.864],[10.4733,42.864],[10.4732,42.8637],[10.4735,42.8637],[10.4735,42.8638],[10.4736,42.8638],[10.474,42.8637],[10.4744,42.8637],[10.4745,42.864],[10.4745,42.8641],[10.4744,42.8642],[10.4745,42.8644],[10.4745,42.8645],[10.4746,42.8644],[10.4748,42.8645],[10.4749,42.8646],[10.475,42.8647],[10.4751,42.8647],[10.4752,42.8646],[10.4757,42.8648],[10.4757,42.8649],[10.4758,42.8651],[10.476,42.8651],[10.4762,42.8653],[10.4764,42.8656],[10.4765,42.8658],[10.4765,42.866],[10.4766,42.8662],[10.4766,42.8663],[10.4766,42.8667]]],[[[10.4755,42.8679],[10.4755,42.868],[10.4756,42.8681],[10.4756,42.8682],[10.4756,42.8683],[10.4756,42.8684],[10.475,42.8685],[10.475,42.8685],[10.4749,42.8684],[10.4749,42.8683],[10.4748,42.8682],[10.4748,42.8681],[10.4749,42.8681],[10.475,42.868],[10.475,42.8679],[10.4755,42.8678],[10.4755,42.8679]]],[[[10.4241,42.8707],[10.4242,42.8708],[10.4241,42.8711],[10.4241,42.8711],[10.4239,42.8713],[10.4238,42.8714],[10.4234,42.8715],[10.4232,42.8714],[10.423,42.8713],[10.4226,42.8711],[10.4225,42.8709],[10.4226,42.8708],[10.4227,42.8707],[10.4229,42.8705],[10.4231,42.8705],[10.4233,42.8706],[10.4237,42.8705],[10.4237,42.8705],[10.4237,42.8706],[10.4238,42.8706],[10.4238,42.8706],[10.4239,42.8705],[10.424,42.8705],[10.4241,42.8707]]],[[[10.4145,42.8716],[10.3577,42.7994],[10.2631,42.8301],[10.2695,42.8036],[10.2441,42.788],[10.1858,42.8124],[10.1397,42.8093],[10.1065,42.7913],[10.1025,42.7667],[10.1587,42.7256],[10.185,42.7373],[10.2368,42.726],[10.2432,42.7503],[10.287,42.7356],[10.3015,42.7597],[10.3195,42.736],[10.3182,42.76],[10.3444,42.764],[10.3763,42.7191],[10.4232,42.7078],[10.4338,42.7347],[10.3857,42.7593],[10.4351,42.7783],[10.4285,42.8162],[10.4443,42.8474],[10.4145,42.8716]]],[[[10.5414,42.9353],[10.5414,42.9349],[10.5415,42.9349],[10.5426,42.935],[10.5415,42.9349],[10.5415,42.9349],[10.5414,42.9353]]],[[[9.7976,43.0315],[9.7977,43.0316],[9.7979,43.0316],[9.7979,43.0317],[9.7979,43.0317],[9.7979,43.0318],[9.7978,43.0318],[9.7977,43.0319],[9.7975,43.032],[9.7974,43.0321],[9.7972,43.0321],[9.797,43.0321],[9.7968,43.0322],[9.7967,43.0323],[9.7965,43.0324],[9.7964,43.0324],[9.7962,43.0323],[9.7961,43.0323],[9.796,43.0322],[9.796,43.032],[9.7959,43.032],[9.7959,43.0318],[9.7959,43.0317],[9.796,43.0316],[9.7961,43.0315],[9.7963,43.0315],[9.7964,43.0315],[9.7964,43.0315],[9.7965,43.0315],[9.7966,43.0315],[9.7967,43.0315],[9.7968,43.0315],[9.7969,43.0315],[9.797,43.0315],[9.7971,43.0316],[9.7971,43.0315],[9.7971,43.0314],[9.7972,43.0314],[9.7974,43.0314],[9.7975,43.0315],[9.7976,43.0315]]],[[[9.8256,43.0729],[9.8001,43.0538],[9.7913,43.0234],[9.81,43.0023],[9.8484,43.0446],[9.8256,43.0729]]],[[[9.9014,43.4396],[9.8898,43.423],[9.9077,43.4256],[9.9014,43.4396]]],[[[10.2194,43.5479],[10.2196,43.5481],[10.2193,43.5484],[10.219,43.5484],[10.2188,43.5483],[10.2188,43.5482],[10.2189,43.5478],[10.2194,43.5479]]],[[[12.2182,43.6035],[12.218,43.6039],[12.2178,43.6043],[12.2182,43.6035]]],[[[12.1735,43.8089],[12.1861,43.7741],[12.2437,43.7852],[12.2298,43.8087],[12.1735,43.8089]]],[[[10.0188,44.0445],[10.1369,43.981],[10.2383,43.8728],[10.2776,43.7375],[10.2826,43.6864],[10.2682,43.6775],[10.3007,43.5752],[10.2904,43.5578],[10.3199,43.5843],[10.2937,43.5419],[10.3304,43.4738],[10.3812,43.4501],[10.4041,43.4017],[10.4252,43.3998],[10.4443,43.3544],[10.423,43.3563],[10.4489,43.3542],[10.459,43.3218],[10.5015,43.2908],[10.5216,43.2518],[10.5379,43.0942],[10.5161,42.9991],[10.483,42.9884],[10.4955,42.9315],[10.5408,42.9204],[10.5619,42.9512],[10.6451,42.9532],[10.7733,42.9095],[10.7866,42.8882],[10.7689,42.8692],[10.7724,42.8301],[10.7584,42.8088],[10.7294,42.8016],[10.785,42.7745],[10.9518,42.7372],[10.9876,42.7069],[11.01,42.6592],[11.086,42.6261],[11.1226,42.5569],[11.1568,42.5628],[11.1781,42.5395],[11.1923,42.4998],[11.1734,42.4452],[11.1229,42.4345],[11.1065,42.4479],[11.0871,42.43],[11.096,42.393],[11.1536,42.361],[11.19,42.3636],[11.2133,42.3884],[11.2097,42.4084],[11.2419,42.4183],[11.4499,42.3775],[11.4889,42.4394],[11.6178,42.4361],[11.6163,42.4886],[11.5601,42.5159],[11.5887,42.5427],[11.5788,42.5677],[11.6434,42.5663],[11.7111,42.6109],[11.736,42.6067],[11.7498,42.6396],[11.7809,42.6347],[11.8093,42.653],[11.7845,42.6713],[11.7755,42.7095],[11.8016,42.7072],[11.8195,42.7454],[11.746,42.7858],[11.7533,42.8022],[11.7742,42.8211],[11.8069,42.7949],[11.8154,42.8238],[11.8491,42.8387],[11.8946,42.8343],[11.929,42.8693],[11.96,42.8692],[11.9347,42.927],[11.9824,43.0509],[11.9567,43.0687],[11.9408,43.053],[11.9236,43.0747],[11.9309,43.0925],[11.9124,43.1284],[11.925,43.1493],[12.0227,43.1863],[12.0434,43.2295],[12.034,43.2467],[12.0924,43.2359],[12.2239,43.2958],[12.1951,43.3144],[12.177,43.2818],[12.1325,43.2931],[12.1256,43.3571],[12.1026,43.3725],[12.077,43.3658],[12.0773,43.4021],[12.0329,43.4002],[12.0253,43.4158],[12.1432,43.4703],[12.091,43.5117],[12.1089,43.5325],[12.1532,43.5287],[12.1627,43.5614],[12.2138,43.6109],[12.1859,43.6424],[12.2327,43.6556],[12.2444,43.6814],[12.2972,43.686],[12.3083,43.7302],[12.3157,43.6779],[12.336,43.6776],[12.3305,43.708],[12.3714,43.7094],[12.3271,43.751],[12.2838,43.7649],[12.2093,43.7571],[12.1952,43.7319],[12.1637,43.7624],[12.0705,43.7407],[12.053,43.757],[11.9534,43.7761],[11.9106,43.8137],[11.8407,43.8081],[11.732,43.8634],[11.7081,43.8864],[11.7186,43.9223],[11.6842,43.9351],[11.6909,43.9569],[11.6455,43.9898],[11.7526,44.1214],[11.6788,44.1229],[11.6487,44.0991],[11.6139,44.1193],[11.5846,44.1122],[11.6154,44.1583],[11.5034,44.1623],[11.4584,44.188],[11.4516,44.2209],[11.4211,44.2392],[11.3799,44.1997],[11.331,44.1997],[11.2809,44.1537],[11.1957,44.1514],[11.2602,44.1158],[11.248,44.0976],[11.1592,44.1124],[11.0494,44.0902],[11.002,44.1109],[11.0149,44.1252],[11.0065,44.139],[10.9056,44.0631],[10.8917,44.0927],[10.8487,44.0981],[10.7433,44.1564],[10.6412,44.1598],[10.6209,44.1406],[10.6241,44.1204],[10.5925,44.1156],[10.5251,44.1562],[10.4855,44.2224],[10.4308,44.2266],[10.3752,44.2697],[10.3071,44.2843],[10.2532,44.2688],[10.1431,44.3541],[10.0983,44.3463],[10.0089,44.3893],[9.9893,44.4043],[10.0043,44.4373],[9.9707,44.4644],[9.8199,44.4664],[9.7565,44.4062],[9.7605,44.39],[9.6867,44.3659],[9.7111,44.3636],[9.7286,44.3286],[9.7654,44.3043],[9.8527,44.2702],[9.857,44.234],[9.8754,44.2239],[9.8576,44.1935],[9.8649,44.1807],[9.9085,44.2098],[9.934,44.1966],[9.893,44.1665],[9.974,44.1669],[9.9752,44.1376],[9.9954,44.1179],[9.9847,44.098],[10.022,44.1196],[10.0693,44.098],[10.0188,44.0445]],[[10.4807,44.1895],[10.4806,44.1895],[10.4804,44.1895],[10.4803,44.1897],[10.4803,44.1898],[10.4804,44.1899],[10.4806,44.1901],[10.4806,44.1902],[10.4812,44.1904],[10.4813,44.1904],[10.4816,44.1905],[10.4818,44.1904],[10.4819,44.1903],[10.4818,44.19],[10.4817,44.1898],[10.4814,44.1897],[10.4811,44.1896],[10.4809,44.1895],[10.4808,44.1895],[10.4807,44.1895]]]]},"properties":{"name":"Toscana","iso":""}},{"type":"Feature","geometry":{"type":"MultiPolygon","coordinates":[[[[12.4253,43.6091],[12.4078,43.6021],[12.4325,43.5917],[12.4253,43.6091]]],[[[12.2178,43.6043],[12.1998,43.6037],[12.1627,43.5614],[12.1532,43.5287],[12.0954,43.5226],[12.0921,43.5015],[12.1432,43.4703],[12.0252,43.4151],[12.0329,43.4002],[12.0773,43.4021],[12.077,43.3658],[12.1026,43.3725],[12.1249,43.3579],[12.1325,43.2931],[12.177,43.2818],[12.1951,43.3144],[12.2235,43.295],[12.0924,43.2359],[12.034,43.2467],[12.0434,43.2295],[12.0227,43.1863],[11.9402,43.1613],[11.9124,43.1284],[11.9361,43.0559],[11.9567,43.0687],[11.9824,43.0509],[11.9347,42.927],[11.96,42.8692],[11.929,42.8693],[11.8919,42.8429],[11.9274,42.7809],[11.9795,42.7646],[11.9631,42.7269],[11.9301,42.7129],[11.9488,42.696],[11.9413,42.6833],[12.03,42.6432],[12.1067,42.6647],[12.1241,42.6493],[12.162,42.677],[12.2043,42.6605],[12.2429,42.6291],[12.2282,42.6108],[12.2463,42.6026],[12.2387,42.572],[12.2751,42.5598],[12.2665,42.5342],[12.2903,42.519],[12.2746,42.5095],[12.3074,42.4973],[12.2904,42.4916],[12.3254,42.4948],[12.3514,42.4737],[12.3918,42.4988],[12.419,42.4977],[12.4278,42.4869],[12.4124,42.4676],[12.4304,42.458],[12.4137,42.4552],[12.4137,42.4256],[12.4636,42.4291],[12.4514,42.3962],[12.5111,42.4036],[12.5263,42.3641],[12.6064,42.4025],[12.621,42.4685],[12.6411,42.4678],[12.6499,42.4431],[12.6746,42.4424],[12.7416,42.4705],[12.7111,42.5008],[12.8927,42.5635],[12.8805,42.6093],[13.0043,42.6152],[13.0256,42.6391],[13.0633,42.6233],[13.1182,42.6577],[13.1448,42.6461],[13.1736,42.6654],[13.1945,42.7612],[13.2346,42.7731],[13.2386,42.7609],[13.2595,42.7897],[13.2435,42.8587],[13.2353,42.8677],[13.2118,42.8415],[13.1609,42.8319],[13.1122,42.8893],[13.0544,42.9202],[13.0264,42.9022],[13.0015,42.9135],[13.0011,42.8892],[12.9762,42.8698],[12.9764,42.9265],[12.8958,42.9646],[12.9082,42.9849],[12.8879,43.0103],[12.9056,43.0203],[12.8899,43.0589],[12.8973,43.0935],[12.8813,43.1212],[12.843,43.1223],[12.8296,43.1455],[12.8625,43.166],[12.8654,43.2061],[12.8366,43.2175],[12.8248,43.2666],[12.7892,43.2829],[12.7988,43.3248],[12.749,43.3788],[12.7819,43.4153],[12.7655,43.4274],[12.7726,43.4568],[12.7346,43.4643],[12.7089,43.4247],[12.6632,43.4368],[12.6194,43.4166],[12.4998,43.5215],[12.4579,43.5153],[12.4374,43.5386],[12.3948,43.5088],[12.3667,43.5341],[12.3323,43.5241],[12.3129,43.5445],[12.3703,43.5794],[12.3701,43.612],[12.3356,43.6116],[12.2978,43.5858],[12.2178,43.6043]]]]},"properties":{"name":"Umbria","iso":""}},{"type":"Feature","geometry":{"type":"Polygon","coordinates":[[[12.4874,43.8965],[12.4633,43.8952],[12.4457,43.8708],[12.404,43.876],[12.3872,43.8155],[12.2847,43.7947],[12.2838,43.7626],[12.3271,43.751],[12.371,43.7117],[12.3305,43.708],[12.3332,43.6748],[12.3157,43.6779],[12.3083,43.7302],[12.2972,43.686],[12.2444,43.6814],[12.2484,43.6675],[12.1872,43.636],[12.2255,43.5933],[12.2995,43.5859],[12.3356,43.6116],[12.3701,43.612],[12.3703,43.5794],[12.3129,43.5445],[12.3323,43.5241],[12.3667,43.5341],[12.3948,43.5088],[12.4374,43.5386],[12.4579,43.5153],[12.4998,43.5215],[12.6194,43.4166],[12.6632,43.4368],[12.7089,43.4247],[12.7346,43.4643],[12.7726,43.4568],[12.7655,43.4274],[12.7819,43.4153],[12.749,43.3788],[12.7988,43.3248],[12.789,43.2832],[12.8307,43.2601],[12.8366,43.2175],[12.8682,43.1952],[12.8623,43.1657],[12.831,43.1412],[12.843,43.1223],[12.8813,43.1212],[12.8973,43.0935],[12.8899,43.0589],[12.9056,43.0203],[12.8879,43.0103],[12.9082,42.9849],[12.8958,42.9646],[12.9764,42.9265],[12.9762,42.8698],[13.0011,42.8892],[13.0015,42.9135],[13.0264,42.9022],[13.0544,42.9202],[13.1122,42.8893],[13.1609,42.8319],[13.2118,42.8415],[13.2353,42.8677],[13.2632,42.8147],[13.2595,42.7897],[13.2386,42.7609],[13.2346,42.7731],[13.1951,42.7619],[13.1877,42.7335],[13.2544,42.7215],[13.2645,42.7402],[13.2859,42.7405],[13.39,42.6872],[13.4376,42.6992],[13.448,42.7322],[13.4975,42.7399],[13.5345,42.8167],[13.5722,42.8004],[13.6244,42.8165],[13.6548,42.805],[13.6993,42.8226],[13.7225,42.8553],[13.9167,42.8946],[13.8137,43.1689],[13.6232,43.5025],[13.6279,43.5481],[13.5758,43.5688],[13.532,43.6193],[13.5026,43.6315],[13.5037,43.6131],[13.454,43.6105],[13.3096,43.6676],[12.9071,43.9257],[12.9032,43.9164],[12.7968,43.9655],[12.751,43.9693],[12.7274,43.9246],[12.7348,43.896],[12.7227,43.8799],[12.734,43.8703],[12.6821,43.8527],[12.6724,43.8235],[12.6146,43.827],[12.6194,43.8443],[12.5894,43.8653],[12.5895,43.8856],[12.5417,43.864],[12.5183,43.881],[12.4993,43.8736],[12.4874,43.8965]],[[12.4253,43.6091],[12.4325,43.5917],[12.4078,43.6021],[12.4253,43.6091]]]},"properties":{"name":"Marche","iso":""}},{"type":"Feature","geometry":{"type":"MultiPolygon","coordinates":[[[[13.454,40.7925],[13.4539,40.7926],[13.4538,40.7925],[13.4537,40.7925],[13.4536,40.7925],[13.4535,40.7925],[13.4535,40.7925],[13.4534,40.7925],[13.4533,40.7924],[13.4532,40.7924],[13.4531,40.7924],[13.453,40.7923],[13.453,40.7923],[13.4528,40.7923],[13.4527,40.7923],[13.4525,40.7923],[13.4525,40.7923],[13.4523,40.7922],[13.4522,40.7922],[13.4522,40.7921],[13.4521,40.792],[13.452,40.7919],[13.452,40.7919],[13.4518,40.792],[13.4517,40.7919],[13.4516,40.7919],[13.4515,40.7918],[13.4515,40.7918],[13.4513,40.7917],[13.4513,40.7917],[13.4512,40.7917],[13.4512,40.7916],[13.4512,40.7915],[13.4511,40.7913],[13.4509,40.7912],[13.4506,40.7911],[13.4505,40.7911],[13.4505,40.791],[13.4505,40.791],[13.4504,40.7909],[13.4502,40.7909],[13.4501,40.7908],[13.45,40.7907],[13.4501,40.7905],[13.4502,40.7905],[13.4504,40.7904],[13.4504,40.7902],[13.4504,40.7901],[13.4504,40.7899],[13.4505,40.7898],[13.4506,40.7897],[13.4507,40.7897],[13.4507,40.7896],[13.4507,40.7895],[13.4506,40.7895],[13.4505,40.7895],[13.4504,40.7895],[13.4504,40.7894],[13.4504,40.7893],[13.4504,40.7892],[13.4505,40.7892],[13.4506,40.7891],[13.4506,40.789],[13.4507,40.7889],[13.4509,40.7888],[13.4511,40.7887],[13.4512,40.7886],[13.4512,40.7884],[13.4512,40.7884],[13.451,40.7884],[13.4509,40.7884],[13.4509,40.7882],[13.451,40.7881],[13.4511,40.788],[13.4512,40.7879],[13.4513,40.7878],[13.4515,40.7878],[13.4516,40.7877],[13.4516,40.7876],[13.4518,40.7875],[13.4519,40.7876],[13.452,40.7876],[13.4522,40.7877],[13.4523,40.7877],[13.4524,40.7877],[13.4525,40.7876],[13.4526,40.7875],[13.4528,40.7875],[13.4528,40.7873],[13.4529,40.7873],[13.453,40.7872],[13.4531,40.7872],[13.4532,40.7873],[13.4533,40.7873],[13.4534,40.7873],[13.4535,40.7874],[13.4537,40.7875],[13.454,40.7874],[13.4542,40.7874],[13.4544,40.7874],[13.4546,40.7873],[13.4547,40.7873],[13.4548,40.7873],[13.4549,40.7872],[13.455,40.7873],[13.4551,40.7872],[13.4553,40.7872],[13.4554,40.7873],[13.4554,40.7873],[13.4554,40.7874],[13.4555,40.7876],[13.4555,40.7875],[13.4556,40.7874],[13.4556,40.7874],[13.4558,40.7874],[13.4559,40.7873],[13.456,40.7874],[13.456,40.7875],[13.456,40.7876],[13.4561,40.7877],[13.4564,40.7877],[13.4565,40.7878],[13.4567,40.7878],[13.4568,40.7879],[13.4568,40.7878],[13.4569,40.7878],[13.4572,40.7879],[13.4573,40.7879],[13.4572,40.7881],[13.4574,40.7881],[13.4575,40.7881],[13.4576,40.7882],[13.4578,40.7883],[13.4579,40.7883],[13.458,40.7885],[13.4581,40.7885],[13.4581,40.7886],[13.4582,40.7887],[13.4581,40.7888],[13.458,40.7888],[13.4578,40.7888],[13.4577,40.7889],[13.4577,40.7889],[13.4578,40.789],[13.4579,40.789],[13.458,40.789],[13.4583,40.7891],[13.4586,40.7891],[13.4587,40.7892],[13.4589,40.7894],[13.4589,40.7896],[13.459,40.7897],[13.459,40.7899],[13.4589,40.7899],[13.4588,40.79],[13.4587,40.7901],[13.4587,40.7903],[13.4586,40.7904],[13.4585,40.7905],[13.4583,40.7906],[13.4582,40.7907],[13.458,40.7907],[13.4579,40.7908],[13.4577,40.7909],[13.4576,40.7909],[13.4576,40.791],[13.4575,40.7911],[13.4574,40.7912],[13.4573,40.7913],[13.4572,40.7914],[13.4571,40.7915],[13.457,40.7916],[13.4569,40.7916],[13.4569,40.7918],[13.4567,40.7918],[13.4566,40.7919],[13.4564,40.7919],[13.4564,40.7918],[13.4562,40.7918],[13.4561,40.7919],[13.456,40.792],[13.4558,40.792],[13.4557,40.7919],[13.4556,40.7919],[13.4554,40.792],[13.4552,40.7919],[13.4552,40.792],[13.4551,40.7921],[13.455,40.7921],[13.4548,40.7921],[13.4547,40.7922],[13.4546,40.7922],[13.4545,40.7922],[13.4544,40.7923],[13.4542,40.7923],[13.4542,40.7924],[13.454,40.7925]]],[[[13.431,40.8039],[13.431,40.8039],[13.4309,40.8039],[13.4308,40.8039],[13.4307,40.8039],[13.4307,40.8038],[13.4305,40.8039],[13.4303,40.8039],[13.4302,40.8039],[13.4301,40.8037],[13.43,40.8034],[13.43,40.8031],[13.43,40.8029],[13.4299,40.8027],[13.4299,40.8026],[13.4298,40.8025],[13.4298,40.8023],[13.4297,40.8022],[13.4296,40.802],[13.4295,40.8018],[13.4294,40.8017],[13.4293,40.8015],[13.4292,40.8013],[13.4291,40.8012],[13.429,40.801],[13.4289,40.8009],[13.4288,40.8008],[13.4286,40.8006],[13.4284,40.8006],[13.4284,40.8006],[13.4283,40.8005],[13.4281,40.8004],[13.428,40.8004],[13.4279,40.8003],[13.4278,40.8003],[13.4276,40.8003],[13.4274,40.8004],[13.4273,40.8004],[13.4271,40.8005],[13.427,40.8005],[13.4268,40.8005],[13.4267,40.8005],[13.4266,40.8004],[13.4264,40.8004],[13.4263,40.8005],[13.4262,40.8006],[13.4261,40.8006],[13.4261,40.8008],[13.4259,40.8007],[13.4259,40.8006],[13.4259,40.8006],[13.4259,40.8005],[13.4259,40.8004],[13.4259,40.8004],[13.4259,40.8003],[13.4258,40.8001],[13.4256,40.8001],[13.4254,40.8],[13.4254,40.8],[13.4254,40.7999],[13.4254,40.7999],[13.4255,40.7998],[13.4255,40.7997],[13.4256,40.7996],[13.4256,40.7995],[13.4255,40.7994],[13.4253,40.7993],[13.4253,40.7992],[13.4252,40.7992],[13.4252,40.7991],[13.4251,40.799],[13.425,40.799],[13.4248,40.799],[13.4247,40.799],[13.4247,40.7989],[13.4248,40.7989],[13.425,40.7988],[13.4251,40.7989],[13.4252,40.7988],[13.4252,40.7987],[13.4252,40.7987],[13.4253,40.7986],[13.4255,40.7986],[13.4256,40.7985],[13.4257,40.7985],[13.4259,40.7983],[13.4262,40.7983],[13.4264,40.7982],[13.4266,40.7982],[13.4267,40.7981],[13.427,40.798],[13.4271,40.7979],[13.4271,40.7977],[13.4271,40.7976],[13.427,40.7975],[13.4268,40.7974],[13.4267,40.7974],[13.4264,40.7973],[13.4263,40.7972],[13.4262,40.7972],[13.426,40.7971],[13.426,40.797],[13.4259,40.7971],[13.4258,40.7971],[13.4257,40.7971],[13.4256,40.7971],[13.4255,40.797],[13.4253,40.7969],[13.4252,40.7968],[13.4252,40.7967],[13.4252,40.7967],[13.4251,40.7966],[13.425,40.7966],[13.4249,40.7966],[13.4248,40.7965],[13.4247,40.7964],[13.4245,40.7964],[13.4244,40.7964],[13.4243,40.7963],[13.4242,40.7963],[13.4241,40.7963],[13.4239,40.7963],[13.4238,40.7962],[13.4237,40.7963],[13.4236,40.7962],[13.4235,40.7962],[13.4234,40.7962],[13.423,40.7962],[13.4229,40.7962],[13.4228,40.7961],[13.4227,40.7961],[13.4226,40.7961],[13.4226,40.796],[13.4225,40.7959],[13.4225,40.7958],[13.4225,40.7957],[13.4225,40.7956],[13.4223,40.7956],[13.4221,40.7955],[13.4221,40.7954],[13.422,40.7954],[13.4218,40.7953],[13.4216,40.7954],[13.4213,40.7954],[13.4211,40.7954],[13.4208,40.7955],[13.4206,40.7955],[13.4205,40.7955],[13.4204,40.7955],[13.4203,40.7955],[13.4202,40.7954],[13.4202,40.7953],[13.4203,40.7952],[13.4203,40.7951],[13.4204,40.7951],[13.4205,40.7951],[13.4205,40.795],[13.4205,40.7949],[13.4204,40.7949],[13.4202,40.7948],[13.4201,40.7947],[13.42,40.7945],[13.4199,40.7944],[13.4197,40.7943],[13.4196,40.7942],[13.4195,40.7941],[13.4192,40.7939],[13.4188,40.7938],[13.4186,40.7937],[13.4185,40.7936],[13.4185,40.7935],[13.4184,40.7934],[13.4183,40.793],[13.4181,40.7928],[13.418,40.7927],[13.4182,40.7926],[13.4184,40.7926],[13.4185,40.7925],[13.4186,40.7924],[13.4188,40.7923],[13.4189,40.7922],[13.4189,40.7921],[13.419,40.7919],[13.419,40.7916],[13.4189,40.7914],[13.4188,40.7912],[13.4186,40.7911],[13.4184,40.7909],[13.418,40.7907],[13.4178,40.7906],[13.4176,40.7905],[13.4175,40.7904],[13.4175,40.7902],[13.4175,40.7901],[13.4174,40.7899],[13.4173,40.7898],[13.4173,40.7897],[13.4172,40.7896],[13.417,40.7892],[13.4169,40.7891],[13.4166,40.789],[13.4163,40.7888],[13.416,40.7886],[13.4157,40.7886],[13.4153,40.7884],[13.4148,40.7883],[13.4145,40.7882],[13.4142,40.7882],[13.414,40.7882],[13.4139,40.7882],[13.4137,40.7881],[13.4135,40.788],[13.4131,40.7879],[13.4127,40.7878],[13.4125,40.7877],[13.4121,40.7877],[13.4117,40.7877],[13.4115,40.7878],[13.4113,40.7877],[13.4112,40.7877],[13.4111,40.7876],[13.411,40.7877],[13.4109,40.7877],[13.4107,40.7876],[13.4106,40.7876],[13.4104,40.7875],[13.4102,40.7875],[13.4101,40.7875],[13.41,40.7874],[13.4098,40.7874],[13.4097,40.7873],[13.4096,40.7872],[13.4095,40.7871],[13.4094,40.7871],[13.4093,40.7871],[13.4091,40.7871],[13.409,40.7871],[13.4089,40.787],[13.4089,40.7869],[13.4088,40.7869],[13.4088,40.7869],[13.4088,40.7867],[13.4088,40.7867],[13.4087,40.7865],[13.4086,40.7864],[13.4085,40.7864],[13.4084,40.7862],[13.4084,40.7862],[13.4082,40.7861],[13.4081,40.786],[13.408,40.786],[13.4078,40.786],[13.4077,40.7859],[13.4076,40.7859],[13.4076,40.7857],[13.4076,40.7857],[13.4076,40.7855],[13.4077,40.7854],[13.4078,40.7853],[13.4079,40.7851],[13.408,40.7851],[13.4082,40.7851],[13.4082,40.785],[13.4085,40.7849],[13.4086,40.7849],[13.4088,40.7848],[13.4089,40.7848],[13.4091,40.7848],[13.4091,40.7849],[13.4092,40.785],[13.4093,40.7849],[13.4094,40.7849],[13.4095,40.7849],[13.4096,40.785],[13.4096,40.785],[13.4098,40.785],[13.4099,40.7851],[13.41,40.7852],[13.4101,40.7853],[13.4102,40.7852],[13.4103,40.7851],[13.4104,40.7851],[13.4105,40.7852],[13.4107,40.7852],[13.4109,40.7853],[13.4111,40.7853],[13.4112,40.7853],[13.4112,40.7852],[13.4111,40.7852],[13.411,40.7851],[13.411,40.7851],[13.411,40.785],[13.4111,40.7849],[13.4113,40.7848],[13.4114,40.7848],[13.4116,40.7847],[13.4117,40.7847],[13.4119,40.7848],[13.412,40.7848],[13.4121,40.7849],[13.4122,40.7849],[13.4123,40.7849],[13.4125,40.7849],[13.4126,40.7849],[13.4129,40.7849],[13.4132,40.7849],[13.4133,40.7849],[13.4132,40.7848],[13.4133,40.7848],[13.4135,40.7848],[13.4136,40.7849],[13.4137,40.785],[13.4137,40.785],[13.4138,40.785],[13.4139,40.7849],[13.4142,40.7849],[13.4143,40.785],[13.4143,40.785],[13.4145,40.785],[13.4147,40.785],[13.4149,40.7851],[13.4151,40.7852],[13.4153,40.7853],[13.4154,40.7854],[13.4155,40.7856],[13.4156,40.7857],[13.4157,40.7858],[13.4158,40.786],[13.416,40.7861],[13.4161,40.7861],[13.4162,40.786],[13.4163,40.7859],[13.4164,40.7859],[13.4165,40.786],[13.4166,40.786],[13.4167,40.786],[13.4169,40.7861],[13.417,40.7861],[13.417,40.786],[13.4171,40.7859],[13.4172,40.7859],[13.4173,40.786],[13.4173,40.7861],[13.4173,40.7862],[13.4174,40.7862],[13.4175,40.7861],[13.4177,40.7861],[13.4179,40.7863],[13.418,40.7864],[13.418,40.7865],[13.418,40.7866],[13.4181,40.7867],[13.4182,40.7868],[13.4184,40.7868],[13.4187,40.7869],[13.4189,40.787],[13.4191,40.7871],[13.4191,40.7872],[13.4192,40.7872],[13.4193,40.7873],[13.4194,40.7874],[13.4194,40.7875],[13.4195,40.7876],[13.4197,40.7877],[13.4199,40.7877],[13.4201,40.7878],[13.4203,40.7879],[13.4204,40.7879],[13.4205,40.7878],[13.4206,40.7878],[13.4209,40.7878],[13.421,40.7879],[13.4211,40.788],[13.4212,40.7879],[13.4214,40.7879],[13.4215,40.788],[13.4216,40.7881],[13.4218,40.7881],[13.4219,40.7882],[13.422,40.7883],[13.4222,40.7883],[13.4223,40.7884],[13.4225,40.7885],[13.4226,40.7885],[13.4229,40.7885],[13.423,40.7885],[13.4233,40.7886],[13.4234,40.7887],[13.4236,40.7888],[13.4238,40.7889],[13.4241,40.789],[13.4243,40.7889],[13.4243,40.7889],[13.4242,40.7887],[13.4243,40.7886],[13.4242,40.7885],[13.4241,40.7884],[13.4241,40.7882],[13.4244,40.7882],[13.4244,40.7883],[13.4244,40.7884],[13.4245,40.7886],[13.4247,40.7888],[13.4247,40.7889],[13.4247,40.7891],[13.4248,40.7893],[13.425,40.7893],[13.4251,40.7894],[13.4254,40.7894],[13.4256,40.7895],[13.4258,40.7896],[13.4259,40.7896],[13.4262,40.7897],[13.4264,40.7898],[13.4266,40.7898],[13.4267,40.7897],[13.4267,40.7896],[13.4267,40.7895],[13.4268,40.7895],[13.427,40.7895],[13.427,40.7895],[13.4272,40.7895],[13.4273,40.7895],[13.4274,40.7896],[13.4275,40.7898],[13.4276,40.7899],[13.4277,40.79],[13.4277,40.7901],[13.4279,40.7902],[13.4281,40.7903],[13.4283,40.7904],[13.4286,40.7904],[13.4286,40.7906],[13.4287,40.7906],[13.4289,40.7906],[13.429,40.7908],[13.429,40.7909],[13.429,40.7909],[13.4293,40.7909],[13.4293,40.7911],[13.4293,40.7912],[13.4293,40.7913],[13.4295,40.7914],[13.4296,40.7915],[13.4296,40.7917],[13.4297,40.7917],[13.4299,40.7919],[13.43,40.7921],[13.4303,40.7921],[13.4306,40.7921],[13.4307,40.7922],[13.431,40.7923],[13.4311,40.7924],[13.4313,40.7926],[13.4314,40.7928],[13.4316,40.7929],[13.4317,40.793],[13.4317,40.7931],[13.4317,40.7933],[13.4318,40.7935],[13.4318,40.7936],[13.4318,40.7938],[13.4318,40.7939],[13.4319,40.7942],[13.4319,40.7944],[13.4319,40.7946],[13.4319,40.7948],[13.4318,40.7949],[13.4319,40.7951],[13.4321,40.7953],[13.4324,40.7955],[13.4326,40.7956],[13.4328,40.7958],[13.4332,40.7959],[13.4334,40.7959],[13.4336,40.7959],[13.4336,40.7959],[13.4336,40.7958],[13.4336,40.7956],[13.4338,40.7957],[13.4339,40.7956],[13.4339,40.7955],[13.4341,40.7956],[13.4342,40.7956],[13.4341,40.7957],[13.434,40.7958],[13.4339,40.7958],[13.4339,40.7959],[13.4339,40.7959],[13.434,40.7959],[13.4342,40.7959],[13.4342,40.7958],[13.4344,40.7958],[13.4346,40.7958],[13.4348,40.7958],[13.435,40.7958],[13.435,40.7959],[13.435,40.796],[13.435,40.7961],[13.4349,40.7963],[13.4349,40.7963],[13.4348,40.7964],[13.4347,40.7964],[13.4346,40.7965],[13.4346,40.7966],[13.4346,40.7966],[13.4347,40.7966],[13.4347,40.7967],[13.4348,40.7967],[13.4349,40.7968],[13.4351,40.7968],[13.4351,40.797],[13.4351,40.7971],[13.435,40.7971],[13.4349,40.7971],[13.4349,40.797],[13.4348,40.797],[13.4347,40.7971],[13.4346,40.797],[13.4345,40.7971],[13.4344,40.7971],[13.4342,40.7971],[13.4341,40.797],[13.434,40.7969],[13.4338,40.797],[13.4337,40.797],[13.4337,40.7968],[13.4335,40.7969],[13.4334,40.7969],[13.4335,40.797],[13.4336,40.797],[13.4337,40.7971],[13.4338,40.7972],[13.4339,40.7973],[13.4338,40.7975],[13.4338,40.7977],[13.4338,40.7979],[13.4336,40.798],[13.4334,40.7979],[13.4334,40.798],[13.4333,40.7982],[13.4332,40.7985],[13.4332,40.7985],[13.4332,40.7986],[13.4331,40.7987],[13.4333,40.7987],[13.4334,40.7987],[13.4336,40.7987],[13.4337,40.7987],[13.4337,40.7989],[13.4337,40.799],[13.4335,40.7992],[13.4333,40.7991],[13.4332,40.7991],[13.4331,40.7992],[13.4329,40.7993],[13.4328,40.7992],[13.4327,40.7991],[13.4324,40.7991],[13.4324,40.7989],[13.4323,40.7988],[13.432,40.7988],[13.4319,40.7988],[13.4317,40.799],[13.4315,40.7992],[13.4313,40.7991],[13.4311,40.799],[13.431,40.7991],[13.4307,40.7992],[13.4305,40.7993],[13.4304,40.7993],[13.4303,40.7994],[13.4302,40.7996],[13.4302,40.7998],[13.4303,40.8],[13.4305,40.8001],[13.4308,40.8001],[13.431,40.8002],[13.4313,40.8003],[13.4316,40.8004],[13.4318,40.8005],[13.432,40.8006],[13.4321,40.8006],[13.4323,40.8005],[13.4325,40.8006],[13.4325,40.8007],[13.4324,40.8009],[13.4323,40.8009],[13.4322,40.801],[13.4322,40.8012],[13.4322,40.8012],[13.432,40.8013],[13.4319,40.8013],[13.4318,40.8014],[13.4317,40.8014],[13.4316,40.8015],[13.4314,40.8015],[13.4313,40.8016],[13.4312,40.8016],[13.4311,40.8017],[13.431,40.8019],[13.4311,40.8021],[13.4313,40.8022],[13.4314,40.8023],[13.4314,40.8025],[13.4314,40.8026],[13.4314,40.8028],[13.4314,40.8029],[13.4314,40.8031],[13.4313,40.8033],[13.4313,40.8034],[13.4313,40.8035],[13.4312,40.8037],[13.4311,40.8037],[13.431,40.8039]]],[[[13.1038,40.8392],[13.1037,40.8393],[13.1035,40.8394],[13.1035,40.8393],[13.1035,40.8392],[13.1035,40.8391],[13.1036,40.8391],[13.1036,40.839],[13.1037,40.8389],[13.1038,40.8388],[13.1039,40.8388],[13.104,40.8387],[13.1041,40.8387],[13.1043,40.8387],[13.1043,40.8388],[13.1042,40.8388],[13.1042,40.8389],[13.1041,40.839],[13.1042,40.8391],[13.1042,40.8391],[13.1041,40.8391],[13.1041,40.8392],[13.104,40.8392],[13.1038,40.8392]]],[[[12.9656,40.8846],[12.9655,40.8848],[12.9655,40.885],[12.9653,40.8852],[12.965,40.8854],[12.9649,40.8854],[12.9647,40.8852],[12.9646,40.8847],[12.9645,40.8844],[12.9647,40.8843],[12.965,40.8843],[12.9653,40.8844],[12.9653,40.8842],[12.9652,40.8841],[12.9653,40.8839],[12.9656,40.884],[12.9658,40.8842],[12.9659,40.8843],[12.9657,40.8844],[12.9656,40.8846]]],[[[12.8511,40.9209],[12.8512,40.9211],[12.8511,40.9212],[12.851,40.9212],[12.8509,40.9212],[12.8508,40.9213],[12.8506,40.9213],[12.8505,40.9213],[12.8505,40.9211],[12.8505,40.921],[12.8506,40.9209],[12.8508,40.9209],[12.8508,40.9207],[12.8508,40.9207],[12.8508,40.9206],[12.8508,40.9205],[12.8508,40.9205],[12.8509,40.9204],[12.851,40.9203],[12.8511,40.9204],[12.8512,40.9205],[12.8512,40.9207],[12.8512,40.9207],[12.8512,40.9208],[12.8511,40.9209]]],[[[12.8477,40.9219],[12.8476,40.9221],[12.8475,40.9221],[12.8473,40.922],[12.847,40.922],[12.8469,40.922],[12.8468,40.9219],[12.8467,40.922],[12.8466,40.922],[12.8465,40.9219],[12.8463,40.9216],[12.8464,40.9216],[12.8465,40.9215],[12.8465,40.9213],[12.8465,40.9212],[12.8467,40.9212],[12.8468,40.9212],[12.847,40.9212],[12.8471,40.9213],[12.8472,40.9215],[12.8474,40.9216],[12.8476,40.9217],[12.8477,40.9218],[12.8477,40.9219]]],[[[12.849,40.9221],[12.849,40.9222],[12.849,40.9223],[12.8489,40.9224],[12.8488,40.9224],[12.8487,40.9223],[12.8485,40.9223],[12.8485,40.9222],[12.8485,40.9221],[12.8485,40.922],[12.8484,40.9219],[12.8483,40.9219],[12.8481,40.9219],[12.8479,40.9218],[12.8477,40.9217],[12.8477,40.9216],[12.8479,40.9215],[12.8479,40.9214],[12.8478,40.9213],[12.8478,40.9212],[12.848,40.9211],[12.848,40.9213],[12.8481,40.9214],[12.8483,40.9213],[12.8483,40.9211],[12.8482,40.9209],[12.8483,40.9208],[12.8482,40.9206],[12.8481,40.9205],[12.8481,40.9203],[12.8482,40.9201],[12.8484,40.9199],[12.8485,40.9198],[12.8487,40.9199],[12.8488,40.92],[12.8488,40.9201],[12.8489,40.9202],[12.8489,40.9204],[12.8491,40.9204],[12.8492,40.9206],[12.8494,40.9208],[12.8495,40.9209],[12.8494,40.921],[12.8494,40.9212],[12.8494,40.9213],[12.8495,40.9214],[12.8498,40.9215],[12.8498,40.9217],[12.8496,40.9218],[12.8495,40.922],[12.8493,40.922],[12.8492,40.922],[12.849,40.9221]]],[[[12.848,40.9239],[12.848,40.9241],[12.848,40.9242],[12.8481,40.9245],[12.8481,40.9246],[12.8481,40.9248],[12.8481,40.9249],[12.8481,40.9251],[12.848,40.9252],[12.8478,40.9252],[12.8476,40.9252],[12.8475,40.9251],[12.8473,40.925],[12.8473,40.9249],[12.8472,40.9247],[12.8473,40.9245],[12.8473,40.9244],[12.8472,40.9243],[12.8471,40.9241],[12.847,40.9239],[12.847,40.9237],[12.8471,40.9235],[12.8471,40.9234],[12.8469,40.9233],[12.8467,40.9232],[12.8467,40.9231],[12.8468,40.9231],[12.847,40.9229],[12.847,40.9228],[12.8471,40.9227],[12.8472,40.9227],[12.8474,40.9226],[12.8476,40.9226],[12.8478,40.9226],[12.8481,40.9227],[12.8483,40.9229],[12.8486,40.9229],[12.8488,40.923],[12.8489,40.923],[12.8491,40.923],[12.8494,40.9231],[12.8495,40.9232],[12.8494,40.9233],[12.8494,40.9234],[12.8495,40.9235],[12.8494,40.9236],[12.8495,40.9237],[12.8495,40.9238],[12.8494,40.924],[12.8496,40.9241],[12.8496,40.9242],[12.8496,40.9243],[12.8497,40.9245],[12.8494,40.9245],[12.8494,40.9244],[12.8493,40.9244],[12.8492,40.9244],[12.849,40.9245],[12.8488,40.9246],[12.8486,40.9247],[12.8484,40.9247],[12.8482,40.9246],[12.8482,40.9244],[12.8483,40.9243],[12.8483,40.9241],[12.8483,40.924],[12.8485,40.924],[12.8485,40.9238],[12.8483,40.9238],[12.8481,40.9239],[12.848,40.9239],[12.848,40.9239]]],[[[12.985,40.9354],[12.9487,40.9194],[12.9521,40.8771],[12.9716,40.8955],[12.959,40.8965],[12.9674,40.9213],[12.9955,40.9325],[12.985,40.9354]]],[[[13.0037,40.9356],[13.0037,40.9359],[13.0037,40.9361],[13.0035,40.9361],[13.0035,40.9369],[13.0036,40.9371],[13.0035,40.9374],[13.0035,40.9375],[13.0032,40.9376],[13.0028,40.9375],[13.0024,40.9374],[13.0022,40.9374],[13.002,40.9371],[13.0013,40.937],[13.001,40.9369],[13.0008,40.9368],[13.0006,40.9367],[13.0004,40.9366],[13.0001,40.9364],[12.9999,40.9363],[12.9997,40.936],[12.9994,40.936],[12.9992,40.9358],[12.9989,40.9357],[12.9987,40.9356],[12.9985,40.9357],[12.9982,40.9356],[12.9981,40.9355],[12.998,40.9357],[12.9977,40.9357],[12.9976,40.9355],[12.9975,40.9354],[12.9975,40.9352],[12.9976,40.9351],[12.9975,40.935],[12.9976,40.9348],[12.9974,40.9346],[12.9973,40.9342],[12.997,40.9342],[12.9969,40.934],[12.9969,40.9338],[12.9969,40.9336],[12.9971,40.9336],[12.9973,40.9334],[12.9976,40.9333],[12.9981,40.9334],[12.9985,40.9335],[12.9987,40.9335],[12.999,40.9335],[12.9991,40.9333],[12.9992,40.9332],[12.9993,40.9331],[12.9996,40.9331],[12.9996,40.9328],[12.9997,40.9327],[13.0003,40.9327],[13.0008,40.9329],[13.0011,40.9331],[13.0012,40.9334],[13.0015,40.9333],[13.0019,40.9336],[13.0023,40.9338],[13.0025,40.9342],[13.0029,40.9343],[13.003,40.9345],[13.0032,40.9346],[13.0032,40.9348],[13.0034,40.935],[13.0035,40.9351],[13.0037,40.9356]]],[[[12.8529,40.9426],[12.8529,40.9427],[12.853,40.9428],[12.853,40.9428],[12.8531,40.9429],[12.8533,40.9429],[12.8534,40.943],[12.8534,40.9431],[12.8534,40.9432],[12.8534,40.9433],[12.8533,40.9433],[12.8533,40.9434],[12.8532,40.9434],[12.8531,40.9435],[12.8531,40.9435],[12.853,40.9436],[12.8528,40.9436],[12.8527,40.9436],[12.8526,40.9436],[12.8526,40.9435],[12.8526,40.9435],[12.8526,40.9434],[12.8526,40.9433],[12.8526,40.9433],[12.8526,40.9429],[12.8525,40.9428],[12.8524,40.9428],[12.8523,40.9427],[12.8521,40.9427],[12.852,40.9426],[12.8519,40.9426],[12.8518,40.9427],[12.8518,40.9426],[12.8517,40.9426],[12.8516,40.9425],[12.8518,40.9425],[12.8519,40.9425],[12.8519,40.9424],[12.8519,40.9424],[12.852,40.9423],[12.8521,40.9423],[12.8521,40.9423],[12.852,40.9422],[12.852,40.9421],[12.852,40.9421],[12.8521,40.942],[12.8522,40.9421],[12.8522,40.9421],[12.8523,40.9422],[12.8525,40.9423],[12.8525,40.9424],[12.8526,40.9424],[12.8527,40.9424],[12.8529,40.9426],[12.8529,40.9426]]],[[[12.8508,40.9437],[12.8507,40.9438],[12.8507,40.9438],[12.8507,40.9439],[12.8506,40.9439],[12.8506,40.9438],[12.8506,40.9438],[12.8506,40.9437],[12.8505,40.9437],[12.8505,40.9437],[12.8504,40.9438],[12.8504,40.9438],[12.8503,40.9438],[12.8502,40.9439],[12.8501,40.9438],[12.85,40.9438],[12.8498,40.9437],[12.8497,40.9436],[12.8497,40.9435],[12.8498,40.9435],[12.8498,40.9434],[12.8497,40.9433],[12.85,40.9432],[12.8502,40.9432],[12.8502,40.9432],[12.8502,40.9431],[12.8502,40.9431],[12.8501,40.9431],[12.8501,40.943],[12.8499,40.9429],[12.8498,40.9428],[12.8498,40.9427],[12.8498,40.9426],[12.8499,40.9426],[12.8499,40.9426],[12.8501,40.9425],[12.8503,40.9425],[12.8504,40.9425],[12.8505,40.9425],[12.8505,40.9426],[12.8506,40.9426],[12.8506,40.9427],[12.8506,40.9427],[12.8507,40.9427],[12.8507,40.9428],[12.8507,40.9429],[12.8507,40.9431],[12.8507,40.9432],[12.8507,40.9433],[12.8508,40.9434],[12.8508,40.9435],[12.8508,40.9436],[12.8508,40.9437],[12.8508,40.9437]]],[[[12.8542,40.9496],[12.8516,40.9253],[12.8628,40.9295],[12.8542,40.9496]]],[[[13.057,40.9746],[13.0481,40.9673],[13.065,40.9669],[13.057,40.9746]]],[[[12.2519,41.7369],[12.2516,41.7364],[12.2517,41.7364],[12.2519,41.7369]]],[[[12.249,41.7375],[12.2486,41.7366],[12.2487,41.7366],[12.249,41.7375]]],[[[12.2436,41.7379],[12.2434,41.7379],[12.2438,41.7378],[12.2436,41.7379]]],[[[11.4521,42.3823],[11.5634,42.3348],[11.6633,42.2696],[11.7905,42.0915],[11.7718,42.0999],[11.8068,42.0804],[11.835,42.0288],[11.9157,42.0394],[12.141,41.9161],[12.2032,41.8305],[12.2225,41.7439],[12.2562,41.7462],[12.2344,41.7397],[12.352,41.697],[12.4358,41.6421],[12.5528,41.534],[12.6179,41.4474],[12.673,41.4558],[12.7647,41.4076],[12.8392,41.4146],[12.9022,41.3914],[12.9896,41.3253],[13.0455,41.2268],[13.096,41.2242],[13.162,41.2719],[13.2894,41.2976],[13.3842,41.2781],[13.5498,41.2066],[13.5897,41.2071],[13.5716,41.2162],[13.5717,41.2369],[13.6213,41.2608],[13.682,41.2441],[13.7069,41.2539],[13.7621,41.2226],[13.7754,41.2438],[13.8335,41.2522],[13.8288,41.2814],[13.8897,41.2975],[13.8688,41.3627],[13.8886,41.4008],[13.8612,41.4176],[13.9026,41.4227],[13.9779,41.4625],[13.9928,41.4821],[13.978,41.5007],[14.0275,41.5232],[14.0053,41.5385],[14.026,41.5557],[13.9989,41.5745],[14.0118,41.6083],[13.9876,41.656],[13.8959,41.7338],[13.8564,41.7312],[13.8116,41.7543],[13.7629,41.7488],[13.7296,41.7989],[13.7048,41.7876],[13.6629,41.8113],[13.5718,41.7543],[13.5204,41.773],[13.5057,41.8013],[13.4169,41.8347],[13.3805,41.8171],[13.3575,41.8694],[13.384,41.9042],[13.3644,41.9248],[13.105,42.026],[13.101,42.008],[13.0648,42.0124],[13.0266,42.05],[13.0308,42.1221],[13.045,42.1163],[13.0843,42.1417],[13.0876,42.1782],[13.1234,42.177],[13.1697,42.1507],[13.1953,42.1582],[13.2488,42.1274],[13.3045,42.1365],[13.3232,42.1614],[13.3546,42.1674],[13.3424,42.1768],[13.3799,42.1804],[13.3405,42.199],[13.3356,42.2224],[13.2821,42.2372],[13.2397,42.2701],[13.2265,42.3193],[13.1533,42.357],[13.1894,42.3811],[13.189,42.4005],[13.1162,42.4439],[13.1784,42.4793],[13.1778,42.5126],[13.1558,42.5401],[13.1768,42.5473],[13.1914,42.5875],[13.2459,42.5727],[13.2794,42.5833],[13.2933,42.5695],[13.394,42.5913],[13.4083,42.6429],[13.3699,42.649],[13.3467,42.6706],[13.3578,42.6941],[13.2863,42.7404],[13.2645,42.7402],[13.2544,42.7215],[13.1892,42.7336],[13.182,42.6793],[13.1455,42.6462],[13.1291,42.6596],[13.0633,42.6233],[13.0256,42.6391],[13.0043,42.6152],[12.8805,42.6093],[12.8927,42.5635],[12.7111,42.5008],[12.7416,42.4705],[12.6746,42.4424],[12.6499,42.4431],[12.6411,42.4678],[12.621,42.4685],[12.6064,42.4025],[12.5263,42.3641],[12.5111,42.4036],[12.4514,42.3962],[12.4636,42.4291],[12.4137,42.4256],[12.4137,42.4552],[12.4304,42.458],[12.4124,42.4676],[12.4278,42.4869],[12.419,42.4977],[12.3918,42.4988],[12.3514,42.4737],[12.3254,42.4948],[12.2904,42.4916],[12.3074,42.4973],[12.2746,42.5095],[12.2903,42.519],[12.2665,42.5342],[12.2751,42.5598],[12.2387,42.572],[12.2463,42.6026],[12.2282,42.6108],[12.2429,42.6291],[12.2043,42.6605],[12.162,42.677],[12.1241,42.6493],[12.1067,42.6647],[12.03,42.6432],[11.9413,42.6833],[11.9488,42.696],[11.9301,42.7129],[11.9631,42.7269],[11.9795,42.7646],[11.9274,42.7809],[11.9056,42.8325],[11.8491,42.8387],[11.8137,42.8227],[11.8069,42.7949],[11.7685,42.82],[11.746,42.7858],[11.8195,42.7454],[11.8016,42.7072],[11.7755,42.7095],[11.8048,42.644],[11.7498,42.6396],[11.736,42.6067],[11.7111,42.6109],[11.6434,42.5663],[11.5792,42.568],[11.5887,42.5427],[11.5601,42.5159],[11.6163,42.4886],[11.6178,42.4361],[11.4889,42.4394],[11.4521,42.3823]],[[12.6562,41.7343],[12.6557,41.734],[12.6552,41.7343],[12.6549,41.7347],[12.6547,41.735],[12.6543,41.7358],[12.654,41.7365],[12.6537,41.737],[12.6536,41.7371],[12.6529,41.7378],[12.6529,41.7379],[12.6529,41.7384],[12.6529,41.7387],[12.6528,41.739],[12.6527,41.7392],[12.6525,41.7394],[12.6519,41.7399],[12.6516,41.7402],[12.6516,41.7405],[12.6515,41.7412],[12.6514,41.7416],[12.6512,41.7419],[12.651,41.7423],[12.6509,41.7425],[12.651,41.743],[12.651,41.7433],[12.6508,41.7434],[12.6504,41.7435],[12.6501,41.7437],[12.6498,41.7439],[12.6498,41.744],[12.649,41.7455],[12.6484,41.7466],[12.6484,41.7468],[12.6486,41.7476],[12.6489,41.7485],[12.6489,41.7488],[12.6493,41.7489],[12.6493,41.7488],[12.6493,41.7486],[12.6496,41.7484],[12.6498,41.7481],[12.65,41.748],[12.6503,41.7479],[12.6504,41.7478],[12.6506,41.7476],[12.6507,41.747],[12.6503,41.7469],[12.65,41.7469],[12.6498,41.7469],[12.6497,41.7467],[12.6498,41.7466],[12.6499,41.7464],[12.6501,41.7464],[12.6502,41.7461],[12.6505,41.7454],[12.6507,41.7449],[12.6506,41.7448],[12.6506,41.7445],[12.6507,41.7443],[12.651,41.7442],[12.6512,41.7442],[12.6513,41.7441],[12.6515,41.744],[12.6517,41.7436],[12.6518,41.7437],[12.6519,41.7436],[12.652,41.7435],[12.6528,41.7426],[12.6529,41.7425],[12.6536,41.7416],[12.654,41.7412],[12.6549,41.7405],[12.6557,41.7398],[12.6561,41.7396],[12.6565,41.7394],[12.6566,41.7393],[12.6571,41.7387],[12.6574,41.7383],[12.6578,41.7381],[12.6585,41.7377],[12.659,41.7373],[12.6595,41.7369],[12.6604,41.7363],[12.6607,41.736],[12.6608,41.7359],[12.6612,41.7357],[12.6603,41.7354],[12.6604,41.7353],[12.6602,41.7353],[12.6565,41.7343],[12.6563,41.7343],[12.6562,41.7343]],[[12.4544,41.9003],[12.4527,41.9006],[12.4526,41.9004],[12.4515,41.9005],[12.4508,41.9006],[12.4508,41.9006],[12.4508,41.9008],[12.4495,41.901],[12.4491,41.901],[12.4488,41.901],[12.4488,41.901],[12.4488,41.9009],[12.4488,41.9008],[12.4479,41.9007],[12.4477,41.9009],[12.4479,41.901],[12.4471,41.9015],[12.4467,41.9018],[12.4465,41.9017],[12.4457,41.902],[12.4466,41.9024],[12.4468,41.9022],[12.4473,41.9026],[12.4478,41.903],[12.4476,41.9032],[12.4477,41.9034],[12.4483,41.9037],[12.4486,41.9037],[12.4487,41.904],[12.4489,41.9044],[12.449,41.9047],[12.4488,41.9047],[12.4489,41.9051],[12.4492,41.9052],[12.4505,41.9059],[12.4502,41.906],[12.4504,41.9065],[12.4505,41.9065],[12.4509,41.9066],[12.4513,41.9066],[12.4514,41.9064],[12.4514,41.9064],[12.452,41.9065],[12.452,41.9066],[12.4526,41.9067],[12.4531,41.9067],[12.4531,41.9067],[12.4535,41.9068],[12.4538,41.9068],[12.4537,41.907],[12.4547,41.9072],[12.4546,41.9073],[12.4548,41.9073],[12.455,41.9074],[12.4551,41.9074],[12.4552,41.9075],[12.4554,41.9075],[12.4555,41.9076],[12.4556,41.9074],[12.4557,41.9073],[12.4557,41.9071],[12.4557,41.907],[12.4557,41.9069],[12.4557,41.9067],[12.4558,41.9066],[12.4558,41.9064],[12.4559,41.9064],[12.456,41.9063],[12.4562,41.9063],[12.4564,41.9063],[12.4565,41.9063],[12.4567,41.9062],[12.4568,41.9062],[12.457,41.9062],[12.4571,41.9061],[12.4573,41.906],[12.4575,41.906],[12.4577,41.9059],[12.4577,41.9058],[12.4577,41.9057],[12.4577,41.9056],[12.4577,41.9055],[12.4577,41.9054],[12.4577,41.9052],[12.4577,41.905],[12.4577,41.9049],[12.4577,41.9048],[12.4577,41.9046],[12.4577,41.9045],[12.4577,41.9044],[12.4577,41.9043],[12.4577,41.9042],[12.4577,41.904],[12.4577,41.9038],[12.4576,41.9037],[12.4576,41.9035],[12.4577,41.9034],[12.4578,41.9034],[12.4579,41.9034],[12.458,41.9032],[12.4581,41.9031],[12.4582,41.903],[12.4582,41.9029],[12.4583,41.9028],[12.4583,41.9027],[12.4584,41.9026],[12.4584,41.9024],[12.4585,41.9023],[12.4584,41.9021],[12.4584,41.902],[12.4584,41.9019],[12.4583,41.9018],[12.4582,41.9016],[12.4581,41.9015],[12.458,41.9014],[12.4579,41.9013],[12.4577,41.9013],[12.4575,41.9012],[12.4574,41.9011],[12.4572,41.9011],[12.4569,41.9012],[12.4568,41.9012],[12.4567,41.9012],[12.4565,41.9013],[12.4565,41.9011],[12.4565,41.901],[12.4565,41.9008],[12.4565,41.9006],[12.4565,41.9005],[12.4565,41.9004],[12.4545,41.9005],[12.4544,41.9003]]]]},"properties":{"name":"Lazio","iso":""}},{"type":"Feature","geometry":{"type":"MultiPolygon","coordinates":[[[[14.2331,42.4654],[14.2316,42.4655],[14.2316,42.4654],[14.2331,42.4654]]],[[[14.233,42.4658],[14.2316,42.4659],[14.2316,42.4659],[14.233,42.4658]]],[[[13.3578,42.6941],[13.3476,42.669],[13.4096,42.6397],[13.394,42.5913],[13.2933,42.5695],[13.2794,42.5833],[13.2459,42.5727],[13.1914,42.5875],[13.1768,42.5473],[13.1558,42.5401],[13.1778,42.5126],[13.1784,42.4793],[13.1162,42.4439],[13.189,42.4005],[13.1894,42.3811],[13.1533,42.357],[13.2265,42.3193],[13.2397,42.2701],[13.2821,42.2372],[13.3356,42.2224],[13.3405,42.199],[13.3799,42.1804],[13.3424,42.1768],[13.3546,42.1674],[13.3232,42.1614],[13.3045,42.1365],[13.2488,42.1274],[13.1953,42.1582],[13.1697,42.1507],[13.1234,42.177],[13.0876,42.1782],[13.0848,42.1422],[13.045,42.1163],[13.0308,42.1221],[13.0185,42.0749],[13.0545,42.0164],[13.101,42.008],[13.105,42.026],[13.3644,41.9248],[13.384,41.9042],[13.3575,41.8694],[13.3795,41.8175],[13.4169,41.8347],[13.5057,41.8013],[13.5204,41.773],[13.5718,41.7543],[13.6313,41.7826],[13.6477,41.811],[13.7048,41.7876],[13.7296,41.7989],[13.7629,41.7488],[13.8116,41.7543],[13.8564,41.7312],[13.8917,41.7352],[13.9397,41.6885],[13.9808,41.6953],[14.0188,41.6821],[14.0269,41.7027],[14.0533,41.7018],[14.0696,41.7372],[14.0946,41.7378],[14.1072,41.7074],[14.1219,41.7465],[14.1587,41.747],[14.1718,41.7658],[14.1942,41.7481],[14.2019,41.767],[14.1715,41.7784],[14.1472,41.8273],[14.2166,41.8534],[14.2252,41.8744],[14.2842,41.9108],[14.3239,41.8963],[14.343,41.8625],[14.3767,41.8799],[14.3785,41.8661],[14.3972,41.8698],[14.4423,41.8413],[14.467,41.7771],[14.4546,41.7637],[14.4892,41.7608],[14.568,41.8181],[14.6142,41.8892],[14.6636,41.916],[14.6677,41.9453],[14.7169,41.9943],[14.7829,42.0332],[14.7608,42.0422],[14.7794,42.0701],[14.7181,42.1059],[14.7123,42.1801],[14.6232,42.1983],[14.5096,42.2515],[14.5009,42.2732],[14.4253,42.3267],[14.4088,42.3577],[14.4189,42.3553],[14.2597,42.441],[14.1129,42.5597],[13.9962,42.7075],[13.944,42.8043],[13.9206,42.8937],[13.7225,42.8553],[13.6993,42.8226],[13.6548,42.805],[13.6244,42.8165],[13.5722,42.8004],[13.5345,42.8167],[13.4934,42.7366],[13.448,42.7322],[13.437,42.6989],[13.3578,42.6941]]]]},"properties":{"name":"Abruzzo","iso":""}},{"type":"Feature","geometry":{"type":"Polygon","coordinates":[[[13.9779,41.4625],[14.007,41.4519],[14.0023,41.4282],[14.0424,41.3928],[14.0842,41.4001],[14.1114,41.3864],[14.1057,41.4224],[14.0784,41.4477],[14.1195,41.5065],[14.165,41.4788],[14.1738,41.5007],[14.2407,41.4972],[14.3272,41.4534],[14.4773,41.419],[14.5051,41.3825],[14.5518,41.3794],[14.5666,41.3922],[14.603,41.364],[14.6629,41.3941],[14.6636,41.407],[14.7539,41.41],[14.7859,41.4524],[14.8561,41.4247],[14.9823,41.4691],[15.0076,41.4864],[14.9374,41.5271],[14.9533,41.6086],[14.9341,41.6202],[14.9595,41.646],[15.0255,41.6223],[15.0502,41.6573],[15.1615,41.7094],[15.1211,41.7202],[15.097,41.7674],[15.1179,41.8012],[15.1038,41.847],[15.1418,41.8795],[15.1385,41.9287],[15.0791,41.9426],[15.0041,41.991],[15.0047,42.0066],[14.8967,42.0222],[14.7797,42.07],[14.7608,42.0422],[14.7804,42.0299],[14.7169,41.9943],[14.6677,41.9453],[14.6636,41.916],[14.6142,41.8892],[14.568,41.8181],[14.4853,41.7597],[14.4546,41.7637],[14.467,41.7771],[14.4423,41.8413],[14.3972,41.8698],[14.3785,41.8661],[14.3767,41.8799],[14.343,41.8625],[14.3239,41.8963],[14.2804,41.91],[14.2252,41.8744],[14.2166,41.8534],[14.1472,41.8273],[14.1715,41.7784],[14.2019,41.767],[14.1942,41.7481],[14.1718,41.7658],[14.1587,41.747],[14.1219,41.7465],[14.1072,41.7074],[14.0946,41.7378],[14.0696,41.7372],[14.0533,41.7018],[14.0269,41.7027],[14.0188,41.6821],[13.9808,41.6953],[13.941,41.688],[13.9876,41.656],[14.0118,41.6083],[13.9989,41.5745],[14.026,41.5557],[14.0053,41.5385],[14.0275,41.5232],[13.9727,41.4937],[13.9928,41.4821],[13.9779,41.4625]]]},"properties":{"name":"Molise","iso":""}},{"type":"Feature","geometry":{"type":"MultiPolygon","coordinates":[[[[15.2942,40.0241],[15.2942,40.0242],[15.2941,40.0243],[15.294,40.0243],[15.294,40.0242],[15.294,40.0241],[15.2941,40.024],[15.2942,40.0239],[15.2942,40.0239],[15.2943,40.0238],[15.2943,40.0237],[15.2945,40.0236],[15.2946,40.0237],[15.2947,40.0237],[15.2947,40.0237],[15.2947,40.0238],[15.2947,40.0239],[15.2946,40.0241],[15.2945,40.0241],[15.2945,40.0241],[15.2944,40.0241],[15.2943,40.0241],[15.2942,40.0241]]],[[[14.9006,40.2518],[14.9008,40.252],[14.9005,40.252],[14.8999,40.2518],[14.8993,40.2519],[14.8991,40.2515],[14.8997,40.2515],[14.8998,40.251],[14.8997,40.2509],[14.8996,40.2505],[14.8993,40.2505],[14.8993,40.2507],[14.899,40.2507],[14.899,40.2505],[14.8992,40.2502],[14.8996,40.2501],[14.9003,40.2504],[14.9002,40.2508],[14.9002,40.2509],[14.9002,40.251],[14.9003,40.2512],[14.9004,40.2513],[14.9005,40.2515],[14.9006,40.2518]]],[[[14.2535,40.5405],[14.2534,40.5406],[14.2533,40.5406],[14.2531,40.5405],[14.253,40.5405],[14.2529,40.5405],[14.2528,40.5404],[14.2527,40.5404],[14.2526,40.5403],[14.2517,40.5395],[14.2517,40.5394],[14.252,40.5394],[14.2522,40.5394],[14.2525,40.5395],[14.2526,40.5396],[14.2527,40.5396],[14.2528,40.5396],[14.2529,40.5397],[14.2529,40.5397],[14.253,40.5397],[14.2531,40.5398],[14.2532,40.5398],[14.2535,40.54],[14.2537,40.5401],[14.2539,40.5402],[14.2538,40.5403],[14.2537,40.5403],[14.2536,40.5403],[14.2535,40.5405]]],[[[14.2529,40.5413],[14.2528,40.5413],[14.2526,40.5412],[14.2525,40.5411],[14.2524,40.541],[14.2523,40.541],[14.2523,40.5409],[14.2522,40.5409],[14.252,40.5406],[14.2521,40.5406],[14.2522,40.5405],[14.2522,40.5404],[14.2524,40.5405],[14.2526,40.5405],[14.2528,40.5405],[14.2529,40.5405],[14.253,40.5406],[14.2532,40.5406],[14.2533,40.5407],[14.2533,40.5407],[14.2533,40.5409],[14.2531,40.5408],[14.253,40.5408],[14.253,40.5409],[14.2531,40.5409],[14.2532,40.541],[14.2533,40.541],[14.2532,40.5411],[14.2533,40.5411],[14.2531,40.5412],[14.2528,40.5412],[14.2529,40.5413]]],[[[14.2566,40.5429],[14.2567,40.543],[14.2568,40.543],[14.2569,40.5432],[14.2569,40.5432],[14.2569,40.5433],[14.2569,40.5434],[14.257,40.5435],[14.2571,40.5436],[14.2571,40.5437],[14.2571,40.5437],[14.2571,40.5437],[14.2571,40.5438],[14.257,40.5438],[14.2569,40.5439],[14.2568,40.5439],[14.2567,40.544],[14.2566,40.544],[14.2565,40.544],[14.2564,40.5438],[14.2564,40.5437],[14.2564,40.5436],[14.2564,40.5436],[14.2563,40.5436],[14.2563,40.5435],[14.2563,40.5434],[14.2562,40.5433],[14.2562,40.5433],[14.2562,40.5432],[14.256,40.543],[14.2562,40.5429],[14.2563,40.5429],[14.2564,40.5429],[14.2566,40.5429]]],[[[14.2611,40.5607],[14.1997,40.561],[14.197,40.5361],[14.2529,40.5416],[14.2611,40.5607]]],[[[14.431,40.5793],[14.4311,40.5796],[14.431,40.5799],[14.4307,40.5804],[14.4307,40.5807],[14.4302,40.5805],[14.4297,40.5804],[14.4294,40.5803],[14.4293,40.5802],[14.4291,40.5801],[14.4291,40.5801],[14.4291,40.5801],[14.4291,40.5801],[14.4291,40.58],[14.4291,40.58],[14.4291,40.5799],[14.4291,40.5799],[14.4292,40.5797],[14.4297,40.5793],[14.4299,40.5793],[14.4304,40.5792],[14.4305,40.5791],[14.431,40.5793]]],[[[14.4293,40.5821],[14.429,40.5823],[14.4288,40.582],[14.4287,40.5815],[14.4287,40.581],[14.4289,40.5809],[14.4292,40.581],[14.4294,40.5811],[14.4297,40.5811],[14.4301,40.5811],[14.4302,40.5813],[14.4303,40.5814],[14.4305,40.5815],[14.4306,40.5815],[14.4309,40.5816],[14.431,40.5819],[14.4308,40.582],[14.4306,40.5821],[14.4303,40.5821],[14.43,40.582],[14.4295,40.5819],[14.4293,40.5821]]],[[[14.4346,40.5835],[14.4343,40.5836],[14.4341,40.5835],[14.4339,40.5835],[14.4338,40.5836],[14.4335,40.5834],[14.4333,40.5831],[14.4328,40.5829],[14.4323,40.5826],[14.4323,40.5826],[14.4322,40.5825],[14.4322,40.5824],[14.4324,40.5822],[14.433,40.5823],[14.4335,40.5824],[14.4338,40.5824],[14.4341,40.5822],[14.4344,40.5821],[14.4347,40.582],[14.4349,40.5819],[14.4351,40.5817],[14.4354,40.5819],[14.4354,40.5818],[14.4355,40.5818],[14.4356,40.5816],[14.4358,40.5812],[14.4359,40.5809],[14.4359,40.5807],[14.436,40.5806],[14.436,40.5805],[14.4364,40.5805],[14.4369,40.5806],[14.4363,40.5811],[14.4363,40.5814],[14.4361,40.5822],[14.4359,40.5826],[14.4355,40.5828],[14.4352,40.5827],[14.4349,40.5825],[14.4348,40.5825],[14.4347,40.5826],[14.4348,40.5827],[14.435,40.5828],[14.435,40.5828],[14.4351,40.5829],[14.435,40.5831],[14.435,40.5832],[14.4346,40.5835]]],[[[14.3778,40.5889],[14.3778,40.5891],[14.3777,40.5891],[14.3776,40.5891],[14.3773,40.589],[14.3772,40.589],[14.377,40.5889],[14.3767,40.5889],[14.3766,40.5888],[14.3763,40.5888],[14.3761,40.5888],[14.376,40.5888],[14.3759,40.5887],[14.3758,40.5887],[14.3758,40.5885],[14.3757,40.5883],[14.3757,40.5881],[14.3756,40.5881],[14.3754,40.588],[14.3753,40.5879],[14.3754,40.5877],[14.3755,40.5875],[14.3756,40.5875],[14.3758,40.5875],[14.3759,40.5875],[14.3761,40.5875],[14.3764,40.5874],[14.3765,40.5874],[14.3767,40.5872],[14.3768,40.5872],[14.3769,40.5872],[14.3771,40.5874],[14.3772,40.5875],[14.3774,40.5877],[14.3776,40.5878],[14.3776,40.588],[14.3777,40.5882],[14.3777,40.5883],[14.3777,40.5884],[14.3777,40.5886],[14.3778,40.5887],[14.3778,40.5889]]],[[[14.4637,40.7298],[14.4637,40.7298],[14.4637,40.7299],[14.4637,40.7299],[14.4637,40.73],[14.4638,40.73],[14.4638,40.7301],[14.4638,40.7301],[14.4638,40.7301],[14.4637,40.7301],[14.4637,40.7301],[14.4636,40.7301],[14.4634,40.73],[14.4634,40.73],[14.4634,40.7299],[14.4635,40.7299],[14.4636,40.7299],[14.4636,40.7297],[14.4636,40.7297],[14.4637,40.7296],[14.4637,40.7296],[14.4637,40.7296],[14.4636,40.7296],[14.4636,40.7296],[14.4635,40.7296],[14.4635,40.7296],[14.4634,40.7297],[14.4634,40.7297],[14.4633,40.7297],[14.4633,40.7296],[14.4633,40.7295],[14.4632,40.7295],[14.4632,40.7296],[14.4632,40.7296],[14.4631,40.7296],[14.4631,40.7296],[14.4631,40.7295],[14.463,40.7295],[14.463,40.7296],[14.463,40.7296],[14.4629,40.7296],[14.4628,40.7296],[14.4628,40.7295],[14.4627,40.7295],[14.4626,40.7295],[14.4626,40.7294],[14.4626,40.7294],[14.4627,40.7293],[14.4627,40.7293],[14.4628,40.7294],[14.4628,40.7294],[14.4628,40.7293],[14.4629,40.7293],[14.463,40.7294],[14.463,40.7294],[14.463,40.7293],[14.463,40.7293],[14.463,40.7293],[14.4631,40.7293],[14.4631,40.7292],[14.4631,40.7292],[14.4632,40.7292],[14.4632,40.7291],[14.4632,40.7291],[14.4633,40.7291],[14.4634,40.729],[14.4634,40.729],[14.4635,40.7289],[14.4636,40.7289],[14.4636,40.729],[14.4636,40.7291],[14.4636,40.7291],[14.4635,40.7291],[14.4634,40.7292],[14.4633,40.7293],[14.4633,40.7293],[14.4634,40.7293],[14.4634,40.7293],[14.4635,40.7293],[14.4635,40.7293],[14.4636,40.7293],[14.4636,40.7293],[14.4637,40.7293],[14.4637,40.7293],[14.4637,40.7294],[14.4638,40.7294],[14.4638,40.7295],[14.4639,40.7295],[14.464,40.7294],[14.464,40.7295],[14.4641,40.7295],[14.464,40.7296],[14.464,40.7296],[14.4639,40.7296],[14.4639,40.7297],[14.464,40.7297],[14.464,40.7297],[14.464,40.7298],[14.4639,40.7298],[14.4639,40.7298],[14.4638,40.7298],[14.4637,40.7298]]],[[[13.8719,40.7606],[13.851,40.711],[13.8689,40.6991],[13.8937,40.6921],[13.9653,40.7127],[13.9669,40.732],[13.9424,40.7484],[13.8719,40.7606]]],[[[14.0171,40.7698],[13.9904,40.7428],[14.0176,40.7394],[14.037,40.7647],[14.0171,40.7698]]],[[[14.187,40.7918],[14.187,40.7919],[14.187,40.792],[14.1869,40.792],[14.1867,40.7921],[14.1868,40.7922],[14.1868,40.7922],[14.1867,40.7921],[14.1867,40.792],[14.1867,40.792],[14.1867,40.7919],[14.1866,40.7918],[14.1865,40.7917],[14.1865,40.7916],[14.1865,40.7916],[14.1865,40.7915],[14.1865,40.7915],[14.1866,40.7915],[14.1866,40.7916],[14.1867,40.7916],[14.1868,40.7917],[14.1868,40.7917],[14.1869,40.7917],[14.1869,40.7918],[14.187,40.7917],[14.1869,40.7917],[14.1868,40.7914],[14.1868,40.7913],[14.1868,40.7912],[14.1869,40.7913],[14.1869,40.7913],[14.1871,40.7913],[14.1871,40.7914],[14.1871,40.7915],[14.1872,40.7915],[14.1872,40.7916],[14.1873,40.7916],[14.1874,40.7918],[14.1874,40.7919],[14.1875,40.7919],[14.1875,40.792],[14.1875,40.7921],[14.1875,40.792],[14.1875,40.792],[14.1874,40.7919],[14.1873,40.7919],[14.1872,40.7919],[14.1871,40.7918],[14.187,40.7918]]],[[[14.3603,40.7849],[14.3609,40.785],[14.3608,40.785],[14.3603,40.7849]]],[[[14.3601,40.7854],[14.3608,40.7854],[14.3607,40.7855],[14.3601,40.7854]]],[[[14.3601,40.7857],[14.3607,40.7857],[14.3607,40.7857],[14.3601,40.7857]]],[[[14.1592,40.808],[14.1592,40.808],[14.1591,40.808],[14.1589,40.808],[14.1589,40.8079],[14.159,40.8079],[14.1591,40.8079],[14.1591,40.808],[14.1592,40.808]]],[[[14.2215,40.8255],[14.2217,40.8255],[14.2222,40.8259],[14.2222,40.8259],[14.222,40.8258],[14.2216,40.8256],[14.2215,40.8255]]],[[[14.2206,40.8264],[14.2207,40.8264],[14.2207,40.8264],[14.2207,40.8264],[14.2206,40.8264]]],[[[14.2218,40.8272],[14.2218,40.8273],[14.2212,40.8277],[14.2217,40.8272],[14.2218,40.8272],[14.2218,40.8272]]],[[[14.3026,40.8318],[14.3026,40.8318],[14.3024,40.8319],[14.3024,40.8319],[14.3025,40.8318],[14.3026,40.8317],[14.3026,40.8318]]],[[[13.7621,41.2226],[13.8351,41.1637],[13.8944,41.0905],[13.9224,41.0243],[14.0246,40.9151],[14.047,40.8522],[14.0392,40.792],[14.0895,40.7778],[14.0716,40.8188],[14.1045,40.8317],[14.1624,40.8152],[14.1734,40.8021],[14.1614,40.7928],[14.1878,40.7921],[14.2248,40.8302],[14.2762,40.8302],[14.252,40.8362],[14.2739,40.8447],[14.3954,40.7594],[14.4615,40.7421],[14.4792,40.6959],[14.4036,40.6563],[14.4012,40.6383],[14.3394,40.6282],[14.3245,40.569],[14.4864,40.6276],[14.5283,40.6069],[14.5721,40.6114],[14.627,40.649],[14.6919,40.6333],[14.7476,40.6778],[14.7438,40.6635],[14.7582,40.6777],[14.8192,40.6437],[14.8947,40.565],[14.9991,40.3897],[14.9973,40.3569],[14.9456,40.3369],[14.9435,40.2757],[14.9058,40.2547],[14.9089,40.2434],[14.9911,40.2188],[15.0394,40.1701],[15.1321,40.1715],[15.1792,40.1247],[15.2057,40.1235],[15.271,40.0745],[15.2853,40.035],[15.2709,40.0224],[15.3149,40.0319],[15.3535,39.9998],[15.419,39.9906],[15.4601,40.0337],[15.5307,40.0738],[15.6255,40.0741],[15.6322,40.0504],[15.6574,40.0472],[15.6758,40.0642],[15.6517,40.0789],[15.6778,40.0844],[15.7058,40.1177],[15.712,40.1779],[15.7296,40.1995],[15.797,40.2237],[15.7874,40.2366],[15.8058,40.2745],[15.7269,40.3154],[15.7047,40.3422],[15.7101,40.3773],[15.6627,40.3925],[15.5382,40.4886],[15.5505,40.5092],[15.5266,40.5573],[15.5393,40.5681],[15.4495,40.6091],[15.5036,40.6637],[15.3815,40.7242],[15.3883,40.7954],[15.3666,40.7983],[15.3805,40.811],[15.335,40.8349],[15.3777,40.8364],[15.379,40.8676],[15.3542,40.8827],[15.4606,40.8671],[15.4676,40.8896],[15.5272,40.9078],[15.5669,40.9695],[15.5632,41.031],[15.5429,41.0559],[15.4461,41.078],[15.4013,41.106],[15.3671,41.0848],[15.3144,41.1039],[15.2929,41.0918],[15.2108,41.1487],[15.2222,41.1807],[15.2624,41.1976],[15.2462,41.2361],[15.2757,41.2495],[15.2498,41.2708],[15.2204,41.2652],[15.2007,41.2864],[15.1487,41.2804],[15.1306,41.3175],[15.0722,41.3325],[15.0585,41.3721],[15.0983,41.3906],[15.0866,41.4072],[15.1008,41.4297],[15.0468,41.4433],[15.0076,41.4864],[14.8561,41.4247],[14.7849,41.4521],[14.7539,41.41],[14.6636,41.407],[14.6629,41.3941],[14.603,41.364],[14.5666,41.3922],[14.5518,41.3794],[14.5051,41.3825],[14.4773,41.419],[14.3272,41.4534],[14.2791,41.4864],[14.1738,41.5007],[14.165,41.4788],[14.1208,41.507],[14.0784,41.4477],[14.1057,41.4224],[14.1114,41.3864],[14.0842,41.4001],[14.0424,41.3928],[14.0023,41.4282],[14.007,41.4519],[13.976,41.4635],[13.9026,41.4227],[13.8618,41.4181],[13.8886,41.4008],[13.8688,41.3627],[13.8897,41.2975],[13.8288,41.2814],[13.8335,41.2522],[13.7754,41.2438],[13.7621,41.2226]]]]},"properties":{"name":"Campania","iso":""}},{"type":"Feature","geometry":{"type":"MultiPolygon","coordinates":[[[[18.1225,39.8799],[18.1225,39.88],[18.1225,39.88],[18.1224,39.8801],[18.1224,39.8801],[18.1223,39.8801],[18.1222,39.8801],[18.1222,39.8801],[18.1222,39.8801],[18.1222,39.88],[18.1222,39.88],[18.1223,39.8799],[18.1224,39.8799],[18.1225,39.8799]]],[[[18.1189,39.8826],[18.119,39.8826],[18.1189,39.8827],[18.119,39.8828],[18.1189,39.8828],[18.1188,39.8829],[18.1187,39.883],[18.1186,39.883],[18.1184,39.8831],[18.1183,39.8831],[18.1182,39.8832],[18.1181,39.8832],[18.118,39.8831],[18.118,39.8831],[18.1181,39.883],[18.1182,39.8829],[18.1183,39.8828],[18.1185,39.8827],[18.1186,39.8827],[18.1188,39.8826],[18.1189,39.8826]]],[[[18.0961,39.8951],[18.0959,39.8952],[18.0959,39.8952],[18.0958,39.8952],[18.0957,39.8951],[18.0958,39.895],[18.0959,39.8949],[18.0959,39.8949],[18.0959,39.8946],[18.096,39.8946],[18.0961,39.8945],[18.0961,39.8945],[18.0961,39.8945],[18.0962,39.8945],[18.0962,39.8945],[18.0964,39.8943],[18.0965,39.8943],[18.0966,39.8943],[18.0967,39.8944],[18.0967,39.8945],[18.0966,39.8946],[18.0966,39.8947],[18.0966,39.8947],[18.0966,39.8948],[18.0967,39.8949],[18.0967,39.895],[18.0966,39.8951],[18.0965,39.8951],[18.0964,39.8951],[18.0962,39.8951],[18.0961,39.8951]]],[[[17.9532,40.0514],[17.9533,40.0514],[17.9533,40.0514],[17.9532,40.0514],[17.9531,40.0515],[17.9531,40.0514],[17.9532,40.0514]]],[[[17.9532,40.0514],[17.9531,40.0513],[17.9531,40.0513],[17.9529,40.0514],[17.9529,40.0515],[17.9527,40.0515],[17.9526,40.0516],[17.9524,40.0517],[17.9524,40.0517],[17.9523,40.0517],[17.9522,40.0518],[17.952,40.0518],[17.9518,40.0518],[17.9515,40.0519],[17.9513,40.052],[17.9511,40.0521],[17.951,40.0522],[17.9508,40.0523],[17.9506,40.0524],[17.9504,40.0525],[17.9503,40.0524],[17.9501,40.0525],[17.9499,40.0526],[17.9496,40.0527],[17.9495,40.0528],[17.9492,40.0529],[17.9491,40.0531],[17.949,40.0531],[17.9489,40.0532],[17.9488,40.0533],[17.9487,40.0533],[17.9486,40.0533],[17.9485,40.0531],[17.9484,40.0529],[17.9483,40.0529],[17.948,40.0527],[17.9481,40.0526],[17.9479,40.0524],[17.9478,40.0524],[17.9476,40.0522],[17.9476,40.0521],[17.9475,40.052],[17.9473,40.0517],[17.9471,40.0516],[17.9469,40.0514],[17.9468,40.0512],[17.9465,40.0508],[17.9462,40.0504],[17.946,40.0501],[17.9458,40.0499],[17.9455,40.0496],[17.9451,40.0492],[17.9449,40.0491],[17.9449,40.0488],[17.9452,40.0485],[17.9451,40.0483],[17.945,40.048],[17.945,40.0476],[17.9447,40.0471],[17.9447,40.0469],[17.9448,40.0467],[17.945,40.0464],[17.945,40.0463],[17.9449,40.0462],[17.9451,40.0461],[17.9452,40.046],[17.9455,40.0459],[17.9456,40.0459],[17.9457,40.0457],[17.9461,40.0455],[17.9464,40.0454],[17.9466,40.0453],[17.947,40.0453],[17.9472,40.0453],[17.9474,40.0452],[17.9476,40.0452],[17.9476,40.0452],[17.9478,40.0451],[17.9479,40.0452],[17.948,40.0452],[17.9482,40.0452],[17.9483,40.0451],[17.9484,40.0451],[17.9485,40.0451],[17.9486,40.0452],[17.9486,40.0452],[17.9487,40.0452],[17.9487,40.0452],[17.9487,40.0451],[17.9489,40.0452],[17.949,40.0452],[17.949,40.0453],[17.949,40.0453],[17.949,40.0453],[17.9491,40.0453],[17.9492,40.0454],[17.9492,40.0454],[17.9493,40.0454],[17.9493,40.0455],[17.9493,40.0455],[17.9493,40.0456],[17.9494,40.0456],[17.9494,40.0456],[17.9495,40.0456],[17.9495,40.0456],[17.9495,40.0457],[17.9496,40.0457],[17.9496,40.0457],[17.9498,40.0457],[17.9502,40.0458],[17.9502,40.0458],[17.9503,40.0459],[17.9503,40.0458],[17.9505,40.0459],[17.9506,40.046],[17.9507,40.0459],[17.9508,40.046],[17.951,40.046],[17.9513,40.0459],[17.9515,40.046],[17.9517,40.0461],[17.9519,40.0461],[17.9521,40.0462],[17.9522,40.0464],[17.9523,40.0465],[17.9524,40.0466],[17.9525,40.0468],[17.9525,40.0469],[17.9525,40.0469],[17.9526,40.047],[17.9527,40.0472],[17.9529,40.0473],[17.9532,40.0478],[17.9534,40.048],[17.9536,40.0481],[17.9537,40.0482],[17.9538,40.0484],[17.9537,40.0484],[17.9537,40.0484],[17.9538,40.0485],[17.954,40.0487],[17.9541,40.0488],[17.9542,40.0489],[17.9543,40.0489],[17.9544,40.0491],[17.9545,40.0492],[17.9546,40.0493],[17.9546,40.0495],[17.9547,40.0495],[17.9548,40.0496],[17.9549,40.0498],[17.955,40.0498],[17.9551,40.0499],[17.9551,40.0499],[17.9553,40.05],[17.9554,40.0501],[17.9554,40.0501],[17.9555,40.0502],[17.9555,40.0502],[17.9556,40.0503],[17.9556,40.0504],[17.9558,40.0505],[17.9559,40.0506],[17.9558,40.0507],[17.9557,40.0507],[17.9557,40.0508],[17.9556,40.0509],[17.9554,40.0509],[17.9554,40.0508],[17.9553,40.0509],[17.9551,40.0509],[17.9551,40.051],[17.955,40.051],[17.9549,40.051],[17.9548,40.051],[17.9548,40.051],[17.9547,40.0511],[17.9547,40.0511],[17.9546,40.0511],[17.9544,40.0511],[17.9544,40.051],[17.9543,40.051],[17.9542,40.0511],[17.9541,40.0511],[17.9539,40.0511],[17.9539,40.0511],[17.9538,40.0512],[17.9537,40.0512],[17.9537,40.0511],[17.9536,40.0512],[17.9536,40.0512],[17.9535,40.0512],[17.9535,40.0512],[17.9534,40.0513],[17.9534,40.0512],[17.9533,40.0513],[17.9532,40.0513],[17.9531,40.0513],[17.9532,40.0514]]],[[[17.9694,40.0542],[17.9693,40.0542],[17.9693,40.0543],[17.9693,40.0543],[17.9693,40.0543],[17.9693,40.0544],[17.9693,40.0544],[17.9693,40.0545],[17.9692,40.0545],[17.9692,40.0545],[17.9692,40.0544],[17.9692,40.0544],[17.9691,40.0544],[17.9691,40.0543],[17.9691,40.0543],[17.9691,40.0543],[17.969,40.0542],[17.9689,40.0542],[17.9689,40.0541],[17.9689,40.054],[17.969,40.0538],[17.969,40.0537],[17.9689,40.0536],[17.9688,40.0536],[17.9687,40.0534],[17.9687,40.0534],[17.9686,40.0531],[17.9685,40.0529],[17.9687,40.0529],[17.9688,40.0528],[17.9688,40.0528],[17.9688,40.0527],[17.9689,40.0527],[17.9688,40.0526],[17.9689,40.0527],[17.9689,40.0526],[17.969,40.0526],[17.9691,40.0527],[17.9691,40.0527],[17.969,40.0528],[17.969,40.0528],[17.9692,40.0528],[17.9692,40.0528],[17.9691,40.0528],[17.9691,40.0529],[17.9691,40.0529],[17.9691,40.053],[17.9691,40.053],[17.9691,40.0531],[17.9692,40.0531],[17.9692,40.0531],[17.9692,40.0532],[17.9692,40.0532],[17.9692,40.0533],[17.9692,40.0533],[17.9692,40.0534],[17.9691,40.0534],[17.9692,40.0534],[17.9692,40.0535],[17.9692,40.0535],[17.9692,40.0536],[17.9693,40.0537],[17.9695,40.0537],[17.9695,40.0538],[17.9696,40.0538],[17.9696,40.0539],[17.9697,40.0539],[17.9698,40.0539],[17.9698,40.0539],[17.9699,40.054],[17.97,40.054],[17.97,40.054],[17.9701,40.054],[17.9702,40.0541],[17.9703,40.0541],[17.9703,40.0541],[17.9703,40.0541],[17.9704,40.0542],[17.9703,40.0542],[17.9702,40.0543],[17.9703,40.0543],[17.9702,40.0543],[17.9701,40.0543],[17.9701,40.0543],[17.97,40.0543],[17.9699,40.0544],[17.9698,40.0544],[17.9698,40.0544],[17.9698,40.0543],[17.9697,40.0543],[17.9697,40.0543],[17.9696,40.0542],[17.9696,40.0543],[17.9695,40.0543],[17.9695,40.0543],[17.9694,40.0543],[17.9694,40.0543],[17.9694,40.0542]]],[[[18.5031,40.0922],[18.5033,40.0923],[18.5034,40.0924],[18.5034,40.0925],[18.5033,40.0926],[18.5032,40.0928],[18.5031,40.0928],[18.5031,40.0927],[18.503,40.0926],[18.503,40.0925],[18.5029,40.0924],[18.5029,40.0923],[18.5029,40.092],[18.5031,40.0922]]],[[[17.8905,40.2539],[17.8905,40.2539],[17.8905,40.2539],[17.8904,40.254],[17.8902,40.2539],[17.8901,40.2539],[17.8898,40.2538],[17.8896,40.2538],[17.8895,40.2538],[17.8894,40.2537],[17.8894,40.2536],[17.8894,40.2535],[17.8895,40.2534],[17.8896,40.2533],[17.8898,40.2533],[17.8901,40.2532],[17.8902,40.2531],[17.8904,40.253],[17.8906,40.2529],[17.8908,40.2529],[17.8909,40.2531],[17.8909,40.2531],[17.891,40.2531],[17.891,40.2532],[17.8909,40.2533],[17.8909,40.2533],[17.8908,40.2534],[17.8908,40.2534],[17.8906,40.2535],[17.8905,40.2537],[17.8905,40.2539]]],[[[17.884,40.2601],[17.884,40.2603],[17.8837,40.2607],[17.8835,40.2608],[17.8832,40.2611],[17.883,40.2616],[17.882,40.2621],[17.8815,40.2621],[17.8814,40.2621],[17.8814,40.262],[17.8814,40.262],[17.8814,40.2619],[17.8814,40.2618],[17.8817,40.2614],[17.8816,40.2612],[17.8817,40.2609],[17.8818,40.2604],[17.8818,40.2603],[17.8819,40.2601],[17.882,40.2601],[17.8825,40.2599],[17.8827,40.2599],[17.8828,40.2599],[17.8829,40.2598],[17.8826,40.2595],[17.8827,40.2593],[17.8829,40.2591],[17.883,40.259],[17.8832,40.2589],[17.8836,40.2591],[17.8837,40.259],[17.8838,40.2589],[17.8843,40.2587],[17.8845,40.2585],[17.8849,40.2583],[17.8848,40.2582],[17.8847,40.2581],[17.8848,40.2579],[17.8847,40.2578],[17.8846,40.2578],[17.8845,40.2577],[17.8844,40.2576],[17.8843,40.2576],[17.8839,40.2577],[17.8836,40.2577],[17.8826,40.2582],[17.8825,40.258],[17.8825,40.2578],[17.883,40.2576],[17.8832,40.2575],[17.8833,40.2572],[17.8834,40.257],[17.8834,40.2569],[17.8835,40.2568],[17.8839,40.2565],[17.8839,40.2565],[17.8839,40.2564],[17.8839,40.2562],[17.8842,40.256],[17.8843,40.2559],[17.8844,40.2559],[17.8849,40.2557],[17.8853,40.2555],[17.8854,40.2555],[17.8856,40.2555],[17.8857,40.2555],[17.8858,40.2554],[17.886,40.2554],[17.8863,40.2551],[17.8871,40.2548],[17.8873,40.2551],[17.8875,40.2549],[17.8877,40.2548],[17.8879,40.2548],[17.888,40.2546],[17.8881,40.2545],[17.8883,40.2546],[17.8883,40.2548],[17.8883,40.255],[17.8883,40.2551],[17.8879,40.2554],[17.8877,40.2554],[17.8876,40.2555],[17.8872,40.2556],[17.887,40.2556],[17.8868,40.2556],[17.8864,40.2559],[17.8862,40.256],[17.8855,40.2564],[17.8857,40.2567],[17.8859,40.2567],[17.8865,40.2569],[17.8867,40.257],[17.8868,40.2571],[17.887,40.257],[17.8872,40.2569],[17.8873,40.2568],[17.8875,40.2569],[17.8876,40.2571],[17.8875,40.2573],[17.8875,40.2575],[17.8875,40.2575],[17.8875,40.2576],[17.8875,40.2576],[17.8875,40.2577],[17.8875,40.2578],[17.8875,40.2579],[17.8875,40.258],[17.8873,40.2583],[17.8868,40.2585],[17.8867,40.2584],[17.8867,40.2582],[17.8867,40.2581],[17.8866,40.2581],[17.8866,40.2579],[17.8861,40.2578],[17.8862,40.2574],[17.8857,40.2574],[17.8855,40.2574],[17.8853,40.2575],[17.8852,40.2576],[17.8852,40.2578],[17.8854,40.2578],[17.8857,40.258],[17.8856,40.2582],[17.8853,40.2586],[17.8851,40.2587],[17.8849,40.2588],[17.8848,40.259],[17.8847,40.2591],[17.8846,40.2593],[17.8845,40.2594],[17.8844,40.2595],[17.8842,40.2595],[17.884,40.2596],[17.884,40.2598],[17.884,40.2601]]],[[[17.8654,40.2713],[17.8653,40.2713],[17.8652,40.2714],[17.8651,40.2714],[17.865,40.2714],[17.8648,40.2715],[17.8647,40.2715],[17.8646,40.2715],[17.8645,40.2715],[17.8645,40.2715],[17.8644,40.2714],[17.8644,40.2714],[17.8643,40.2713],[17.8643,40.2712],[17.8643,40.2712],[17.8643,40.2711],[17.8643,40.271],[17.8645,40.2708],[17.8646,40.2707],[17.8646,40.2706],[17.8646,40.2706],[17.8646,40.2705],[17.8647,40.2704],[17.8648,40.2703],[17.8649,40.2702],[17.8652,40.2701],[17.8653,40.27],[17.8654,40.2699],[17.8656,40.2698],[17.8658,40.2696],[17.8659,40.2695],[17.8659,40.2694],[17.866,40.2693],[17.8662,40.2692],[17.8663,40.2692],[17.8665,40.2692],[17.8665,40.2691],[17.8666,40.269],[17.8666,40.269],[17.8666,40.2689],[17.8667,40.2687],[17.8671,40.2685],[17.868,40.2689],[17.8684,40.2689],[17.8689,40.2685],[17.869,40.2686],[17.8691,40.2689],[17.8691,40.269],[17.8691,40.2691],[17.8691,40.2692],[17.8691,40.2693],[17.8691,40.2694],[17.869,40.2695],[17.8689,40.2695],[17.8688,40.2696],[17.8687,40.2696],[17.8685,40.2696],[17.8684,40.2696],[17.8682,40.2697],[17.8681,40.2697],[17.868,40.2698],[17.8679,40.2698],[17.8678,40.2699],[17.8677,40.27],[17.8677,40.2701],[17.8676,40.2704],[17.8675,40.2706],[17.8673,40.2706],[17.8671,40.2705],[17.867,40.2705],[17.8669,40.2705],[17.8668,40.2706],[17.8666,40.2706],[17.8666,40.2706],[17.8664,40.2706],[17.8664,40.2706],[17.8663,40.2706],[17.8662,40.2707],[17.8661,40.2707],[17.866,40.2708],[17.8659,40.2708],[17.8658,40.2709],[17.8658,40.271],[17.8658,40.271],[17.8658,40.2711],[17.8658,40.2711],[17.8658,40.2712],[17.8658,40.2713],[17.8657,40.2714],[17.8656,40.2713],[17.8655,40.2713],[17.8654,40.2713],[17.8654,40.2713]]],[[[17.1746,40.4406],[17.1749,40.4408],[17.1749,40.4409],[17.1747,40.4409],[17.1746,40.4408],[17.1746,40.4407],[17.1742,40.4405],[17.1737,40.4405],[17.1736,40.4404],[17.1735,40.4403],[17.1734,40.4401],[17.1734,40.44],[17.1734,40.4399],[17.1734,40.4398],[17.1735,40.4396],[17.1736,40.4396],[17.1736,40.4395],[17.1735,40.4395],[17.1737,40.4391],[17.174,40.4387],[17.1743,40.4385],[17.1745,40.4384],[17.1749,40.4382],[17.1753,40.4379],[17.1757,40.4379],[17.176,40.4378],[17.1764,40.4377],[17.1767,40.4377],[17.177,40.4378],[17.177,40.4378],[17.1771,40.4379],[17.1772,40.4378],[17.1791,40.4369],[17.1791,40.4368],[17.1793,40.4367],[17.1794,40.4367],[17.1795,40.4369],[17.1794,40.437],[17.1793,40.4369],[17.1774,40.4379],[17.1776,40.4379],[17.1777,40.4381],[17.1778,40.4382],[17.178,40.4383],[17.1784,40.4386],[17.1781,40.439],[17.1776,40.4391],[17.1772,40.4391],[17.1768,40.4391],[17.1762,40.4397],[17.1761,40.44],[17.1753,40.4406],[17.1753,40.4409],[17.1752,40.4409],[17.1752,40.4407],[17.176,40.44],[17.176,40.4398],[17.1767,40.4391],[17.1766,40.4388],[17.1762,40.4389],[17.176,40.4388],[17.176,40.4388],[17.1754,40.4389],[17.1754,40.439],[17.1753,40.4391],[17.1752,40.439],[17.1749,40.4392],[17.1746,40.4393],[17.1744,40.4395],[17.1743,40.4397],[17.1743,40.4401],[17.1743,40.4402],[17.1747,40.4404],[17.1746,40.4406]]],[[[17.1607,40.4532],[17.1607,40.4534],[17.1606,40.4538],[17.1608,40.4543],[17.1608,40.4549],[17.1609,40.4551],[17.161,40.4551],[17.1611,40.4554],[17.1611,40.4556],[17.1612,40.4558],[17.1611,40.4559],[17.1614,40.4559],[17.1612,40.4561],[17.1613,40.4564],[17.1612,40.4565],[17.1611,40.4567],[17.1613,40.457],[17.1614,40.457],[17.1615,40.4573],[17.1613,40.4574],[17.1613,40.4577],[17.161,40.4581],[17.1607,40.4576],[17.1605,40.4573],[17.1603,40.4571],[17.1601,40.4568],[17.1599,40.4566],[17.1598,40.4564],[17.1597,40.4561],[17.1597,40.456],[17.1596,40.4559],[17.1594,40.4558],[17.1591,40.4554],[17.1589,40.4552],[17.1585,40.4549],[17.1582,40.4546],[17.1578,40.4543],[17.1576,40.4541],[17.1571,40.4537],[17.1566,40.4534],[17.1564,40.4534],[17.1561,40.4535],[17.1558,40.4532],[17.1554,40.4529],[17.1551,40.4526],[17.1547,40.4524],[17.1542,40.452],[17.154,40.4519],[17.1535,40.4516],[17.1531,40.4514],[17.1524,40.4512],[17.152,40.451],[17.1516,40.4509],[17.1512,40.4509],[17.1509,40.4511],[17.1503,40.451],[17.15,40.4509],[17.1496,40.4508],[17.1493,40.4507],[17.1486,40.4506],[17.1481,40.4506],[17.1475,40.4505],[17.1472,40.4505],[17.1467,40.4505],[17.1464,40.4506],[17.1462,40.4506],[17.1459,40.4507],[17.1458,40.4509],[17.1457,40.4511],[17.1453,40.4515],[17.145,40.4518],[17.1444,40.4521],[17.144,40.4522],[17.1436,40.4527],[17.1434,40.4529],[17.1431,40.4531],[17.1429,40.4531],[17.1427,40.453],[17.1426,40.4528],[17.1422,40.4526],[17.1421,40.4523],[17.1416,40.4521],[17.1414,40.4519],[17.1415,40.4511],[17.1422,40.4506],[17.1433,40.4505],[17.1437,40.4508],[17.1437,40.451],[17.1439,40.451],[17.1441,40.4505],[17.1447,40.4499],[17.145,40.4497],[17.1451,40.4494],[17.1455,40.4491],[17.1458,40.4491],[17.1462,40.4488],[17.1466,40.4487],[17.1467,40.4485],[17.1469,40.4484],[17.1471,40.4482],[17.1474,40.4482],[17.1476,40.4481],[17.1482,40.4477],[17.1488,40.4476],[17.1493,40.4473],[17.1496,40.4471],[17.1499,40.4467],[17.1502,40.4465],[17.1506,40.4464],[17.1507,40.4462],[17.151,40.4459],[17.1515,40.4456],[17.1519,40.4455],[17.1524,40.4453],[17.1529,40.4452],[17.1532,40.4451],[17.1535,40.4449],[17.1541,40.4449],[17.1544,40.445],[17.1546,40.445],[17.1552,40.4449],[17.1557,40.4448],[17.1562,40.4447],[17.1567,40.4447],[17.1572,40.4447],[17.1577,40.445],[17.1579,40.4452],[17.1582,40.4456],[17.1582,40.4457],[17.1582,40.446],[17.1584,40.4463],[17.1586,40.4465],[17.1592,40.4467],[17.1598,40.4467],[17.1603,40.4466],[17.1606,40.4465],[17.1611,40.4466],[17.1615,40.4466],[17.1616,40.4465],[17.1619,40.4461],[17.1624,40.446],[17.1627,40.4461],[17.163,40.4462],[17.1632,40.4463],[17.1635,40.4463],[17.1637,40.4463],[17.1637,40.4467],[17.1638,40.4469],[17.164,40.4471],[17.1643,40.4473],[17.1647,40.4474],[17.165,40.4475],[17.1654,40.4477],[17.1659,40.4478],[17.1662,40.4479],[17.1665,40.4478],[17.167,40.4481],[17.1663,40.4485],[17.1662,40.4487],[17.1657,40.4489],[17.1653,40.4491],[17.1646,40.4493],[17.1645,40.4495],[17.1643,40.4497],[17.1641,40.4498],[17.1638,40.4496],[17.163,40.4497],[17.1627,40.45],[17.1624,40.4504],[17.1624,40.4508],[17.1623,40.4511],[17.1622,40.4514],[17.1622,40.4516],[17.1623,40.4521],[17.162,40.4522],[17.1615,40.4521],[17.1612,40.4522],[17.161,40.4524],[17.1609,40.4526],[17.1607,40.4528],[17.1606,40.453],[17.1607,40.4532]]],[[[18.0272,40.6429],[18.0273,40.6429],[18.0274,40.643],[18.0274,40.643],[18.0274,40.6431],[18.0275,40.6432],[18.0273,40.6431],[18.0271,40.6431],[18.027,40.643],[18.0271,40.6429],[18.0271,40.6429],[18.0272,40.6429]]],[[[18.0026,40.6539],[18.0026,40.6539],[18.0027,40.6539],[18.0027,40.6539],[18.0029,40.6539],[18.003,40.654],[18.0032,40.6541],[18.0032,40.6542],[18.0033,40.6542],[18.0034,40.6543],[18.0034,40.6544],[18.0034,40.6545],[18.0034,40.6547],[18.0033,40.6548],[18.0033,40.6548],[18.0034,40.6549],[18.0034,40.6551],[18.0034,40.6551],[18.0034,40.6552],[18.0032,40.6551],[18.0031,40.6551],[18.003,40.6551],[18.0029,40.655],[18.0028,40.655],[18.0026,40.6549],[18.0025,40.6548],[18.0024,40.6547],[18.0024,40.6547],[18.0024,40.6546],[18.0024,40.6545],[18.0024,40.6544],[18.0023,40.6543],[18.0023,40.6542],[18.0022,40.6541],[18.0022,40.654],[18.0023,40.654],[18.0025,40.6539],[18.0026,40.6539]]],[[[17.9986,40.649],[17.9994,40.6505],[18.0002,40.652],[18.0006,40.6528],[18.0012,40.6533],[18.0014,40.6535],[18.0018,40.6536],[18.0019,40.6538],[18.0019,40.6541],[18.0021,40.6541],[18.0022,40.6542],[18.0019,40.6542],[18.0019,40.6544],[18.0021,40.6547],[18.0019,40.6548],[18.0017,40.655],[18.0015,40.6552],[18.0012,40.6555],[18.0011,40.6556],[18.0009,40.6557],[18.0007,40.6558],[18.0005,40.6557],[18.0004,40.6555],[18.0004,40.6552],[18.0002,40.6552],[18.0001,40.6554],[17.9998,40.6556],[17.9997,40.6557],[17.9995,40.6558],[17.9993,40.6558],[17.9992,40.6558],[17.9992,40.6556],[17.9989,40.6555],[17.9987,40.6554],[17.9987,40.6552],[17.9987,40.655],[17.9984,40.6551],[17.9983,40.6552],[17.9982,40.6553],[17.9982,40.6555],[17.998,40.6556],[17.9978,40.6555],[17.9975,40.6555],[17.9973,40.6556],[17.9971,40.6556],[17.9969,40.6554],[17.9968,40.6553],[17.9967,40.6551],[17.9969,40.6549],[17.9972,40.6548],[17.9974,40.655],[17.9975,40.6552],[17.9976,40.6552],[17.9979,40.6549],[17.9981,40.6548],[17.9982,40.6545],[17.9977,40.6543],[17.9978,40.6543],[17.9981,40.6544],[17.9984,40.6542],[17.9984,40.6539],[17.9987,40.6539],[17.9991,40.654],[17.9996,40.6542],[17.9999,40.654],[18.0001,40.6538],[18.0003,40.6538],[18.0006,40.6535],[18.0006,40.6531],[18.0006,40.6527],[18.0002,40.6523],[17.9999,40.6518],[17.9999,40.6516],[17.9995,40.6511],[17.9984,40.6491],[17.9986,40.649]]],[[[17.9946,40.656],[17.9945,40.6561],[17.9945,40.6561],[17.9943,40.6563],[17.9943,40.6564],[17.9942,40.6565],[17.9941,40.6566],[17.994,40.6567],[17.994,40.6568],[17.994,40.657],[17.9939,40.6571],[17.9938,40.657],[17.9937,40.657],[17.9936,40.6569],[17.9936,40.6569],[17.9935,40.6568],[17.9934,40.6568],[17.9934,40.6567],[17.9934,40.6566],[17.9933,40.6566],[17.9933,40.6564],[17.9933,40.6564],[17.9932,40.6563],[17.993,40.6562],[17.993,40.6562],[17.9931,40.6561],[17.9931,40.656],[17.9931,40.6559],[17.9931,40.6557],[17.9931,40.6557],[17.9932,40.6558],[17.9932,40.6558],[17.9933,40.6559],[17.9934,40.6561],[17.9935,40.656],[17.9936,40.656],[17.9936,40.656],[17.9937,40.6558],[17.9937,40.6558],[17.9938,40.6557],[17.994,40.6556],[17.994,40.6556],[17.9941,40.6555],[17.9941,40.6554],[17.9941,40.6553],[17.9942,40.6553],[17.9943,40.6552],[17.9943,40.6553],[17.9944,40.6554],[17.9944,40.6556],[17.9944,40.6556],[17.9945,40.6558],[17.9946,40.6559],[17.9946,40.656]]],[[[17.9926,40.657],[17.9927,40.657],[17.9928,40.6572],[17.9929,40.6573],[17.9929,40.6573],[17.9929,40.6574],[17.9928,40.6575],[17.9927,40.6575],[17.9926,40.6575],[17.9925,40.6575],[17.9924,40.6575],[17.9922,40.6575],[17.9922,40.6575],[17.9921,40.6574],[17.9921,40.6574],[17.992,40.6574],[17.992,40.6573],[17.992,40.6573],[17.992,40.6572],[17.9922,40.6571],[17.9922,40.657],[17.9922,40.6569],[17.9924,40.6568],[17.9925,40.6568],[17.9926,40.657]]],[[[17.9909,40.6574],[17.9909,40.6575],[17.9909,40.6576],[17.991,40.6576],[17.991,40.6577],[17.991,40.6578],[17.9909,40.6578],[17.9909,40.6579],[17.9908,40.6579],[17.9908,40.658],[17.9906,40.658],[17.9906,40.6579],[17.9906,40.6578],[17.9905,40.6578],[17.9905,40.6576],[17.9905,40.6575],[17.9906,40.6573],[17.9908,40.6573],[17.9909,40.6574]]],[[[17.9915,40.6577],[17.9915,40.6578],[17.9916,40.6578],[17.9916,40.6578],[17.9916,40.6578],[17.9915,40.6579],[17.9915,40.6579],[17.9915,40.6579],[17.9915,40.658],[17.9914,40.658],[17.9914,40.6579],[17.9913,40.6579],[17.9913,40.6579],[17.9914,40.6579],[17.9914,40.6578],[17.9914,40.6578],[17.9914,40.6577],[17.9914,40.6578],[17.9913,40.6578],[17.9913,40.6578],[17.9913,40.6577],[17.9913,40.6577],[17.9914,40.6576],[17.9914,40.6576],[17.9915,40.6576],[17.9916,40.6576],[17.9916,40.6577],[17.9915,40.6577],[17.9915,40.6577]]],[[[17.825,40.7035],[17.8249,40.7036],[17.8248,40.7035],[17.8247,40.7035],[17.8247,40.7035],[17.8246,40.7034],[17.8246,40.7034],[17.8246,40.7033],[17.8246,40.7032],[17.8246,40.7032],[17.8246,40.7031],[17.8245,40.7031],[17.8245,40.7031],[17.8244,40.7031],[17.8244,40.7031],[17.8243,40.7031],[17.8243,40.7031],[17.8242,40.703],[17.8241,40.703],[17.8241,40.703],[17.8241,40.7029],[17.8242,40.7029],[17.8243,40.7029],[17.8244,40.7029],[17.8245,40.7029],[17.8246,40.7028],[17.8246,40.7028],[17.8246,40.7027],[17.8247,40.7027],[17.8249,40.7026],[17.8249,40.7026],[17.825,40.7026],[17.8251,40.7026],[17.8252,40.7026],[17.8252,40.7026],[17.8253,40.7026],[17.8254,40.7026],[17.8255,40.7027],[17.8256,40.7027],[17.8256,40.7028],[17.8257,40.7028],[17.8258,40.7029],[17.8258,40.7029],[17.8258,40.7029],[17.8257,40.7029],[17.8257,40.703],[17.8258,40.703],[17.8259,40.7031],[17.8258,40.7032],[17.8257,40.7032],[17.8256,40.7033],[17.8255,40.7033],[17.8254,40.7034],[17.8253,40.7035],[17.8252,40.7035],[17.8251,40.7035],[17.825,40.7035]]],[[[17.824,40.7032],[17.8241,40.7033],[17.8241,40.7034],[17.8242,40.7035],[17.8242,40.7036],[17.8242,40.7037],[17.8241,40.7038],[17.8241,40.7038],[17.824,40.7038],[17.8239,40.7039],[17.8238,40.7041],[17.8239,40.7042],[17.8239,40.7043],[17.8238,40.7044],[17.8237,40.7042],[17.8237,40.7041],[17.8236,40.7038],[17.8237,40.7038],[17.8237,40.7035],[17.8238,40.7033],[17.8238,40.7032],[17.8239,40.7032],[17.824,40.7032]]],[[[17.8101,40.7123],[17.81,40.7125],[17.81,40.7126],[17.8099,40.7127],[17.8098,40.7127],[17.8096,40.7128],[17.8095,40.7128],[17.8093,40.7128],[17.8092,40.7127],[17.8091,40.7125],[17.809,40.7121],[17.8091,40.7119],[17.8092,40.7118],[17.8093,40.712],[17.8093,40.7121],[17.8094,40.7122],[17.8096,40.7122],[17.8098,40.712],[17.81,40.712],[17.8101,40.7123]]],[[[17.8054,40.7145],[17.8053,40.7146],[17.805,40.7145],[17.8048,40.7146],[17.8047,40.7146],[17.8047,40.7144],[17.8047,40.714],[17.8049,40.7136],[17.8052,40.7134],[17.8054,40.7133],[17.8055,40.7132],[17.8057,40.7132],[17.8058,40.7131],[17.806,40.7131],[17.8061,40.7133],[17.8062,40.7135],[17.8061,40.7138],[17.806,40.7139],[17.806,40.7141],[17.8058,40.7142],[17.8056,40.7143],[17.8054,40.7145],[17.8054,40.7145]]],[[[16.2009,41.8163],[16.2007,41.8163],[16.2005,41.8163],[16.2003,41.8162],[16.2002,41.8161],[16.2001,41.816],[16.1999,41.8158],[16.1998,41.8157],[16.1997,41.8156],[16.1996,41.8155],[16.1996,41.8153],[16.1995,41.8152],[16.1995,41.8151],[16.1994,41.8149],[16.1994,41.8148],[16.1994,41.8147],[16.1994,41.8146],[16.1997,41.8145],[16.1998,41.8145],[16.2,41.8146],[16.2002,41.8148],[16.2003,41.815],[16.2005,41.815],[16.2006,41.8151],[16.2007,41.8151],[16.201,41.8152],[16.2011,41.8152],[16.2012,41.8153],[16.2014,41.8154],[16.2015,41.8156],[16.2015,41.8158],[16.2013,41.8159],[16.2012,41.816],[16.201,41.816],[16.2009,41.8161],[16.2009,41.8163]]],[[[16.1891,41.8442],[16.1891,41.8444],[16.189,41.8445],[16.1889,41.8445],[16.1888,41.8447],[16.1886,41.8447],[16.1883,41.8448],[16.1882,41.8449],[16.1879,41.845],[16.1878,41.845],[16.1875,41.8451],[16.1873,41.8452],[16.1871,41.8451],[16.187,41.845],[16.1869,41.845],[16.1867,41.845],[16.1867,41.845],[16.1867,41.8449],[16.1868,41.8448],[16.1869,41.8447],[16.1869,41.8446],[16.187,41.8445],[16.1871,41.8444],[16.1871,41.8443],[16.1872,41.8443],[16.1874,41.8442],[16.1876,41.8442],[16.1876,41.8441],[16.1878,41.8441],[16.1879,41.8442],[16.188,41.8441],[16.1881,41.8439],[16.1883,41.8438],[16.1885,41.8438],[16.1886,41.8438],[16.1888,41.8438],[16.1889,41.8439],[16.189,41.8441],[16.1891,41.8442]]],[[[16.1831,41.8909],[16.183,41.8909],[16.1828,41.8909],[16.1826,41.8909],[16.1824,41.8909],[16.1823,41.8909],[16.1821,41.8909],[16.1821,41.8909],[16.182,41.8909],[16.1818,41.8909],[16.1817,41.8909],[16.1816,41.8909],[16.1816,41.8908],[16.1815,41.8908],[16.1815,41.8907],[16.1816,41.8907],[16.1816,41.8907],[16.1817,41.8906],[16.1818,41.8907],[16.1818,41.8907],[16.182,41.8907],[16.1822,41.8907],[16.1825,41.8907],[16.1828,41.8907],[16.1829,41.8907],[16.1831,41.8906],[16.1831,41.8906],[16.1832,41.8905],[16.1833,41.8905],[16.1834,41.8904],[16.1834,41.8904],[16.1836,41.8903],[16.1838,41.8901],[16.184,41.89],[16.184,41.89],[16.184,41.8899],[16.1841,41.8899],[16.184,41.8899],[16.1838,41.8897],[16.1835,41.8896],[16.1834,41.8894],[16.1833,41.8894],[16.1832,41.8893],[16.1832,41.8892],[16.1831,41.8892],[16.1831,41.8891],[16.183,41.8891],[16.183,41.889],[16.183,41.8889],[16.183,41.8888],[16.183,41.8888],[16.183,41.8888],[16.183,41.8887],[16.1831,41.8887],[16.1832,41.8887],[16.1832,41.8887],[16.1833,41.8887],[16.1834,41.8887],[16.1834,41.8887],[16.1835,41.8887],[16.1836,41.8887],[16.1837,41.8887],[16.1837,41.8887],[16.1838,41.8887],[16.1838,41.8887],[16.1839,41.8887],[16.1839,41.8887],[16.184,41.8887],[16.1841,41.8886],[16.1842,41.8886],[16.1842,41.8886],[16.1842,41.8885],[16.1843,41.8885],[16.1843,41.8884],[16.1844,41.8884],[16.1845,41.8883],[16.1845,41.8883],[16.1845,41.8882],[16.1845,41.8881],[16.1845,41.8879],[16.1845,41.8877],[16.1846,41.8876],[16.1847,41.8875],[16.1847,41.8875],[16.1848,41.8875],[16.1848,41.8876],[16.1849,41.8876],[16.1849,41.8876],[16.1849,41.8876],[16.185,41.8876],[16.185,41.8876],[16.1851,41.8876],[16.1852,41.8877],[16.1853,41.8877],[16.1853,41.8877],[16.1853,41.8878],[16.1853,41.8878],[16.1854,41.888],[16.1854,41.888],[16.1855,41.888],[16.1855,41.888],[16.1855,41.8881],[16.1855,41.8881],[16.1855,41.8882],[16.1856,41.8883],[16.1857,41.8883],[16.1857,41.8884],[16.1857,41.8885],[16.1856,41.8885],[16.1856,41.8886],[16.1855,41.8886],[16.1855,41.8887],[16.1854,41.8887],[16.1853,41.8888],[16.1852,41.8889],[16.1851,41.889],[16.185,41.889],[16.185,41.889],[16.185,41.889],[16.1849,41.8891],[16.185,41.8892],[16.1849,41.8893],[16.1849,41.8893],[16.1848,41.8894],[16.1848,41.8896],[16.1848,41.8897],[16.1848,41.8897],[16.1847,41.8898],[16.1846,41.8898],[16.1846,41.8897],[16.1845,41.8898],[16.1845,41.8899],[16.1845,41.8899],[16.1844,41.8899],[16.1843,41.89],[16.1842,41.89],[16.1841,41.8902],[16.184,41.8903],[16.1838,41.8903],[16.1837,41.8904],[16.1837,41.8904],[16.1837,41.8905],[16.1836,41.8905],[16.1835,41.8906],[16.1834,41.8907],[16.1832,41.8908],[16.1831,41.8909],[16.1831,41.8909]]],[[[16.1118,41.9285],[16.1115,41.9287],[16.1113,41.9288],[16.1111,41.9288],[16.111,41.9289],[16.1108,41.9289],[16.1106,41.9288],[16.1106,41.9287],[16.1104,41.9286],[16.11,41.9286],[16.1099,41.9286],[16.1097,41.9286],[16.1095,41.9285],[16.1094,41.9284],[16.1095,41.9282],[16.1098,41.9282],[16.1099,41.9282],[16.1102,41.9281],[16.1106,41.9281],[16.1108,41.9281],[16.1109,41.928],[16.1111,41.928],[16.1115,41.928],[16.1117,41.928],[16.1118,41.9281],[16.112,41.9282],[16.112,41.9283],[16.1119,41.9284],[16.1118,41.9285]]],[[[15.0076,41.4864],[15.0468,41.4433],[15.1008,41.4297],[15.0866,41.4072],[15.0983,41.3906],[15.0585,41.3721],[15.0722,41.3325],[15.1306,41.3175],[15.1487,41.2804],[15.2007,41.2864],[15.2204,41.2652],[15.2498,41.2708],[15.2757,41.2495],[15.2457,41.235],[15.2624,41.1976],[15.2235,41.1819],[15.2085,41.1553],[15.2929,41.0918],[15.3144,41.1039],[15.3671,41.0848],[15.3978,41.1066],[15.4461,41.078],[15.5417,41.0557],[15.5402,41.0722],[15.5784,41.0969],[15.692,41.0862],[15.7428,41.0994],[15.7684,41.0832],[15.7978,41.091],[15.7986,41.1113],[15.8317,41.1291],[15.8786,41.1395],[15.921,41.1112],[15.9534,41.1108],[15.9541,41.0931],[15.9826,41.0892],[15.9991,41.0538],[16.0405,41.0364],[16.0266,40.9907],[16.0029,40.9702],[15.9718,40.9721],[15.9771,40.958],[16.092,40.921],[16.1211,40.8977],[16.163,40.9286],[16.2009,40.9186],[16.2561,40.8231],[16.4057,40.704],[16.4468,40.7125],[16.5011,40.7623],[16.5386,40.725],[16.5364,40.7525],[16.5545,40.7577],[16.5724,40.7369],[16.5676,40.7594],[16.5797,40.7637],[16.6529,40.7363],[16.6634,40.7489],[16.7249,40.7138],[16.6965,40.7026],[16.7272,40.6884],[16.7098,40.6319],[16.7283,40.6014],[16.7118,40.593],[16.7054,40.5561],[16.7362,40.512],[16.7202,40.4798],[16.8029,40.4574],[16.8094,40.4331],[16.8507,40.4012],[16.8672,40.3979],[16.9953,40.4949],[17.113,40.5198],[17.1469,40.5092],[17.1444,40.4948],[17.1626,40.5061],[17.1551,40.4966],[17.1817,40.4925],[17.1784,40.4787],[17.2257,40.4808],[17.2483,40.4602],[17.2547,40.4411],[17.2034,40.4082],[17.3951,40.3324],[17.4432,40.3297],[17.5075,40.295],[17.6798,40.3047],[17.8615,40.2836],[17.9072,40.253],[17.9098,40.2413],[17.8952,40.2506],[17.9261,40.2222],[17.9287,40.1799],[18.0099,40.1091],[18.0019,40.0667],[17.9721,40.0546],[18.0167,40.0331],[18.0178,40.0069],[17.9932,40.0003],[18.0117,39.971],[18.048,39.9284],[18.1712,39.8498],[18.2699,39.8345],[18.3459,39.7896],[18.3692,39.7939],[18.3913,39.8194],[18.3902,39.9074],[18.4139,39.9914],[18.5204,40.1071],[18.5066,40.1262],[18.5169,40.1355],[18.4879,40.1475],[18.4637,40.1929],[18.4639,40.2268],[18.4228,40.2948],[18.234,40.4492],[18.1267,40.4931],[18.0458,40.5555],[18.0346,40.5709],[18.0451,40.5973],[18.0152,40.6273],[18.0229,40.6416],[17.9736,40.651],[17.9496,40.6331],[17.9272,40.64],[17.9623,40.6626],[17.9965,40.6631],[17.953,40.6641],[17.9356,40.6862],[17.8385,40.6913],[17.7117,40.7568],[17.4999,40.8199],[17.3501,40.9057],[17.3068,40.9574],[17.1015,41.0624],[16.8793,41.1225],[16.8682,41.1432],[16.8478,41.1479],[16.8712,41.1398],[16.8536,41.1289],[16.8525,41.1423],[16.8096,41.1403],[16.5821,41.2082],[16.59,41.2144],[16.4488,41.2617],[16.4241,41.2849],[16.3054,41.3182],[16.295,41.3337],[16.2941,41.3218],[16.2616,41.3287],[15.9556,41.4626],[15.9017,41.5396],[15.9033,41.6183],[16.0654,41.6936],[16.1866,41.7721],[16.1958,41.7924],[16.1997,41.8262],[16.1758,41.8596],[16.1864,41.8834],[16.0843,41.9416],[16.0079,41.9501],[15.7022,41.9143],[15.6199,41.929],[15.406,41.9006],[15.3403,41.9182],[15.1387,41.9283],[15.1418,41.8795],[15.1038,41.847],[15.1179,41.8012],[15.097,41.7674],[15.1211,41.7202],[15.1615,41.7094],[15.0502,41.6573],[15.0255,41.6223],[14.9595,41.646],[14.9341,41.6202],[14.9533,41.6086],[14.9374,41.5271],[15.0076,41.4864]],[[16.6357,40.7585],[16.636,40.7584],[16.6365,40.7574],[16.6371,40.7569],[16.6379,40.7564],[16.6383,40.7562],[16.6389,40.7559],[16.6403,40.7557],[16.641,40.7558],[16.6415,40.7559],[16.642,40.7561],[16.6426,40.7561],[16.643,40.7558],[16.6438,40.7554],[16.6448,40.7553],[16.6454,40.7553],[16.646,40.7552],[16.6464,40.7547],[16.6465,40.7542],[16.6461,40.7534],[16.6459,40.7525],[16.6452,40.7526],[16.645,40.7526],[16.6446,40.7526],[16.6442,40.7525],[16.6437,40.7522],[16.6433,40.7522],[16.6429,40.7519],[16.6423,40.7516],[16.6412,40.7518],[16.64,40.7522],[16.6395,40.7524],[16.6386,40.7527],[16.638,40.7529],[16.6375,40.7531],[16.6368,40.7533],[16.6362,40.7533],[16.6358,40.7534],[16.635,40.7537],[16.6344,40.754],[16.634,40.7541],[16.6338,40.7542],[16.6338,40.7549],[16.634,40.7556],[16.6342,40.756],[16.6343,40.7562],[16.6344,40.7566],[16.6347,40.757],[16.6348,40.7573],[16.635,40.7579],[16.6352,40.7583],[16.6353,40.7586],[16.6357,40.7585]]],[[[15.5009,42.1234],[15.5007,42.1235],[15.5006,42.1236],[15.5005,42.1236],[15.5002,42.1238],[15.5003,42.1236],[15.5002,42.1234],[15.5,42.1234],[15.4998,42.1235],[15.4996,42.1236],[15.4994,42.1235],[15.4992,42.1236],[15.4993,42.1234],[15.4994,42.1232],[15.4995,42.1231],[15.4996,42.1229],[15.4996,42.1227],[15.4995,42.1225],[15.4994,42.1224],[15.4996,42.1224],[15.4997,42.1221],[15.4996,42.1221],[15.4993,42.1222],[15.4991,42.1222],[15.4989,42.1224],[15.4984,42.1224],[15.4982,42.1225],[15.4981,42.1227],[15.4977,42.1229],[15.4976,42.1227],[15.4972,42.1227],[15.4971,42.1226],[15.4969,42.1225],[15.4974,42.1224],[15.4976,42.1224],[15.4977,42.1221],[15.4978,42.122],[15.4978,42.1218],[15.498,42.1217],[15.4982,42.1215],[15.4985,42.1215],[15.4987,42.1214],[15.4989,42.1215],[15.4994,42.1214],[15.4997,42.1214],[15.5001,42.1216],[15.5001,42.1218],[15.5002,42.122],[15.5003,42.1221],[15.5003,42.1224],[15.5004,42.1226],[15.5004,42.1229],[15.5009,42.1231],[15.501,42.1233],[15.5009,42.1234]]],[[[15.493,42.1232],[15.4928,42.1234],[15.4926,42.1235],[15.4925,42.1236],[15.4923,42.1237],[15.4921,42.1239],[15.492,42.1242],[15.4921,42.1245],[15.4917,42.1247],[15.4916,42.1249],[15.4916,42.125],[15.4916,42.1252],[15.4915,42.1255],[15.4913,42.1255],[15.4912,42.1256],[15.4911,42.1258],[15.4908,42.1258],[15.4905,42.1256],[15.4905,42.1255],[15.4901,42.125],[15.4899,42.1248],[15.4898,42.1247],[15.4896,42.1242],[15.4897,42.1238],[15.49,42.1233],[15.4902,42.1233],[15.4899,42.1232],[15.4892,42.1236],[15.4891,42.1237],[15.4889,42.1238],[15.4882,42.1238],[15.4879,42.1236],[15.4877,42.1233],[15.4877,42.1231],[15.4877,42.123],[15.4876,42.1229],[15.4872,42.123],[15.4869,42.1227],[15.4871,42.1224],[15.4872,42.1219],[15.4874,42.1218],[15.4874,42.1216],[15.4875,42.1215],[15.4876,42.1214],[15.4878,42.1212],[15.4881,42.1213],[15.4882,42.1212],[15.4883,42.1212],[15.4882,42.1211],[15.4879,42.121],[15.4877,42.1211],[15.4875,42.121],[15.4871,42.1209],[15.4868,42.1207],[15.487,42.1206],[15.487,42.1204],[15.4869,42.1203],[15.4866,42.1202],[15.4864,42.1202],[15.4862,42.1202],[15.4861,42.1201],[15.486,42.12],[15.4862,42.1199],[15.4864,42.1198],[15.4865,42.1197],[15.4864,42.1196],[15.4862,42.1196],[15.4859,42.1196],[15.4857,42.1196],[15.4855,42.1196],[15.4853,42.1195],[15.485,42.1198],[15.4849,42.1197],[15.4848,42.1196],[15.4847,42.1195],[15.4846,42.1196],[15.4844,42.1195],[15.4843,42.1193],[15.4842,42.1193],[15.4842,42.1192],[15.4841,42.1191],[15.4838,42.1191],[15.4839,42.1192],[15.4839,42.1194],[15.4837,42.1196],[15.4834,42.1195],[15.4832,42.1193],[15.483,42.1193],[15.4828,42.1194],[15.4826,42.1195],[15.4824,42.1193],[15.4827,42.1191],[15.4828,42.1189],[15.4836,42.1188],[15.4839,42.1189],[15.4841,42.1187],[15.4843,42.1186],[15.4844,42.1184],[15.4845,42.1181],[15.4848,42.1177],[15.485,42.1176],[15.4851,42.1175],[15.4841,42.1174],[15.484,42.1175],[15.4838,42.1175],[15.4836,42.1175],[15.4834,42.1177],[15.4831,42.1176],[15.4833,42.1173],[15.4835,42.1171],[15.4837,42.1169],[15.4839,42.1168],[15.4839,42.1166],[15.4833,42.1166],[15.4832,42.1164],[15.4829,42.1163],[15.4828,42.116],[15.4826,42.1159],[15.4825,42.1162],[15.4822,42.1161],[15.4821,42.1159],[15.4819,42.1158],[15.4817,42.1156],[15.4814,42.1155],[15.4812,42.1153],[15.4809,42.1151],[15.4808,42.115],[15.4806,42.1148],[15.4804,42.1148],[15.4803,42.1147],[15.48,42.1146],[15.4799,42.1145],[15.4798,42.1142],[15.4798,42.1141],[15.4798,42.1139],[15.4799,42.1136],[15.4795,42.1135],[15.4793,42.1136],[15.4789,42.1135],[15.4788,42.1133],[15.4786,42.1133],[15.4783,42.1132],[15.4782,42.113],[15.4782,42.1129],[15.478,42.1128],[15.4778,42.1129],[15.4776,42.113],[15.4772,42.113],[15.4769,42.1131],[15.4768,42.113],[15.4766,42.113],[15.4763,42.1128],[15.4761,42.1129],[15.476,42.113],[15.4757,42.113],[15.4757,42.1129],[15.4757,42.1128],[15.4757,42.1127],[15.4755,42.1127],[15.475,42.1127],[15.4748,42.1124],[15.4749,42.1123],[15.475,42.1121],[15.4753,42.112],[15.4761,42.1117],[15.4763,42.1116],[15.4764,42.1114],[15.4767,42.1112],[15.4767,42.1109],[15.4772,42.1107],[15.4775,42.1102],[15.4777,42.11],[15.4778,42.1097],[15.4778,42.1095],[15.4778,42.1091],[15.4778,42.1088],[15.4778,42.1087],[15.4778,42.1085],[15.4778,42.1083],[15.4778,42.1079],[15.4777,42.1078],[15.4776,42.1077],[15.4773,42.1077],[15.4769,42.1074],[15.4765,42.1073],[15.4765,42.107],[15.4767,42.107],[15.4768,42.1069],[15.4768,42.1068],[15.4767,42.1066],[15.4767,42.1063],[15.4768,42.1062],[15.477,42.106],[15.4773,42.1057],[15.4778,42.1057],[15.478,42.1056],[15.478,42.1055],[15.4782,42.1053],[15.4785,42.1052],[15.479,42.1051],[15.4792,42.1048],[15.4793,42.1045],[15.4798,42.1043],[15.4801,42.1041],[15.4807,42.104],[15.4815,42.104],[15.4818,42.104],[15.4822,42.1038],[15.4823,42.1036],[15.4827,42.1037],[15.4831,42.1039],[15.4831,42.1042],[15.4831,42.1043],[15.4831,42.1044],[15.4831,42.1046],[15.4833,42.1046],[15.4837,42.1047],[15.4841,42.1049],[15.4843,42.1051],[15.4844,42.1052],[15.4844,42.1053],[15.4846,42.1054],[15.4847,42.1057],[15.485,42.106],[15.4852,42.106],[15.4854,42.106],[15.4855,42.1062],[15.4857,42.1063],[15.486,42.1062],[15.4863,42.1065],[15.4864,42.1066],[15.4866,42.1068],[15.487,42.1071],[15.4869,42.1074],[15.4868,42.1075],[15.4872,42.1075],[15.4874,42.1077],[15.4877,42.1078],[15.4881,42.1078],[15.4886,42.1081],[15.4887,42.1083],[15.489,42.1083],[15.4894,42.1083],[15.4894,42.1084],[15.4898,42.1086],[15.4901,42.1086],[15.4903,42.1087],[15.4906,42.1088],[15.4909,42.1089],[15.4908,42.1089],[15.4907,42.1091],[15.4907,42.1092],[15.4908,42.1094],[15.4912,42.1095],[15.4914,42.1096],[15.4916,42.1099],[15.4917,42.1099],[15.4919,42.1101],[15.4917,42.1104],[15.4917,42.1105],[15.4919,42.1107],[15.4917,42.1107],[15.4918,42.1109],[15.4921,42.1109],[15.4917,42.111],[15.4916,42.1112],[15.4916,42.1114],[15.4917,42.1115],[15.4921,42.1118],[15.4923,42.1119],[15.4924,42.1121],[15.493,42.1123],[15.4932,42.1124],[15.4934,42.1122],[15.4939,42.1126],[15.4939,42.1127],[15.4941,42.1129],[15.494,42.113],[15.4939,42.1132],[15.4938,42.1134],[15.4936,42.1135],[15.4935,42.1136],[15.4934,42.1138],[15.4932,42.1141],[15.4935,42.1144],[15.4935,42.1145],[15.4936,42.1146],[15.4937,42.1148],[15.4935,42.1151],[15.4933,42.1152],[15.4931,42.1154],[15.4934,42.1155],[15.4936,42.1155],[15.4938,42.1154],[15.4941,42.1152],[15.4947,42.1151],[15.495,42.1148],[15.4954,42.1148],[15.4955,42.115],[15.4957,42.1151],[15.496,42.1152],[15.4961,42.1153],[15.4963,42.1155],[15.4963,42.1159],[15.4959,42.1159],[15.4957,42.116],[15.4956,42.1162],[15.4952,42.1163],[15.495,42.1162],[15.4947,42.1163],[15.4944,42.1164],[15.4942,42.1165],[15.4944,42.1166],[15.4946,42.1168],[15.4949,42.1169],[15.4952,42.117],[15.4956,42.1169],[15.4961,42.117],[15.4964,42.1171],[15.4964,42.1173],[15.4963,42.1175],[15.496,42.1177],[15.4959,42.1179],[15.496,42.118],[15.4962,42.1182],[15.4962,42.1185],[15.4962,42.1188],[15.4962,42.1189],[15.4963,42.1191],[15.4961,42.1191],[15.496,42.1193],[15.4962,42.1196],[15.4968,42.1198],[15.4971,42.1198],[15.4972,42.12],[15.497,42.1202],[15.4968,42.1204],[15.4965,42.1207],[15.4962,42.121],[15.496,42.1213],[15.4957,42.1213],[15.4955,42.1213],[15.4952,42.1214],[15.495,42.1213],[15.4948,42.1212],[15.4946,42.1213],[15.4943,42.1215],[15.4944,42.1217],[15.4944,42.122],[15.494,42.1219],[15.4938,42.122],[15.4932,42.123],[15.493,42.1232]]],[[[15.5123,42.1225],[15.5125,42.1228],[15.5127,42.123],[15.5132,42.123],[15.5135,42.1232],[15.5136,42.1235],[15.5136,42.1237],[15.5139,42.1241],[15.5142,42.1244],[15.5145,42.1245],[15.5149,42.1247],[15.5151,42.1248],[15.5152,42.1251],[15.5155,42.1251],[15.5158,42.1253],[15.516,42.1255],[15.5164,42.1256],[15.5167,42.1256],[15.5169,42.1257],[15.5173,42.1258],[15.5174,42.1261],[15.5174,42.1264],[15.5176,42.1267],[15.5177,42.1269],[15.5179,42.1273],[15.518,42.1276],[15.5178,42.1277],[15.5176,42.1277],[15.5175,42.128],[15.5175,42.1282],[15.517,42.1283],[15.5169,42.1283],[15.5159,42.1288],[15.5155,42.1288],[15.5149,42.1288],[15.5144,42.1288],[15.5142,42.1287],[15.5137,42.1286],[15.5135,42.1283],[15.5134,42.1281],[15.513,42.1281],[15.5122,42.1274],[15.512,42.1274],[15.5118,42.1274],[15.5116,42.1271],[15.5115,42.1268],[15.5113,42.1266],[15.5109,42.1264],[15.5108,42.1262],[15.5107,42.1259],[15.5104,42.1256],[15.5101,42.1256],[15.5097,42.1256],[15.5096,42.1255],[15.5094,42.1253],[15.5092,42.1251],[15.509,42.1249],[15.5089,42.1248],[15.5088,42.1245],[15.5086,42.1244],[15.5081,42.1244],[15.5081,42.1242],[15.5082,42.124],[15.5081,42.1237],[15.5078,42.1235],[15.5074,42.1233],[15.5072,42.1231],[15.507,42.1229],[15.5067,42.1228],[15.5064,42.1226],[15.5061,42.1226],[15.5056,42.1225],[15.5054,42.1224],[15.5052,42.1223],[15.505,42.1221],[15.5048,42.122],[15.5043,42.1219],[15.5041,42.1216],[15.5039,42.1214],[15.5034,42.1212],[15.5032,42.121],[15.5029,42.1208],[15.5026,42.1206],[15.5022,42.1201],[15.5018,42.12],[15.5015,42.1197],[15.5016,42.1197],[15.5019,42.1197],[15.5021,42.1196],[15.5022,42.1195],[15.5024,42.1193],[15.5027,42.119],[15.5029,42.1188],[15.5032,42.1186],[15.5036,42.1186],[15.5041,42.1186],[15.5047,42.1187],[15.5049,42.1189],[15.505,42.1192],[15.505,42.1195],[15.505,42.1197],[15.5051,42.1201],[15.5052,42.1204],[15.5057,42.1207],[15.5059,42.121],[15.5062,42.1211],[15.5065,42.1212],[15.5069,42.1214],[15.5073,42.1216],[15.5079,42.1217],[15.5082,42.1218],[15.5085,42.1218],[15.509,42.1218],[15.5092,42.1217],[15.5096,42.1217],[15.5104,42.1219],[15.5109,42.1219],[15.5116,42.122],[15.5119,42.1222],[15.5123,42.1225]]],[[[15.5158,42.14],[15.5153,42.14],[15.5151,42.1399],[15.5148,42.1401],[15.5145,42.1401],[15.5142,42.14],[15.5138,42.1399],[15.5135,42.1398],[15.5131,42.1398],[15.5128,42.1397],[15.5126,42.1396],[15.5123,42.1395],[15.5121,42.1395],[15.5119,42.1394],[15.5119,42.1393],[15.5117,42.1392],[15.5115,42.1391],[15.5113,42.1391],[15.5111,42.1391],[15.511,42.1389],[15.5109,42.1389],[15.5109,42.1386],[15.5108,42.1385],[15.5106,42.1385],[15.5105,42.1384],[15.5103,42.1384],[15.5104,42.1382],[15.5105,42.1381],[15.5106,42.138],[15.5104,42.1379],[15.5102,42.1379],[15.51,42.1378],[15.5098,42.1374],[15.5098,42.1372],[15.5097,42.1371],[15.5097,42.1369],[15.5096,42.1368],[15.5096,42.1365],[15.5096,42.1363],[15.5096,42.1362],[15.5099,42.136],[15.5102,42.1359],[15.5104,42.1359],[15.5108,42.1359],[15.5108,42.1357],[15.5107,42.1356],[15.5106,42.1356],[15.5106,42.1356],[15.5106,42.1355],[15.5107,42.1354],[15.5109,42.1352],[15.5113,42.1351],[15.5115,42.135],[15.5113,42.1349],[15.5113,42.1347],[15.5113,42.1345],[15.5111,42.1345],[15.5111,42.1343],[15.5109,42.1341],[15.5108,42.134],[15.5107,42.1339],[15.5105,42.134],[15.5104,42.1341],[15.5102,42.1342],[15.5097,42.1344],[15.5097,42.1342],[15.5095,42.1343],[15.5093,42.1343],[15.5091,42.1343],[15.5091,42.1345],[15.5084,42.1351],[15.5082,42.1349],[15.5081,42.1348],[15.5081,42.1346],[15.508,42.1345],[15.508,42.1344],[15.508,42.1341],[15.5081,42.134],[15.5081,42.1338],[15.5078,42.1328],[15.5078,42.1325],[15.5079,42.1323],[15.5081,42.1322],[15.5083,42.132],[15.5082,42.1318],[15.5087,42.1316],[15.5088,42.1315],[15.5087,42.1314],[15.5085,42.1313],[15.5085,42.1311],[15.5084,42.131],[15.5082,42.1311],[15.5078,42.1313],[15.5079,42.1308],[15.5079,42.1307],[15.5078,42.1305],[15.5078,42.1304],[15.5079,42.1302],[15.508,42.1301],[15.508,42.1301],[15.5079,42.1298],[15.508,42.1296],[15.5082,42.1293],[15.5085,42.1294],[15.5089,42.1294],[15.509,42.1297],[15.5091,42.1299],[15.5091,42.1301],[15.5091,42.1303],[15.5092,42.1304],[15.5093,42.1305],[15.5095,42.1306],[15.5094,42.131],[15.5096,42.1311],[15.5098,42.1311],[15.5101,42.1312],[15.5104,42.1313],[15.5105,42.1314],[15.5105,42.1316],[15.5105,42.1318],[15.5106,42.1319],[15.5109,42.132],[15.5111,42.132],[15.5114,42.1321],[15.5117,42.1322],[15.5119,42.1324],[15.512,42.1324],[15.512,42.1326],[15.5122,42.1327],[15.5123,42.1329],[15.5124,42.133],[15.5128,42.1333],[15.5129,42.1334],[15.513,42.1335],[15.5132,42.1336],[15.5138,42.1336],[15.5139,42.1339],[15.5139,42.134],[15.5145,42.1344],[15.5149,42.1345],[15.5149,42.1346],[15.515,42.1348],[15.5152,42.1351],[15.5155,42.1352],[15.5156,42.1352],[15.516,42.1355],[15.5161,42.1357],[15.5162,42.1359],[15.5162,42.136],[15.5163,42.1361],[15.5166,42.1364],[15.5167,42.1366],[15.5167,42.1368],[15.5169,42.1368],[15.517,42.1367],[15.5172,42.1368],[15.5175,42.137],[15.5177,42.137],[15.5179,42.1371],[15.5177,42.1372],[15.5176,42.1373],[15.5176,42.1375],[15.5178,42.1377],[15.5181,42.1377],[15.5183,42.1377],[15.5185,42.1375],[15.5189,42.1376],[15.519,42.1378],[15.5192,42.1379],[15.5194,42.138],[15.5196,42.1378],[15.5197,42.1375],[15.5199,42.1375],[15.5201,42.1376],[15.5203,42.1378],[15.5211,42.1378],[15.5215,42.1378],[15.5219,42.1378],[15.5221,42.1379],[15.5224,42.1379],[15.5228,42.138],[15.5234,42.1382],[15.5235,42.1384],[15.5236,42.1386],[15.5234,42.1387],[15.5232,42.1388],[15.5229,42.1384],[15.5226,42.1382],[15.5224,42.1381],[15.5224,42.1382],[15.5222,42.1382],[15.5221,42.1381],[15.5218,42.1381],[15.5216,42.1381],[15.5213,42.1382],[15.5211,42.1381],[15.5208,42.1381],[15.5205,42.1381],[15.5203,42.1381],[15.5204,42.1382],[15.5204,42.1384],[15.5202,42.1385],[15.5201,42.1388],[15.5199,42.1389],[15.5198,42.139],[15.5196,42.139],[15.5193,42.1392],[15.5189,42.1391],[15.5187,42.139],[15.5185,42.1389],[15.5182,42.1386],[15.518,42.1385],[15.5176,42.1385],[15.5174,42.1385],[15.517,42.1386],[15.5167,42.1388],[15.5167,42.1389],[15.5166,42.139],[15.5167,42.1393],[15.5166,42.1394],[15.5165,42.1395],[15.516,42.1397],[15.5159,42.1397],[15.5158,42.14]]],[[[15.7442,42.2265],[15.7441,42.2265],[15.7438,42.2265],[15.7437,42.2266],[15.7436,42.2265],[15.7436,42.2264],[15.7438,42.2263],[15.7439,42.2261],[15.7439,42.2259],[15.7437,42.2258],[15.7436,42.2257],[15.7435,42.2255],[15.7436,42.2253],[15.7437,42.2251],[15.7438,42.225],[15.7438,42.2249],[15.7438,42.2248],[15.7441,42.2248],[15.7443,42.2249],[15.7444,42.2248],[15.7444,42.2247],[15.7445,42.2245],[15.7448,42.2245],[15.7451,42.2243],[15.7454,42.2242],[15.7458,42.2243],[15.746,42.2243],[15.7463,42.2242],[15.7465,42.2241],[15.7467,42.224],[15.7469,42.2239],[15.747,42.2238],[15.7471,42.2237],[15.7471,42.2235],[15.7473,42.2234],[15.7473,42.2234],[15.7474,42.2234],[15.7477,42.2235],[15.7479,42.2234],[15.7481,42.2232],[15.7484,42.2232],[15.7486,42.2233],[15.7489,42.2234],[15.7491,42.2234],[15.7494,42.2236],[15.7497,42.2237],[15.7499,42.2239],[15.7501,42.2241],[15.7502,42.2242],[15.7502,42.2244],[15.7503,42.2245],[15.7504,42.2247],[15.7504,42.2248],[15.7506,42.2248],[15.7507,42.2247],[15.7509,42.2248],[15.7512,42.2248],[15.7514,42.2249],[15.7515,42.225],[15.7515,42.2251],[15.7515,42.2252],[15.7515,42.2253],[15.7516,42.2253],[15.7516,42.2254],[15.7516,42.2256],[15.7517,42.2257],[15.7516,42.2258],[15.7515,42.2259],[15.7513,42.226],[15.7511,42.2259],[15.751,42.2259],[15.7508,42.2258],[15.7507,42.2257],[15.7505,42.2257],[15.7503,42.2257],[15.75,42.2258],[15.7499,42.2257],[15.7497,42.2256],[15.7495,42.2256],[15.7493,42.2256],[15.7492,42.2254],[15.7491,42.2253],[15.7491,42.2252],[15.7489,42.225],[15.7488,42.225],[15.7488,42.2252],[15.7487,42.2253],[15.7486,42.2255],[15.7485,42.2254],[15.7483,42.2253],[15.7482,42.2253],[15.7481,42.2255],[15.7479,42.2255],[15.7477,42.2255],[15.7475,42.2254],[15.7473,42.2254],[15.7472,42.2253],[15.7473,42.2251],[15.7472,42.2251],[15.747,42.2251],[15.747,42.2252],[15.7471,42.2254],[15.747,42.2255],[15.7468,42.2255],[15.7467,42.2257],[15.7466,42.2259],[15.7464,42.226],[15.7462,42.2261],[15.746,42.2261],[15.7455,42.2261],[15.7454,42.2261],[15.7453,42.2262],[15.7451,42.2263],[15.7449,42.2263],[15.7447,42.2263],[15.7445,42.2264],[15.7444,42.2264],[15.7442,42.2265]]]]},"properties":{"name":"Puglia","iso":""}},{"type":"Feature","geometry":{"type":"MultiPolygon","coordinates":[[[[15.7169,39.9677],[15.7168,39.9677],[15.7167,39.9677],[15.7166,39.9677],[15.7165,39.9678],[15.7163,39.9678],[15.7163,39.9677],[15.7162,39.9677],[15.7161,39.9677],[15.7161,39.9678],[15.716,39.9677],[15.716,39.9677],[15.7158,39.9676],[15.7155,39.9675],[15.7153,39.9675],[15.7152,39.9674],[15.7151,39.9672],[15.715,39.9671],[15.715,39.967],[15.7149,39.9669],[15.7149,39.9669],[15.7148,39.9668],[15.7149,39.9667],[15.7149,39.9667],[15.715,39.9666],[15.7151,39.9666],[15.7154,39.9666],[15.7155,39.9667],[15.7156,39.9668],[15.7157,39.9668],[15.7159,39.9669],[15.716,39.967],[15.7161,39.967],[15.7164,39.9671],[15.7166,39.9671],[15.7168,39.9671],[15.7169,39.9671],[15.717,39.9672],[15.7172,39.9673],[15.7173,39.9673],[15.7173,39.9674],[15.7173,39.9675],[15.7171,39.9676],[15.7171,39.9676],[15.717,39.9676],[15.7169,39.9677]]],[[[16.6357,40.7585],[16.6353,40.7586],[16.6352,40.7583],[16.635,40.7579],[16.6348,40.7573],[16.6347,40.757],[16.6344,40.7566],[16.6343,40.7562],[16.6342,40.756],[16.634,40.7556],[16.6338,40.7549],[16.6338,40.7542],[16.634,40.7541],[16.6344,40.754],[16.635,40.7537],[16.6358,40.7534],[16.6362,40.7533],[16.6368,40.7533],[16.6375,40.7531],[16.638,40.7529],[16.6386,40.7527],[16.6395,40.7524],[16.64,40.7522],[16.6412,40.7518],[16.6423,40.7516],[16.6429,40.7519],[16.6433,40.7522],[16.6437,40.7522],[16.6442,40.7525],[16.6446,40.7526],[16.645,40.7526],[16.6452,40.7526],[16.6459,40.7525],[16.6461,40.7534],[16.6465,40.7542],[16.6464,40.7547],[16.646,40.7552],[16.6454,40.7553],[16.6448,40.7553],[16.6438,40.7554],[16.643,40.7558],[16.6426,40.7561],[16.642,40.7561],[16.6415,40.7559],[16.641,40.7558],[16.6403,40.7557],[16.6389,40.7559],[16.6383,40.7562],[16.6379,40.7564],[16.6371,40.7569],[16.6365,40.7574],[16.636,40.7584],[16.6357,40.7585]]],[[[15.6453,40.043],[15.6778,40.0292],[15.6801,40.0067],[15.7112,39.9881],[15.7559,39.9236],[15.7736,39.9612],[15.82,40.0019],[15.8486,40.0068],[15.8978,39.9817],[15.928,40.0011],[15.9792,39.9824],[16.0307,39.9934],[16.0068,39.9573],[16.049,39.8948],[16.138,39.9014],[16.1586,39.9201],[16.2147,39.896],[16.2143,39.9266],[16.2684,39.936],[16.3096,39.934],[16.3506,39.8987],[16.3598,39.9194],[16.3378,39.9362],[16.3984,40.0169],[16.3931,40.0444],[16.4156,40.085],[16.4089,40.121],[16.4211,40.1439],[16.4341,40.1277],[16.4708,40.1341],[16.53,40.1181],[16.587,40.1345],[16.6453,40.1181],[16.6918,40.1517],[16.7831,40.2983],[16.8669,40.3973],[16.8174,40.4249],[16.8029,40.4574],[16.7202,40.4798],[16.7362,40.512],[16.7054,40.5561],[16.7118,40.593],[16.7283,40.6014],[16.7098,40.6319],[16.7272,40.6884],[16.6965,40.7026],[16.7249,40.7138],[16.6634,40.7489],[16.6529,40.7363],[16.576,40.7635],[16.5724,40.7369],[16.5545,40.7577],[16.5358,40.7519],[16.5386,40.725],[16.5011,40.7623],[16.4468,40.7125],[16.4057,40.704],[16.2561,40.8231],[16.2009,40.9186],[16.163,40.9286],[16.1211,40.8977],[16.092,40.921],[15.9771,40.958],[15.9718,40.9721],[16.0029,40.9702],[16.0266,40.9907],[16.0405,41.0364],[15.9991,41.0538],[15.9826,41.0892],[15.9541,41.0931],[15.9534,41.1108],[15.921,41.1112],[15.8786,41.1395],[15.8317,41.1291],[15.7986,41.1113],[15.7978,41.091],[15.7684,41.0832],[15.7428,41.0994],[15.692,41.0862],[15.5784,41.0969],[15.5393,41.0704],[15.5723,40.9967],[15.5272,40.9078],[15.4676,40.8896],[15.4606,40.8671],[15.3542,40.8827],[15.379,40.8676],[15.3777,40.8364],[15.335,40.8349],[15.3805,40.811],[15.3666,40.7983],[15.3883,40.7954],[15.3815,40.7242],[15.5036,40.6637],[15.4495,40.6091],[15.5393,40.5681],[15.5266,40.5573],[15.5505,40.5092],[15.5382,40.4886],[15.6627,40.3925],[15.7027,40.3837],[15.7047,40.3422],[15.7269,40.3154],[15.8064,40.2732],[15.7874,40.2366],[15.7957,40.2219],[15.7296,40.1995],[15.712,40.1779],[15.7058,40.1177],[15.6778,40.0844],[15.6515,40.0783],[15.6762,40.0549],[15.6453,40.043]]]]},"properties":{"name":"Basilicata","iso":""}},{"type":"Feature","geometry":{"type":"MultiPolygon","coordinates":[[[[15.8014,39.7004],[15.8013,39.7005],[15.8012,39.7005],[15.8011,39.7005],[15.8011,39.7004],[15.801,39.7005],[15.8009,39.7005],[15.8009,39.7005],[15.8008,39.7005],[15.8007,39.7005],[15.8007,39.7005],[15.8006,39.7005],[15.8006,39.7005],[15.8005,39.7005],[15.8004,39.7005],[15.8004,39.7004],[15.8004,39.7004],[15.8003,39.7004],[15.8003,39.7003],[15.8003,39.7002],[15.8003,39.7002],[15.8004,39.7001],[15.8004,39.7001],[15.8005,39.7001],[15.8005,39.7],[15.8005,39.7],[15.8005,39.7],[15.8006,39.6999],[15.8006,39.6999],[15.8007,39.6999],[15.8007,39.6999],[15.8007,39.6998],[15.8007,39.6998],[15.8007,39.6998],[15.8006,39.6997],[15.8006,39.6997],[15.8006,39.6997],[15.8006,39.6996],[15.8006,39.6996],[15.8006,39.6996],[15.8006,39.6995],[15.8005,39.6995],[15.8006,39.6995],[15.8006,39.6994],[15.8006,39.6994],[15.8006,39.6994],[15.8006,39.6994],[15.8006,39.6993],[15.8006,39.6993],[15.8006,39.6993],[15.8006,39.6992],[15.8005,39.6991],[15.8005,39.6991],[15.8005,39.699],[15.8005,39.699],[15.8005,39.699],[15.8004,39.6989],[15.8004,39.6989],[15.8004,39.6989],[15.8004,39.6989],[15.8005,39.6988],[15.8004,39.6988],[15.8004,39.6988],[15.8002,39.6988],[15.8002,39.6988],[15.8002,39.6987],[15.8002,39.6987],[15.8002,39.6986],[15.8002,39.6986],[15.8002,39.6985],[15.8002,39.6985],[15.8001,39.6985],[15.8001,39.6985],[15.8,39.6985],[15.8,39.6985],[15.8,39.6984],[15.8,39.6984],[15.8,39.6983],[15.8001,39.6983],[15.8001,39.6983],[15.8002,39.6983],[15.8002,39.6983],[15.8003,39.6983],[15.8003,39.6983],[15.8002,39.6983],[15.8001,39.6983],[15.8001,39.6982],[15.8001,39.6982],[15.8001,39.6981],[15.8001,39.6981],[15.8002,39.6981],[15.8002,39.6981],[15.8003,39.6981],[15.8003,39.6981],[15.8003,39.6981],[15.8003,39.698],[15.8003,39.698],[15.8003,39.698],[15.8003,39.6979],[15.8003,39.6979],[15.8004,39.6978],[15.8005,39.6978],[15.8005,39.6978],[15.8006,39.6977],[15.8006,39.6977],[15.8006,39.6977],[15.8006,39.6976],[15.8005,39.6976],[15.8006,39.6976],[15.8007,39.6976],[15.8007,39.6976],[15.8008,39.6975],[15.8009,39.6975],[15.8011,39.6974],[15.8012,39.6974],[15.8013,39.6974],[15.8014,39.6975],[15.8014,39.6975],[15.8016,39.6976],[15.8016,39.6976],[15.8016,39.6975],[15.8016,39.6975],[15.8016,39.6975],[15.8018,39.6975],[15.8018,39.6974],[15.8019,39.6974],[15.802,39.6975],[15.802,39.6975],[15.802,39.6976],[15.8021,39.6976],[15.8021,39.6975],[15.8022,39.6975],[15.8023,39.6975],[15.8024,39.6975],[15.8025,39.6975],[15.8025,39.6975],[15.8027,39.6976],[15.8028,39.6976],[15.8029,39.6976],[15.803,39.6976],[15.8031,39.6977],[15.8031,39.6978],[15.8031,39.6979],[15.8032,39.6979],[15.8032,39.698],[15.8032,39.698],[15.8032,39.6981],[15.8032,39.6982],[15.8032,39.6982],[15.8031,39.6983],[15.8032,39.6984],[15.8032,39.6985],[15.8032,39.6985],[15.8032,39.6985],[15.8032,39.6986],[15.8031,39.6986],[15.8032,39.6986],[15.8032,39.6986],[15.8032,39.6986],[15.8032,39.6987],[15.8032,39.6987],[15.8031,39.6987],[15.8031,39.6987],[15.8032,39.6987],[15.8031,39.6988],[15.8031,39.6988],[15.8031,39.6989],[15.8031,39.6989],[15.8031,39.699],[15.8031,39.699],[15.8031,39.6991],[15.8031,39.6991],[15.803,39.6991],[15.803,39.6992],[15.803,39.6992],[15.803,39.6992],[15.803,39.6993],[15.803,39.6993],[15.803,39.6993],[15.803,39.6994],[15.8029,39.6994],[15.8029,39.6994],[15.8029,39.6995],[15.8029,39.6995],[15.8029,39.6996],[15.8029,39.6996],[15.8028,39.6996],[15.8028,39.6997],[15.8028,39.6997],[15.8027,39.6997],[15.8027,39.6998],[15.8027,39.6998],[15.8027,39.6999],[15.8026,39.6999],[15.8025,39.6999],[15.8025,39.6999],[15.8025,39.6999],[15.8024,39.7],[15.8024,39.7],[15.8024,39.7],[15.8023,39.7],[15.8022,39.7001],[15.8021,39.7002],[15.802,39.7002],[15.8019,39.7002],[15.8018,39.7002],[15.8017,39.7003],[15.8017,39.7003],[15.8016,39.7003],[15.8016,39.7004],[15.8015,39.7004],[15.8014,39.7004]]],[[[15.7787,39.8476],[15.7789,39.8477],[15.7791,39.8478],[15.7792,39.848],[15.7793,39.848],[15.7792,39.8481],[15.7791,39.8481],[15.7789,39.8482],[15.7789,39.8482],[15.7787,39.8482],[15.7786,39.8482],[15.7785,39.8481],[15.7784,39.848],[15.7784,39.848],[15.7784,39.8479],[15.7783,39.8478],[15.7782,39.8476],[15.7783,39.8476],[15.7784,39.8476],[15.7785,39.8476],[15.7787,39.8476]]],[[[15.7883,39.8562],[15.7884,39.8563],[15.7885,39.8563],[15.7887,39.8565],[15.7889,39.8566],[15.7891,39.8566],[15.7893,39.8567],[15.7894,39.8568],[15.7893,39.8568],[15.7891,39.8569],[15.7889,39.8569],[15.7888,39.8568],[15.7886,39.8567],[15.7884,39.8567],[15.7882,39.8567],[15.7881,39.8566],[15.7882,39.8565],[15.7882,39.8564],[15.7882,39.8562],[15.7883,39.8562]]],[[[15.7743,39.8759],[15.7742,39.8759],[15.7742,39.8757],[15.7741,39.8757],[15.7742,39.8756],[15.7743,39.8754],[15.7741,39.8753],[15.774,39.8753],[15.7738,39.8753],[15.7738,39.8754],[15.7737,39.8754],[15.7735,39.8754],[15.7733,39.8754],[15.7731,39.8755],[15.7729,39.8755],[15.7728,39.8755],[15.7726,39.8755],[15.7725,39.8755],[15.7725,39.8754],[15.7723,39.8753],[15.7723,39.8753],[15.7722,39.8753],[15.7722,39.8753],[15.7721,39.8753],[15.772,39.8753],[15.7719,39.8753],[15.7719,39.8753],[15.7718,39.8753],[15.7716,39.8753],[15.7716,39.8752],[15.7714,39.8752],[15.7713,39.8753],[15.7713,39.8752],[15.7712,39.8752],[15.7712,39.8751],[15.7711,39.8751],[15.7711,39.875],[15.771,39.875],[15.7709,39.8749],[15.7708,39.8749],[15.7707,39.8748],[15.7706,39.8748],[15.7705,39.8748],[15.7705,39.8747],[15.7705,39.8746],[15.7704,39.8745],[15.7703,39.8744],[15.7702,39.8745],[15.7702,39.8744],[15.7702,39.8742],[15.77,39.8741],[15.7699,39.874],[15.7699,39.8738],[15.7699,39.8738],[15.7699,39.8738],[15.7699,39.8737],[15.7698,39.8736],[15.7698,39.8735],[15.7698,39.8735],[15.7697,39.8734],[15.7697,39.8733],[15.7698,39.8732],[15.7699,39.8731],[15.7698,39.8731],[15.7696,39.873],[15.7695,39.8729],[15.7693,39.8729],[15.7691,39.8728],[15.7691,39.8728],[15.7689,39.8727],[15.7688,39.8726],[15.7688,39.8725],[15.7687,39.8724],[15.7687,39.8724],[15.7687,39.8722],[15.7687,39.8721],[15.7687,39.872],[15.7687,39.872],[15.7686,39.8719],[15.7687,39.8718],[15.7688,39.8718],[15.7688,39.8718],[15.7689,39.8717],[15.7691,39.8716],[15.7692,39.8716],[15.7693,39.8715],[15.7695,39.8714],[15.7696,39.8714],[15.7697,39.8714],[15.7698,39.8713],[15.7699,39.8713],[15.77,39.8713],[15.77,39.8714],[15.7701,39.8714],[15.7702,39.8714],[15.7703,39.8715],[15.7703,39.8715],[15.7704,39.8714],[15.7705,39.8714],[15.7707,39.8714],[15.7708,39.8714],[15.7709,39.8715],[15.7711,39.8716],[15.7711,39.8716],[15.7712,39.8716],[15.7713,39.8717],[15.7714,39.8717],[15.7716,39.8717],[15.7716,39.8717],[15.7717,39.8716],[15.7719,39.8717],[15.7721,39.8718],[15.7722,39.8718],[15.7724,39.8718],[15.7725,39.8718],[15.7728,39.8717],[15.773,39.8716],[15.7732,39.8716],[15.7733,39.8716],[15.7736,39.8716],[15.7737,39.8717],[15.7739,39.8719],[15.7741,39.872],[15.7742,39.8721],[15.7743,39.8721],[15.7744,39.8721],[15.7744,39.872],[15.7744,39.8719],[15.7746,39.8718],[15.7747,39.8718],[15.775,39.8719],[15.7755,39.8719],[15.7757,39.8719],[15.7758,39.872],[15.776,39.872],[15.7762,39.872],[15.7763,39.872],[15.7765,39.8721],[15.7766,39.8721],[15.7767,39.8722],[15.777,39.8723],[15.7771,39.8723],[15.7775,39.8724],[15.7777,39.8724],[15.778,39.8724],[15.7782,39.8724],[15.7783,39.8724],[15.7785,39.8724],[15.7786,39.8724],[15.7787,39.8723],[15.7789,39.8722],[15.7791,39.8722],[15.7792,39.8721],[15.7793,39.8721],[15.7794,39.872],[15.7794,39.8718],[15.7793,39.8717],[15.7793,39.8716],[15.7793,39.8715],[15.7795,39.8715],[15.7796,39.8715],[15.7797,39.8715],[15.7798,39.8716],[15.7798,39.8716],[15.7798,39.8717],[15.7799,39.8719],[15.7798,39.872],[15.7798,39.872],[15.7799,39.8721],[15.7798,39.8722],[15.7798,39.8722],[15.7798,39.8723],[15.7798,39.8723],[15.7797,39.8724],[15.7798,39.8724],[15.7799,39.8725],[15.78,39.8726],[15.7802,39.8727],[15.7802,39.8728],[15.7803,39.8729],[15.7804,39.873],[15.7805,39.8732],[15.7806,39.8733],[15.7807,39.8734],[15.7806,39.8736],[15.7805,39.8737],[15.7803,39.8739],[15.7802,39.874],[15.7802,39.8741],[15.7797,39.8745],[15.7797,39.8746],[15.7791,39.8749],[15.7789,39.875],[15.7784,39.8751],[15.7783,39.8751],[15.7779,39.8752],[15.7775,39.8752],[15.7773,39.8752],[15.7771,39.8752],[15.777,39.8752],[15.7768,39.8752],[15.7767,39.8751],[15.7765,39.8751],[15.7764,39.8751],[15.7762,39.8751],[15.7761,39.8751],[15.7758,39.8751],[15.7756,39.8752],[15.7754,39.8753],[15.7753,39.8754],[15.7751,39.8756],[15.7746,39.8757],[15.7745,39.8757],[15.7744,39.8757],[15.7744,39.8757],[15.7743,39.8759]]],[[[15.7559,39.9236],[15.7916,39.8631],[15.769,39.8357],[15.7859,39.8158],[15.8144,39.6778],[15.8317,39.6683],[15.8755,39.5517],[15.9252,39.5265],[15.9968,39.4394],[16.0511,39.2982],[16.0667,39.1344],[16.0988,39.0313],[16.1561,38.9515],[16.2162,38.9249],[16.2208,38.8474],[16.1882,38.7561],[16.1371,38.7188],[15.9861,38.7232],[15.9484,38.6913],[15.8721,38.6732],[15.8362,38.6463],[15.8265,38.6191],[15.9288,38.55],[15.9292,38.5323],[15.8984,38.4515],[15.833,38.3575],[15.8171,38.3007],[15.7492,38.2571],[15.6355,38.2319],[15.634,38.1858],[15.6567,38.1365],[15.6302,38.0932],[15.6571,38.0396],[15.6336,38.0182],[15.678,37.9541],[15.7612,37.9166],[15.9202,37.9297],[16.0444,37.9208],[16.1224,37.9915],[16.1657,38.1365],[16.3188,38.2889],[16.4648,38.339],[16.5708,38.4267],[16.5822,38.4691],[16.5586,38.6806],[16.5348,38.7119],[16.6057,38.8119],[16.836,38.9153],[16.9792,38.9384],[17.0216,38.9058],[17.0418,38.9189],[17.0844,38.9125],[17.0942,38.8926],[17.1692,38.9533],[17.164,38.9947],[17.2065,39.0285],[17.1467,39.0465],[17.1352,39.087],[17.1081,39.1073],[17.1484,39.2061],[17.1063,39.2533],[17.1092,39.3075],[17.1569,39.4007],[17.0567,39.4365],[17.0245,39.4838],[16.9592,39.4958],[16.8666,39.5386],[16.7707,39.6211],[16.6219,39.6213],[16.5288,39.6713],[16.5229,39.6593],[16.5299,39.7239],[16.4925,39.7509],[16.4893,39.7981],[16.5383,39.8708],[16.627,39.9569],[16.5987,40.0401],[16.6057,40.0801],[16.6451,40.118],[16.6269,40.1301],[16.53,40.1181],[16.4708,40.1341],[16.4341,40.1277],[16.4211,40.1439],[16.4089,40.121],[16.4156,40.085],[16.3931,40.0444],[16.3984,40.0169],[16.3378,39.9362],[16.3598,39.9194],[16.3506,39.8987],[16.3096,39.934],[16.2684,39.936],[16.2143,39.9266],[16.2147,39.896],[16.1586,39.9201],[16.138,39.9014],[16.049,39.8948],[16.0068,39.9573],[16.0307,39.9934],[15.9792,39.9824],[15.928,40.0011],[15.8978,39.9817],[15.8486,40.0068],[15.82,40.0019],[15.7736,39.9612],[15.7559,39.9236]]]]},"properties":{"name":"Calabria","iso":""}},{"type":"Feature","geometry":{"type":"MultiPolygon","coordinates":[[[[12.5596,35.5096],[12.5596,35.5101],[12.5593,35.5102],[12.5591,35.5103],[12.5587,35.5106],[12.5585,35.511],[12.5587,35.5113],[12.5586,35.5114],[12.5584,35.5113],[12.5581,35.5111],[12.5578,35.5108],[12.5573,35.5106],[12.5574,35.5103],[12.5577,35.5102],[12.558,35.51],[12.5578,35.5098],[12.558,35.5097],[12.5578,35.5095],[12.5581,35.5095],[12.5583,35.5095],[12.5589,35.5093],[12.5594,35.5092],[12.5597,35.5091],[12.56,35.509],[12.5601,35.5091],[12.5601,35.5092],[12.5599,35.5093],[12.5596,35.5096]]],[[[12.5286,35.5291],[12.5285,35.5291],[12.5285,35.5291],[12.5284,35.5291],[12.5283,35.5291],[12.5283,35.5291],[12.5283,35.529],[12.5284,35.5289],[12.5284,35.5289],[12.5285,35.5288],[12.5286,35.5287],[12.5287,35.5288],[12.5288,35.5289],[12.5288,35.529],[12.5287,35.5291],[12.5286,35.5291]]],[[[12.5333,35.5284],[12.5178,35.5202],[12.6331,35.4935],[12.6279,35.5204],[12.5333,35.5284]]],[[[12.3214,35.5506],[12.3216,35.5508],[12.3217,35.5511],[12.322,35.5513],[12.3221,35.5514],[12.3224,35.5515],[12.3225,35.5517],[12.3225,35.5518],[12.3227,35.5519],[12.3227,35.5521],[12.3224,35.5522],[12.3221,35.5526],[12.3219,35.5526],[12.3217,35.5527],[12.3207,35.5533],[12.3204,35.553],[12.3203,35.5526],[12.3202,35.5523],[12.3201,35.5519],[12.3201,35.5517],[12.3201,35.5515],[12.3199,35.5512],[12.3201,35.5509],[12.3204,35.5507],[12.3208,35.5505],[12.3211,35.5505],[12.3214,35.5506]]],[[[12.8754,35.8754],[12.8484,35.8682],[12.8809,35.8546],[12.8754,35.8754]]],[[[14.9322,36.6858],[14.9324,36.6858],[14.9326,36.6858],[14.9326,36.6859],[14.9326,36.686],[14.9326,36.6861],[14.9326,36.6862],[14.9326,36.6862],[14.9325,36.6863],[14.9324,36.6864],[14.9324,36.6864],[14.9323,36.6865],[14.9322,36.6865],[14.9322,36.6865],[14.9321,36.6865],[14.932,36.6865],[14.932,36.6864],[14.9319,36.6864],[14.9319,36.6864],[14.9318,36.6864],[14.9318,36.6863],[14.9317,36.6863],[14.9317,36.6863],[14.9316,36.6863],[14.9316,36.6862],[14.9316,36.6862],[14.9316,36.6861],[14.9316,36.6861],[14.9315,36.686],[14.9315,36.6859],[14.9316,36.6859],[14.9317,36.6858],[14.9318,36.6858],[14.9318,36.6858],[14.9319,36.6858],[14.9319,36.6858],[14.932,36.6857],[14.9321,36.6857],[14.9322,36.6858]]],[[[15.1519,36.6893],[15.1518,36.6893],[15.1517,36.6892],[15.1515,36.6891],[15.1514,36.6891],[15.1513,36.6891],[15.1512,36.689],[15.1511,36.6889],[15.151,36.6889],[15.1508,36.6888],[15.1508,36.6888],[15.1506,36.6888],[15.1505,36.6886],[15.1501,36.6886],[15.1499,36.6886],[15.1498,36.6886],[15.1497,36.6887],[15.1497,36.6887],[15.1496,36.6889],[15.1495,36.6889],[15.1492,36.689],[15.149,36.6891],[15.1487,36.6891],[15.1486,36.6891],[15.1484,36.6891],[15.1484,36.6891],[15.1483,36.6892],[15.1481,36.689],[15.148,36.689],[15.148,36.689],[15.1478,36.689],[15.1477,36.6889],[15.1476,36.6889],[15.1474,36.6888],[15.1474,36.6887],[15.1472,36.6886],[15.147,36.6886],[15.1469,36.6886],[15.1466,36.6885],[15.1465,36.6885],[15.1463,36.6885],[15.1461,36.6883],[15.1461,36.6883],[15.1461,36.6881],[15.1457,36.688],[15.1455,36.6879],[15.1454,36.6878],[15.1455,36.6877],[15.1454,36.6875],[15.1452,36.6874],[15.1452,36.6873],[15.1452,36.6872],[15.145,36.687],[15.1449,36.6869],[15.1448,36.6868],[15.1448,36.6867],[15.1449,36.6866],[15.1447,36.6865],[15.1448,36.6864],[15.1447,36.6864],[15.1446,36.6863],[15.1446,36.6862],[15.1445,36.6861],[15.1445,36.686],[15.1444,36.686],[15.1443,36.6857],[15.1444,36.6857],[15.1444,36.6855],[15.1443,36.6854],[15.1442,36.6853],[15.1441,36.6851],[15.1441,36.6849],[15.1441,36.6848],[15.144,36.6846],[15.1436,36.6845],[15.1432,36.6844],[15.1431,36.6843],[15.1432,36.6842],[15.1433,36.6839],[15.1434,36.6837],[15.1433,36.6835],[15.1432,36.6834],[15.1431,36.6833],[15.1429,36.683],[15.1429,36.6829],[15.143,36.6828],[15.1432,36.683],[15.1432,36.6831],[15.1433,36.6832],[15.1434,36.6831],[15.1435,36.6829],[15.1436,36.6825],[15.1437,36.6823],[15.1437,36.6821],[15.1435,36.6819],[15.1435,36.6818],[15.1436,36.6817],[15.1436,36.6816],[15.1436,36.6815],[15.1438,36.6815],[15.144,36.6816],[15.1441,36.6818],[15.1442,36.682],[15.1443,36.6823],[15.1443,36.6826],[15.1444,36.6827],[15.1445,36.6828],[15.1447,36.683],[15.1447,36.6833],[15.1447,36.6835],[15.1449,36.6837],[15.1452,36.684],[15.1455,36.6841],[15.1458,36.6842],[15.1463,36.6842],[15.1464,36.684],[15.1466,36.6839],[15.1468,36.6838],[15.147,36.6838],[15.1471,36.6837],[15.1474,36.6836],[15.1478,36.6836],[15.1479,36.6835],[15.1481,36.6834],[15.1484,36.6834],[15.1487,36.6834],[15.1487,36.6835],[15.1485,36.6836],[15.1484,36.6838],[15.1484,36.6839],[15.1486,36.6841],[15.1488,36.6842],[15.1488,36.6844],[15.1486,36.6845],[15.1485,36.6845],[15.1486,36.6847],[15.1487,36.6848],[15.1489,36.6849],[15.1491,36.685],[15.1494,36.6852],[15.1494,36.6853],[15.1495,36.6854],[15.1496,36.6854],[15.1498,36.6854],[15.1498,36.6854],[15.1499,36.6854],[15.15,36.6853],[15.1503,36.6853],[15.1505,36.6854],[15.1505,36.6852],[15.1504,36.6852],[15.1505,36.6852],[15.1506,36.6852],[15.1506,36.6851],[15.1507,36.685],[15.1509,36.685],[15.1511,36.6849],[15.1513,36.6849],[15.1515,36.6849],[15.1515,36.685],[15.1515,36.685],[15.1514,36.685],[15.1513,36.685],[15.1514,36.6851],[15.1514,36.6851],[15.1515,36.6852],[15.1515,36.6852],[15.1517,36.6853],[15.1518,36.6853],[15.152,36.6852],[15.1522,36.6852],[15.1523,36.6852],[15.1523,36.6852],[15.1522,36.6853],[15.1522,36.6854],[15.1522,36.6854],[15.1521,36.6854],[15.152,36.6855],[15.152,36.6856],[15.1519,36.6857],[15.152,36.6858],[15.1522,36.6858],[15.1522,36.6858],[15.1521,36.6859],[15.1522,36.686],[15.1522,36.6859],[15.1524,36.6859],[15.1525,36.6859],[15.1526,36.6859],[15.1527,36.6859],[15.1526,36.686],[15.1524,36.6861],[15.1524,36.6862],[15.1525,36.6862],[15.1525,36.6861],[15.1527,36.6861],[15.1528,36.6861],[15.1528,36.6861],[15.1526,36.6862],[15.1526,36.6862],[15.1524,36.6863],[15.1526,36.6864],[15.1526,36.6866],[15.1527,36.6867],[15.1527,36.6866],[15.1529,36.6867],[15.1529,36.6868],[15.1529,36.6868],[15.153,36.6868],[15.1532,36.6869],[15.1533,36.687],[15.1534,36.6871],[15.1533,36.6871],[15.1531,36.6872],[15.1531,36.6872],[15.1533,36.6872],[15.1531,36.6875],[15.153,36.6876],[15.153,36.6876],[15.1531,36.6876],[15.1532,36.6877],[15.1533,36.6877],[15.1534,36.6878],[15.1536,36.688],[15.1536,36.6881],[15.1536,36.6881],[15.1537,36.6881],[15.1539,36.6884],[15.154,36.6886],[15.154,36.6887],[15.1541,36.6887],[15.1541,36.6888],[15.1542,36.6889],[15.1541,36.6889],[15.154,36.689],[15.154,36.6891],[15.1539,36.6891],[15.1538,36.6891],[15.1537,36.689],[15.1536,36.689],[15.1534,36.6891],[15.1532,36.6891],[15.153,36.689],[15.153,36.6891],[15.1529,36.6892],[15.1525,36.6893],[15.1522,36.6893],[15.152,36.6893],[15.1519,36.6893]]],[[[11.9545,36.8394],[11.9257,36.8162],[11.9566,36.7679],[12.0046,36.7348],[12.0497,36.7506],[12.0517,36.7998],[11.9545,36.8394]]],[[[15.1193,36.7385],[15.1192,36.7386],[15.1192,36.7386],[15.1191,36.7386],[15.119,36.7386],[15.119,36.7385],[15.1188,36.7386],[15.1187,36.7384],[15.1187,36.7384],[15.1186,36.7385],[15.1185,36.7385],[15.1184,36.7385],[15.1184,36.7384],[15.1184,36.7383],[15.1184,36.7383],[15.1184,36.7382],[15.1184,36.7381],[15.1184,36.7381],[15.1184,36.738],[15.1185,36.738],[15.1186,36.7379],[15.1186,36.7378],[15.1187,36.7378],[15.1188,36.7378],[15.1189,36.738],[15.119,36.738],[15.1191,36.738],[15.1191,36.738],[15.1192,36.7381],[15.1192,36.7382],[15.1192,36.7382],[15.1192,36.7383],[15.1192,36.7383],[15.1193,36.7384],[15.1193,36.7385],[15.1193,36.7385]]],[[[15.1062,36.7907],[15.1063,36.7912],[15.1064,36.7919],[15.1061,36.7924],[15.1057,36.7927],[15.105,36.7926],[15.1042,36.7923],[15.1042,36.7917],[15.1056,36.79],[15.1062,36.7907]]],[[[15.2635,36.9798],[15.2635,36.9798],[15.2632,36.9797],[15.2632,36.9797],[15.2632,36.9796],[15.2632,36.9795],[15.2632,36.9794],[15.2631,36.9794],[15.2632,36.9793],[15.2631,36.9792],[15.2631,36.9792],[15.2631,36.9791],[15.2631,36.979],[15.2631,36.9789],[15.2632,36.9789],[15.2633,36.9789],[15.2634,36.9788],[15.2635,36.9788],[15.2636,36.9788],[15.2637,36.9787],[15.2637,36.9787],[15.2639,36.9787],[15.2639,36.9787],[15.264,36.9787],[15.2641,36.9787],[15.2642,36.9786],[15.2643,36.9787],[15.2643,36.9787],[15.2644,36.9787],[15.2645,36.9787],[15.2646,36.9787],[15.2647,36.9787],[15.2648,36.9788],[15.2649,36.9788],[15.2649,36.9789],[15.2649,36.979],[15.2649,36.979],[15.2648,36.979],[15.2647,36.9791],[15.2646,36.9791],[15.2645,36.9792],[15.2645,36.9792],[15.2644,36.9793],[15.2643,36.9794],[15.2642,36.9795],[15.2642,36.9796],[15.2641,36.9796],[15.264,36.9797],[15.2639,36.9797],[15.2638,36.9797],[15.2638,36.9797],[15.2637,36.9797],[15.2635,36.9797],[15.2635,36.9798]]],[[[13.8573,37.112],[13.8572,37.1121],[13.857,37.1124],[13.857,37.1124],[13.8569,37.1124],[13.8569,37.1125],[13.8567,37.1126],[13.8566,37.1127],[13.8563,37.1128],[13.8563,37.1128],[13.8561,37.1128],[13.8559,37.1128],[13.8558,37.1128],[13.8558,37.1127],[13.856,37.1127],[13.856,37.1126],[13.856,37.1125],[13.856,37.1124],[13.8561,37.1123],[13.8561,37.1123],[13.8561,37.1122],[13.8561,37.1122],[13.8562,37.112],[13.8562,37.112],[13.8563,37.1119],[13.8564,37.1119],[13.8565,37.1119],[13.8565,37.1119],[13.8567,37.1119],[13.8568,37.1118],[13.8571,37.1119],[13.8571,37.112],[13.8572,37.112],[13.8573,37.112]]],[[[15.2045,37.2363],[15.2046,37.2365],[15.2045,37.2365],[15.2044,37.2363],[15.2043,37.2363],[15.2043,37.2363],[15.2042,37.2363],[15.2041,37.2363],[15.2041,37.2363],[15.204,37.2363],[15.204,37.2363],[15.204,37.2362],[15.204,37.2361],[15.204,37.236],[15.2037,37.236],[15.2035,37.2356],[15.2033,37.2355],[15.2035,37.2354],[15.2036,37.2352],[15.204,37.2354],[15.204,37.2355],[15.2044,37.2356],[15.2045,37.2357],[15.2046,37.2357],[15.2046,37.2357],[15.2046,37.2358],[15.2047,37.2358],[15.2047,37.2358],[15.2049,37.2358],[15.205,37.2358],[15.205,37.2357],[15.2053,37.2357],[15.2054,37.2357],[15.2056,37.2357],[15.2056,37.2359],[15.2057,37.236],[15.2056,37.2361],[15.2056,37.2362],[15.2052,37.2361],[15.2052,37.2363],[15.2051,37.2363],[15.2051,37.2362],[15.2048,37.2362],[15.2046,37.2362],[15.2045,37.2363]]],[[[15.2473,37.2479],[15.2473,37.2479],[15.2473,37.248],[15.2473,37.2479]]],[[[15.1662,37.5593],[15.1663,37.5595],[15.1659,37.5598],[15.1658,37.56],[15.1656,37.5601],[15.1655,37.5601],[15.1653,37.5598],[15.1654,37.5593],[15.1658,37.5592],[15.1662,37.5593]]],[[[15.1666,37.5622],[15.1661,37.562],[15.1661,37.5615],[15.1659,37.5612],[15.1661,37.5609],[15.1661,37.5606],[15.1665,37.5604],[15.1668,37.5604],[15.1665,37.5608],[15.1671,37.5607],[15.1675,37.5605],[15.1677,37.5606],[15.1675,37.5608],[15.1675,37.5611],[15.1672,37.5611],[15.1672,37.5613],[15.167,37.5615],[15.1675,37.5613],[15.1678,37.5613],[15.168,37.5614],[15.1677,37.5616],[15.1675,37.5616],[15.1675,37.5618],[15.167,37.5619],[15.1669,37.5621],[15.1668,37.5622],[15.1666,37.5622]]],[[[12.4696,37.7305],[12.4693,37.7308],[12.4692,37.7308],[12.469,37.7309],[12.469,37.7306],[12.4692,37.7305],[12.4693,37.7304],[12.4698,37.7303],[12.4696,37.7305]]],[[[12.4569,37.8626],[12.4573,37.8626],[12.4572,37.8629],[12.4569,37.863],[12.4567,37.863],[12.4564,37.8629],[12.4563,37.8627],[12.4565,37.8625],[12.4569,37.8626]]],[[[12.4712,37.8703],[12.471,37.8705],[12.4705,37.8706],[12.4698,37.8707],[12.4694,37.8707],[12.4691,37.8706],[12.4687,37.8706],[12.4682,37.8705],[12.468,37.8704],[12.4675,37.8703],[12.4673,37.8703],[12.4671,37.8703],[12.4668,37.8703],[12.4665,37.8702],[12.4661,37.8699],[12.4657,37.8699],[12.4654,37.8698],[12.4651,37.8697],[12.465,37.8696],[12.4646,37.8693],[12.4644,37.8691],[12.4643,37.8688],[12.4642,37.8685],[12.4643,37.8682],[12.4644,37.868],[12.4647,37.8676],[12.4649,37.8672],[12.465,37.8668],[12.465,37.8666],[12.4651,37.8659],[12.465,37.865],[12.465,37.8648],[12.465,37.8645],[12.4651,37.8643],[12.4651,37.8641],[12.4655,37.864],[12.466,37.864],[12.4665,37.8639],[12.4668,37.8637],[12.467,37.8637],[12.4674,37.8636],[12.4676,37.8636],[12.4679,37.8636],[12.4686,37.8638],[12.4689,37.8644],[12.4692,37.8647],[12.4696,37.8648],[12.4698,37.8649],[12.4702,37.8651],[12.4705,37.8652],[12.4709,37.8654],[12.4713,37.8657],[12.4715,37.8659],[12.4718,37.8658],[12.4718,37.8659],[12.4716,37.866],[12.4716,37.8661],[12.4719,37.8661],[12.4719,37.8662],[12.4718,37.8663],[12.4718,37.8664],[12.472,37.8666],[12.4724,37.867],[12.4723,37.8671],[12.4721,37.8673],[12.472,37.8674],[12.4722,37.8679],[12.4723,37.8682],[12.4722,37.8688],[12.4722,37.8691],[12.4719,37.8693],[12.4717,37.8696],[12.4715,37.8699],[12.4716,37.8702],[12.4715,37.8703],[12.4714,37.8703],[12.4712,37.8703]]],[[[12.4553,37.8874],[12.455,37.8876],[12.455,37.8875],[12.4549,37.8874],[12.4551,37.8873],[12.4552,37.8872],[12.4555,37.8871],[12.4556,37.8871],[12.4557,37.887],[12.4558,37.8868],[12.4559,37.8867],[12.456,37.8861],[12.4565,37.8859],[12.4567,37.8856],[12.4569,37.8853],[12.4569,37.8849],[12.457,37.8848],[12.4571,37.8846],[12.4571,37.8842],[12.457,37.8837],[12.4568,37.8835],[12.4566,37.8832],[12.4564,37.8828],[12.4566,37.8826],[12.4569,37.8825],[12.4571,37.8821],[12.4571,37.8818],[12.4574,37.8817],[12.4579,37.8818],[12.4584,37.8818],[12.4587,37.8817],[12.459,37.8815],[12.4593,37.8815],[12.4598,37.8814],[12.4604,37.881],[12.4609,37.8807],[12.462,37.8798],[12.4624,37.8791],[12.4625,37.8791],[12.4624,37.879],[12.4625,37.879],[12.4625,37.8791],[12.4628,37.8791],[12.463,37.879],[12.4631,37.8788],[12.4631,37.8784],[12.4633,37.8784],[12.4632,37.8788],[12.4635,37.8788],[12.4636,37.8788],[12.4638,37.8786],[12.464,37.8785],[12.4643,37.8784],[12.4644,37.8784],[12.4646,37.8784],[12.4648,37.8785],[12.465,37.8786],[12.4652,37.8786],[12.4655,37.8786],[12.4655,37.8787],[12.4652,37.8787],[12.4654,37.879],[12.4654,37.8792],[12.4652,37.8796],[12.465,37.8797],[12.4647,37.8799],[12.4645,37.8801],[12.4643,37.8802],[12.4643,37.8804],[12.4642,37.8805],[12.464,37.8804],[12.4637,37.8804],[12.4635,37.8804],[12.4634,37.8804],[12.4632,37.8805],[12.4629,37.8805],[12.4626,37.8807],[12.4622,37.8809],[12.4618,37.881],[12.4614,37.8811],[12.4609,37.8811],[12.4605,37.8813],[12.46,37.8815],[12.4595,37.8818],[12.4594,37.8819],[12.4593,37.8821],[12.4592,37.8822],[12.459,37.8823],[12.4587,37.8824],[12.4582,37.8826],[12.4581,37.8829],[12.4577,37.8831],[12.4576,37.8836],[12.4574,37.8837],[12.4575,37.8842],[12.4575,37.8845],[12.4577,37.8848],[12.4578,37.8852],[12.4579,37.8856],[12.4578,37.8858],[12.4575,37.8862],[12.4573,37.8863],[12.4572,37.8864],[12.4569,37.8866],[12.4568,37.8867],[12.4566,37.8868],[12.4562,37.887],[12.4559,37.8872],[12.4557,37.8874],[12.4556,37.8874],[12.4553,37.8874]]],[[[12.4553,37.905],[12.4288,37.8923],[12.4465,37.844],[12.4553,37.905]]],[[[12.2983,37.9125],[12.2983,37.9126],[12.2982,37.9128],[12.2982,37.9128],[12.298,37.9127],[12.298,37.9125],[12.298,37.9125],[12.298,37.9124],[12.298,37.9122],[12.2979,37.912],[12.2979,37.912],[12.298,37.9118],[12.2981,37.9118],[12.2983,37.9117],[12.2985,37.9116],[12.2986,37.9117],[12.2989,37.9117],[12.299,37.9118],[12.2989,37.912],[12.2991,37.9121],[12.299,37.9122],[12.2989,37.9123],[12.2986,37.9123],[12.2984,37.9123],[12.2983,37.9125]]],[[[12.2902,37.9143],[12.2905,37.9144],[12.2905,37.9145],[12.2905,37.9146],[12.2905,37.9147],[12.2904,37.9148],[12.2903,37.9148],[12.2901,37.9151],[12.29,37.9154],[12.2899,37.9154],[12.2899,37.9153],[12.2898,37.9152],[12.2898,37.9151],[12.2898,37.9149],[12.2898,37.9147],[12.2898,37.9146],[12.2898,37.9144],[12.2898,37.9143],[12.2898,37.9143],[12.2896,37.9143],[12.2894,37.9142],[12.2893,37.9142],[12.2891,37.9142],[12.289,37.914],[12.289,37.9137],[12.2891,37.9136],[12.2893,37.9137],[12.2895,37.9138],[12.2898,37.914],[12.29,37.9142],[12.2902,37.9143]]],[[[12.3021,37.9153],[12.3019,37.9154],[12.3019,37.9156],[12.3021,37.9157],[12.3021,37.9158],[12.3022,37.9159],[12.3022,37.916],[12.3022,37.9161],[12.3021,37.9162],[12.3017,37.9163],[12.3014,37.9161],[12.3012,37.9158],[12.3013,37.9156],[12.3012,37.9155],[12.3011,37.9153],[12.3011,37.9152],[12.301,37.9152],[12.3007,37.9153],[12.3004,37.9154],[12.3001,37.9155],[12.3,37.9155],[12.3,37.9153],[12.3001,37.9152],[12.3005,37.915],[12.3006,37.915],[12.3006,37.9148],[12.3006,37.9146],[12.3007,37.9144],[12.3007,37.9143],[12.3008,37.9141],[12.3011,37.9141],[12.3012,37.9141],[12.3014,37.914],[12.3016,37.914],[12.3017,37.9139],[12.3019,37.9138],[12.3019,37.9137],[12.3022,37.9138],[12.3026,37.9137],[12.3026,37.9138],[12.3025,37.9139],[12.3027,37.914],[12.303,37.9142],[12.3033,37.9144],[12.3036,37.9147],[12.3039,37.9147],[12.3037,37.9148],[12.3034,37.9149],[12.3034,37.915],[12.3032,37.9151],[12.3031,37.9151],[12.3028,37.9152],[12.3027,37.9153],[12.3026,37.9152],[12.3024,37.9152],[12.3022,37.9151],[12.3021,37.9153]]],[[[12.3081,37.9557],[12.2714,37.9364],[12.2816,37.9191],[12.3662,37.9065],[12.3667,37.925],[12.3454,37.9372],[12.3239,37.9292],[12.3081,37.9557]]],[[[15.3008,37.8507],[15.3006,37.8506],[15.3005,37.8505],[15.3003,37.8504],[15.3003,37.8504],[15.3002,37.8507],[15.3,37.8507],[15.3,37.8505],[15.3001,37.8504],[15.3,37.8504],[15.2999,37.8502],[15.3,37.8501],[15.3,37.8499],[15.3001,37.8498],[15.3003,37.8497],[15.3003,37.8496],[15.3004,37.8496],[15.3004,37.8495],[15.3006,37.8495],[15.3008,37.8496],[15.3008,37.8495],[15.3009,37.8494],[15.301,37.8494],[15.301,37.8494],[15.3011,37.8495],[15.3012,37.8495],[15.3012,37.8496],[15.3013,37.8497],[15.3014,37.8497],[15.3014,37.8498],[15.3013,37.8498],[15.3013,37.8499],[15.3016,37.8499],[15.3016,37.8501],[15.3014,37.8501],[15.3014,37.8501],[15.3015,37.8501],[15.3015,37.8502],[15.3015,37.8502],[15.3015,37.8504],[15.3013,37.8505],[15.3013,37.8506],[15.3012,37.8506],[15.3009,37.8505],[15.3009,37.8505],[15.301,37.8506],[15.3009,37.8507],[15.3008,37.8507],[15.3008,37.8507]]],[[[12.0631,37.9931],[12.0279,37.9916],[12.0422,37.958],[12.0917,37.9474],[12.0631,37.9931]]],[[[12.3277,37.9873],[12.3276,37.9873],[12.3275,37.9874],[12.3274,37.9874],[12.3273,37.9873],[12.3276,37.9871],[12.3277,37.987],[12.3277,37.9869],[12.3277,37.9868],[12.3278,37.9866],[12.3279,37.9866],[12.328,37.9865],[12.3281,37.9865],[12.3284,37.9864],[12.3288,37.9863],[12.3289,37.9863],[12.3289,37.9864],[12.3289,37.9864],[12.329,37.9864],[12.3293,37.9865],[12.3294,37.9864],[12.3295,37.9864],[12.3295,37.9865],[12.3294,37.9866],[12.3295,37.9867],[12.3294,37.9868],[12.3292,37.9869],[12.3291,37.987],[12.3289,37.987],[12.3288,37.987],[12.3287,37.987],[12.3284,37.9873],[12.3283,37.9872],[12.3282,37.9873],[12.3281,37.9872],[12.328,37.9873],[12.3279,37.9873],[12.3277,37.9873]]],[[[12.4239,37.9898],[12.4236,37.9899],[12.4234,37.9899],[12.4233,37.99],[12.4232,37.9899],[12.4233,37.9898],[12.4235,37.9897],[12.4237,37.9896],[12.4238,37.9895],[12.4237,37.9894],[12.4237,37.9894],[12.4238,37.9894],[12.4237,37.9893],[12.4238,37.9892],[12.4239,37.9891],[12.4237,37.9892],[12.4237,37.9891],[12.4238,37.9891],[12.4238,37.989],[12.4237,37.989],[12.4237,37.989],[12.4238,37.9889],[12.4237,37.9889],[12.4237,37.9888],[12.4237,37.9887],[12.4238,37.9887],[12.4237,37.9886],[12.4238,37.9885],[12.4238,37.9885],[12.4237,37.9884],[12.4236,37.9885],[12.4235,37.9885],[12.4235,37.9884],[12.4239,37.9882],[12.4241,37.9881],[12.4243,37.988],[12.425,37.9877],[12.4254,37.9876],[12.4258,37.9875],[12.4259,37.9875],[12.4258,37.9876],[12.4255,37.9876],[12.4254,37.9877],[12.4253,37.9878],[12.4251,37.9878],[12.4249,37.9879],[12.4247,37.988],[12.4245,37.988],[12.4244,37.9881],[12.4243,37.9881],[12.4242,37.9882],[12.4242,37.9882],[12.4251,37.9881],[12.4251,37.9882],[12.4256,37.9881],[12.4256,37.988],[12.4256,37.988],[12.4257,37.988],[12.4259,37.988],[12.426,37.988],[12.4259,37.9881],[12.4258,37.9881],[12.4259,37.9882],[12.4261,37.9882],[12.4261,37.9882],[12.4261,37.9883],[12.426,37.9883],[12.426,37.9884],[12.4261,37.9884],[12.4262,37.9884],[12.4261,37.9885],[12.4264,37.9886],[12.4265,37.9888],[12.4266,37.9888],[12.4266,37.9889],[12.4267,37.9889],[12.4268,37.9889],[12.4268,37.989],[12.4268,37.9891],[12.4268,37.9892],[12.4268,37.9892],[12.4265,37.9894],[12.4263,37.9894],[12.4262,37.9894],[12.4261,37.9894],[12.4259,37.9894],[12.4257,37.9896],[12.4255,37.9896],[12.4253,37.9897],[12.4252,37.9897],[12.425,37.9898],[12.4246,37.9898],[12.4243,37.9898],[12.4239,37.9898]]],[[[12.4167,37.9876],[12.4166,37.9877],[12.4164,37.9877],[12.4162,37.9878],[12.4162,37.9879],[12.416,37.988],[12.4159,37.9881],[12.4159,37.9881],[12.4157,37.9882],[12.4156,37.9884],[12.4156,37.9885],[12.4155,37.9885],[12.4153,37.9888],[12.415,37.9891],[12.4149,37.9893],[12.4144,37.9898],[12.4142,37.9901],[12.4135,37.9906],[12.4129,37.9911],[12.4122,37.9915],[12.4116,37.992],[12.4115,37.9921],[12.4113,37.9921],[12.411,37.9922],[12.411,37.9921],[12.4111,37.992],[12.4112,37.9918],[12.4116,37.9916],[12.4115,37.9916],[12.4117,37.9913],[12.4121,37.9909],[12.4121,37.9908],[12.4128,37.9901],[12.4131,37.9898],[12.4132,37.9897],[12.4134,37.9895],[12.4136,37.9894],[12.4137,37.9893],[12.4139,37.989],[12.4143,37.9888],[12.4144,37.9886],[12.4145,37.9886],[12.4144,37.9885],[12.4146,37.9883],[12.4149,37.9882],[12.4153,37.9879],[12.4154,37.9879],[12.4156,37.9878],[12.4159,37.9876],[12.416,37.9875],[12.4162,37.9875],[12.4164,37.9875],[12.4165,37.9875],[12.4167,37.9875],[12.4167,37.9876]]],[[[12.4961,38.0121],[12.4958,38.0121],[12.4958,38.0121],[12.4955,38.0121],[12.4952,38.0119],[12.495,38.0117],[12.4942,38.0116],[12.493,38.0117],[12.4926,38.0118],[12.4925,38.0119],[12.4922,38.012],[12.4922,38.0118],[12.4921,38.0118],[12.4917,38.0118],[12.4913,38.0119],[12.4908,38.012],[12.4901,38.012],[12.4895,38.0121],[12.4892,38.0122],[12.4891,38.0121],[12.489,38.0118],[12.4894,38.0117],[12.4898,38.0115],[12.4902,38.0115],[12.4903,38.0117],[12.4907,38.0116],[12.4908,38.0115],[12.491,38.0112],[12.4912,38.0112],[12.4916,38.0111],[12.4917,38.0111],[12.4922,38.011],[12.4923,38.0111],[12.4928,38.011],[12.4933,38.0111],[12.4936,38.011],[12.4939,38.0111],[12.4942,38.0111],[12.4944,38.0111],[12.4947,38.0111],[12.4951,38.0112],[12.4951,38.0113],[12.4953,38.0114],[12.4954,38.0112],[12.4956,38.0112],[12.4959,38.0112],[12.4961,38.0113],[12.4963,38.0112],[12.4973,38.0092],[12.4974,38.0092],[12.4964,38.0113],[12.4966,38.0115],[12.4966,38.0117],[12.4967,38.0118],[12.4965,38.012],[12.4964,38.012],[12.4963,38.0121],[12.4961,38.0121]]],[[[12.4889,38.0124],[12.4891,38.0125],[12.489,38.0127],[12.4888,38.0128],[12.4885,38.0128],[12.4882,38.0129],[12.488,38.0127],[12.488,38.0125],[12.4884,38.0123],[12.4889,38.0124]]],[[[12.3339,38.0206],[12.3227,37.9951],[12.3511,37.9885],[12.3339,38.0206]]],[[[12.529,38.0637],[12.5292,38.0638],[12.5293,38.0638],[12.5294,38.0639],[12.5295,38.064],[12.5296,38.0641],[12.5297,38.0641],[12.5298,38.0644],[12.5298,38.0645],[12.5299,38.0646],[12.5299,38.0647],[12.5299,38.0648],[12.5299,38.0649],[12.5298,38.065],[12.5297,38.065],[12.5297,38.065],[12.5296,38.0649],[12.5296,38.0649],[12.5295,38.0648],[12.5295,38.0648],[12.5294,38.0648],[12.5294,38.0647],[12.5294,38.0647],[12.5294,38.0646],[12.5293,38.0646],[12.5293,38.0646],[12.5292,38.0645],[12.5292,38.0645],[12.5292,38.0644],[12.529,38.0642],[12.529,38.0642],[12.529,38.0641],[12.529,38.0641],[12.529,38.064],[12.5289,38.064],[12.5289,38.0639],[12.5289,38.0638],[12.5289,38.0638],[12.5289,38.0637],[12.5289,38.0637],[12.529,38.0637]]],[[[13.2358,38.2124],[13.2353,38.2126],[13.2351,38.2123],[13.2349,38.2123],[13.2346,38.2122],[13.2344,38.2122],[13.2339,38.2121],[13.2339,38.2114],[13.2339,38.211],[13.2338,38.2108],[13.2338,38.2103],[13.234,38.21],[13.234,38.2097],[13.2341,38.2094],[13.2342,38.2091],[13.2345,38.2087],[13.2348,38.2086],[13.235,38.2083],[13.2353,38.2082],[13.2356,38.2081],[13.2362,38.208],[13.2365,38.208],[13.2367,38.2078],[13.237,38.208],[13.2371,38.2079],[13.2378,38.2075],[13.238,38.2076],[13.2378,38.2081],[13.2377,38.2082],[13.2376,38.2085],[13.2375,38.2088],[13.2375,38.2089],[13.2375,38.2092],[13.2374,38.2096],[13.2373,38.2099],[13.2374,38.2103],[13.2375,38.2107],[13.2376,38.211],[13.2376,38.2112],[13.2375,38.2116],[13.2373,38.212],[13.237,38.2122],[13.2367,38.2126],[13.2365,38.2124],[13.2364,38.2121],[13.2362,38.2122],[13.2358,38.2124]]],[[[15.2473,37.2479],[15.2066,37.2934],[15.1867,37.2794],[15.1014,37.3144],[15.0904,37.5],[15.0997,37.4837],[15.1123,37.5314],[15.177,37.5759],[15.1743,37.6325],[15.1992,37.6542],[15.2192,37.7084],[15.2049,37.7362],[15.2138,37.7565],[15.2765,37.8224],[15.2731,37.8358],[15.3054,37.8515],[15.3056,37.8775],[15.4938,38.0747],[15.576,38.1941],[15.5576,38.1904],[15.5725,38.2342],[15.6497,38.2705],[15.5403,38.3013],[15.4307,38.2428],[15.2893,38.2063],[15.2413,38.2169],[15.2537,38.2456],[15.2321,38.2717],[15.241,38.2425],[15.2095,38.1835],[15.0956,38.1208],[15.0597,38.1287],[15.0637,38.1433],[15.0448,38.1519],[14.9703,38.1522],[14.9152,38.1923],[14.8894,38.1718],[14.7875,38.1514],[14.748,38.1656],[14.6404,38.0754],[14.5211,38.0414],[14.427,38.0406],[14.3728,38.0158],[14.2885,38.007],[14.1473,38.0301],[14.1261,38.0168],[14.0651,38.0185],[14.0218,38.0416],[13.9494,38.0312],[13.8349,37.9828],[13.745,37.9701],[13.5661,38.039],[13.5369,38.066],[13.5378,38.1127],[13.5082,38.1196],[13.4987,38.1052],[13.4427,38.0948],[13.3836,38.109],[13.3627,38.1298],[13.3803,38.1227],[13.3657,38.1825],[13.3289,38.1998],[13.3165,38.2247],[13.274,38.1982],[13.2414,38.2041],[13.2369,38.1857],[13.1914,38.1693],[13.1056,38.1909],[13.0771,38.172],[13.0723,38.1417],[13.0524,38.1387],[13.0778,38.0877],[12.9874,38.0437],[12.902,38.0245],[12.8113,38.0795],[12.7681,38.1796],[12.7386,38.1759],[12.7311,38.1896],[12.7156,38.1735],[12.7376,38.1396],[12.7104,38.1089],[12.661,38.1121],[12.6461,38.0783],[12.5694,38.0689],[12.5204,38.0225],[12.4916,38.017],[12.5221,38.0132],[12.5053,38.0113],[12.4959,37.9533],[12.4582,37.9078],[12.4859,37.8737],[12.4617,37.8173],[12.4241,37.802],[12.4553,37.7729],[12.4698,37.7052],[12.4993,37.6755],[12.5181,37.6607],[12.5665,37.6609],[12.5863,37.6422],[12.5867,37.6581],[12.5826,37.6472],[12.6119,37.6373],[12.6728,37.56],[12.7841,37.5811],[12.943,37.5723],[12.9888,37.5409],[13.0203,37.4952],[13.0784,37.5057],[13.1701,37.4914],[13.2539,37.4245],[13.272,37.3891],[13.4019,37.333],[13.4485,37.2929],[13.5118,37.2915],[13.5272,37.2751],[13.524,37.2865],[13.5562,37.2851],[13.6384,37.2303],[13.6615,37.1937],[13.7497,37.1494],[13.8241,37.1445],[13.8758,37.1018],[13.9287,37.098],[13.9399,37.0845],[13.9317,37.0949],[13.9458,37.0975],[13.9432,37.0846],[13.9747,37.1085],[14.0704,37.1104],[14.2607,37.058],[14.252,37.032],[14.2686,37.0516],[14.2961,37.0371],[14.3836,36.9556],[14.4442,36.87],[14.4599,36.8148],[14.4917,36.7873],[14.6299,36.7651],[14.7008,36.7174],[14.7462,36.7202],[14.7831,36.7036],[14.8948,36.7295],[14.9566,36.6941],[15.0264,36.6989],[15.0777,36.6441],[15.1133,36.6737],[15.132,36.6668],[15.1406,36.6853],[15.0943,36.778],[15.1108,36.8483],[15.1368,36.8668],[15.1537,36.9149],[15.2082,36.9633],[15.2619,36.9737],[15.2678,37.0025],[15.2997,37.0153],[15.3365,37.0021],[15.3083,37.0417],[15.2756,37.0394],[15.2772,37.0647],[15.2988,37.0591],[15.2957,37.1067],[15.2371,37.1152],[15.2201,37.1434],[15.2448,37.1459],[15.2332,37.1592],[15.206,37.1533],[15.2002,37.1702],[15.2145,37.1749],[15.2,37.1722],[15.1849,37.1955],[15.1951,37.2258],[15.1839,37.2369],[15.2136,37.2476],[15.2245,37.2162],[15.224,37.2392],[15.2538,37.2336],[15.2473,37.2479]]],[[[14.9387,38.4001],[14.9387,38.4001],[14.9385,38.4001],[14.9385,38.4001],[14.9384,38.4],[14.9383,38.4],[14.9383,38.3999],[14.9381,38.3999],[14.938,38.3998],[14.938,38.3998],[14.938,38.3997],[14.9381,38.3997],[14.9381,38.3996],[14.9381,38.3995],[14.9383,38.3995],[14.9383,38.3995],[14.9384,38.3995],[14.9385,38.3995],[14.9386,38.3995],[14.9388,38.3995],[14.9388,38.3995],[14.9389,38.3996],[14.9389,38.3997],[14.939,38.3998],[14.9391,38.3999],[14.9391,38.4],[14.939,38.4],[14.939,38.4001],[14.9389,38.4001],[14.9387,38.4001]]],[[[14.96,38.4323],[14.9366,38.4026],[14.9764,38.369],[15.003,38.3702],[14.9959,38.3977],[14.9603,38.414],[14.96,38.4323]]],[[[14.9605,38.5234],[14.9125,38.5186],[14.8975,38.4861],[14.9542,38.4391],[14.9561,38.4758],[14.9807,38.483],[14.9626,38.4909],[14.9605,38.5234]]],[[[14.3615,38.5544],[14.341,38.549],[14.3426,38.5332],[14.3605,38.5326],[14.3615,38.5544]]],[[[14.5532,38.5858],[14.5394,38.5773],[14.5557,38.5578],[14.5933,38.5558],[14.5532,38.5858]]],[[[14.8668,38.5831],[14.8063,38.5828],[14.7958,38.5623],[14.871,38.5366],[14.8668,38.5831]]],[[[15.0638,38.6246],[15.0637,38.6247],[15.0635,38.6247],[15.0635,38.6246],[15.0634,38.6246],[15.0633,38.6246],[15.0632,38.6246],[15.0631,38.6246],[15.063,38.6245],[15.0627,38.6245],[15.0627,38.6245],[15.0625,38.6245],[15.0623,38.6244],[15.0621,38.6243],[15.0622,38.6242],[15.0622,38.6242],[15.0622,38.624],[15.0624,38.624],[15.0625,38.6241],[15.0626,38.6241],[15.0628,38.6242],[15.0629,38.6241],[15.063,38.6242],[15.0631,38.6242],[15.0632,38.6242],[15.0634,38.6243],[15.0634,38.6244],[15.0635,38.6244],[15.0637,38.6245],[15.0638,38.6245],[15.0638,38.6246]]],[[[15.1066,38.6347],[15.1067,38.6348],[15.1067,38.6349],[15.1068,38.635],[15.1068,38.635],[15.1069,38.6351],[15.1069,38.6351],[15.1069,38.6353],[15.1069,38.6354],[15.1069,38.6354],[15.1067,38.6354],[15.1066,38.6353],[15.1066,38.6353],[15.1066,38.6352],[15.1066,38.6351],[15.1065,38.635],[15.1065,38.6349],[15.1065,38.6348],[15.1064,38.6347],[15.1065,38.6347],[15.1066,38.6347]]],[[[13.1803,38.7206],[13.1528,38.6935],[13.2004,38.7095],[13.1803,38.7206]]],[[[15.111,38.6372],[15.111,38.6373],[15.111,38.6374],[15.111,38.6375],[15.1111,38.6376],[15.1111,38.6376],[15.1112,38.6377],[15.1111,38.6379],[15.1108,38.638],[15.1107,38.6382],[15.1105,38.6383],[15.1104,38.6385],[15.1103,38.6386],[15.1102,38.6386],[15.11,38.6387],[15.11,38.6387],[15.11,38.6385],[15.11,38.6384],[15.11,38.6382],[15.11,38.6382],[15.1101,38.6381],[15.1102,38.638],[15.1103,38.6378],[15.1105,38.6377],[15.1105,38.6375],[15.1107,38.6374],[15.1107,38.6374],[15.1109,38.6373],[15.1109,38.6372],[15.111,38.6371],[15.111,38.6372]]],[[[15.0976,38.6404],[15.0975,38.6403],[15.0973,38.6403],[15.0972,38.6402],[15.097,38.6402],[15.0969,38.6402],[15.0968,38.6402],[15.0967,38.6401],[15.0967,38.64],[15.0968,38.6399],[15.0969,38.6398],[15.0969,38.6396],[15.0969,38.6395],[15.0968,38.6394],[15.0968,38.6393],[15.0968,38.6392],[15.0967,38.6392],[15.0966,38.6392],[15.0965,38.6392],[15.0964,38.6392],[15.0964,38.6393],[15.0962,38.6394],[15.0961,38.6394],[15.096,38.6394],[15.0958,38.6394],[15.0959,38.6393],[15.0959,38.6392],[15.096,38.6391],[15.0961,38.6391],[15.0963,38.639],[15.0965,38.6389],[15.0966,38.6388],[15.0967,38.6387],[15.0969,38.6387],[15.0971,38.6386],[15.0975,38.6387],[15.0977,38.6388],[15.0979,38.6387],[15.098,38.6387],[15.0981,38.6388],[15.0982,38.6389],[15.0982,38.639],[15.0982,38.6392],[15.0981,38.6393],[15.0979,38.6396],[15.0979,38.6398],[15.098,38.6399],[15.098,38.6401],[15.0979,38.6402],[15.0978,38.6402],[15.0977,38.6402],[15.0976,38.6404]]],[[[15.115,38.6393],[15.1149,38.6395],[15.1149,38.6396],[15.1147,38.6397],[15.1147,38.6399],[15.1146,38.64],[15.1145,38.64],[15.1143,38.6402],[15.1142,38.6402],[15.1141,38.6404],[15.1139,38.6404],[15.1139,38.6404],[15.1139,38.6404],[15.1138,38.6403],[15.1136,38.6402],[15.1134,38.6402],[15.1132,38.6401],[15.1131,38.6401],[15.113,38.64],[15.1128,38.6399],[15.1127,38.6398],[15.1126,38.6397],[15.1125,38.6396],[15.1124,38.6395],[15.1123,38.6394],[15.1122,38.6394],[15.1121,38.6393],[15.1121,38.6392],[15.1122,38.6392],[15.1125,38.639],[15.1127,38.639],[15.1128,38.639],[15.1129,38.6391],[15.1131,38.639],[15.1132,38.639],[15.1133,38.6389],[15.1136,38.6388],[15.1137,38.6388],[15.1139,38.6386],[15.114,38.6385],[15.1141,38.6385],[15.1142,38.6386],[15.1143,38.6386],[15.1144,38.6386],[15.1145,38.6386],[15.1146,38.6386],[15.1147,38.6387],[15.1148,38.6387],[15.115,38.6388],[15.1151,38.6388],[15.1153,38.6389],[15.1155,38.639],[15.1155,38.6391],[15.1154,38.6391],[15.1153,38.6391],[15.115,38.6393]]],[[[15.0648,38.6467],[15.0647,38.6469],[15.0646,38.647],[15.0645,38.6471],[15.0643,38.6472],[15.0641,38.6472],[15.0639,38.6472],[15.0637,38.6471],[15.0637,38.647],[15.0637,38.647],[15.0638,38.647],[15.0638,38.647],[15.0639,38.6469],[15.0642,38.6467],[15.0644,38.6466],[15.0646,38.6465],[15.0648,38.6465],[15.0648,38.6467]]],[[[15.0702,38.6473],[15.0553,38.6261],[15.0757,38.6319],[15.0702,38.6473]]],[[[15.1086,38.6651],[15.1084,38.665],[15.1082,38.665],[15.1082,38.665],[15.1082,38.6649],[15.1081,38.665],[15.108,38.665],[15.108,38.6649],[15.1079,38.665],[15.1079,38.665],[15.1078,38.665],[15.1078,38.6649],[15.1077,38.6649],[15.1077,38.6649],[15.1077,38.6649],[15.1078,38.6648],[15.1078,38.6647],[15.1079,38.6647],[15.1079,38.6647],[15.108,38.6647],[15.108,38.6646],[15.108,38.6646],[15.1081,38.6646],[15.1082,38.6645],[15.1083,38.6646],[15.1083,38.6644],[15.1084,38.6644],[15.1084,38.6644],[15.1084,38.6644],[15.1085,38.6643],[15.1085,38.6643],[15.1086,38.6643],[15.1087,38.6643],[15.1087,38.6643],[15.1088,38.6643],[15.1088,38.6643],[15.1089,38.6643],[15.1089,38.6643],[15.109,38.6643],[15.109,38.6643],[15.1091,38.6643],[15.1091,38.6644],[15.1089,38.6645],[15.1089,38.6645],[15.1089,38.6645],[15.1089,38.6646],[15.1089,38.6646],[15.1088,38.6646],[15.1087,38.6647],[15.1087,38.6648],[15.1087,38.6648],[15.1087,38.6648],[15.1087,38.6648],[15.1087,38.6649],[15.1088,38.6649],[15.1087,38.6649],[15.1087,38.665],[15.1087,38.665],[15.1087,38.6651],[15.1087,38.665],[15.1086,38.665],[15.1086,38.665],[15.1086,38.6651]]],[[[15.1147,38.6662],[15.1146,38.6663],[15.1145,38.6662],[15.1146,38.6661],[15.1147,38.6661],[15.1147,38.666],[15.1146,38.666],[15.1146,38.666],[15.1145,38.6659],[15.1145,38.6659],[15.1145,38.6658],[15.1144,38.6657],[15.1143,38.6657],[15.1143,38.6656],[15.1142,38.6656],[15.1142,38.6656],[15.1141,38.6655],[15.1141,38.6656],[15.114,38.6656],[15.114,38.6656],[15.1139,38.6657],[15.1139,38.6657],[15.1139,38.6657],[15.1139,38.6658],[15.1138,38.6658],[15.1138,38.6659],[15.1138,38.6659],[15.1137,38.666],[15.1136,38.666],[15.1136,38.6661],[15.1135,38.6661],[15.1134,38.6662],[15.1134,38.6661],[15.1134,38.6661],[15.1133,38.666],[15.1133,38.666],[15.1132,38.666],[15.1133,38.666],[15.1133,38.6659],[15.1134,38.6658],[15.1135,38.6658],[15.1135,38.6657],[15.1134,38.6657],[15.1134,38.6657],[15.1133,38.6656],[15.1133,38.6656],[15.1132,38.6656],[15.1131,38.6656],[15.1129,38.6656],[15.113,38.6655],[15.1132,38.6655],[15.1133,38.6654],[15.1134,38.6654],[15.1133,38.6653],[15.1131,38.6653],[15.113,38.6653],[15.113,38.6652],[15.1129,38.6651],[15.1129,38.6651],[15.1128,38.665],[15.1126,38.6649],[15.1125,38.6649],[15.1125,38.6649],[15.1125,38.665],[15.1125,38.6652],[15.1124,38.6653],[15.1124,38.6653],[15.1123,38.6655],[15.1122,38.6655],[15.1122,38.6655],[15.1121,38.6654],[15.1121,38.6654],[15.1122,38.6653],[15.1121,38.6652],[15.1121,38.665],[15.1121,38.665],[15.1121,38.6649],[15.1121,38.665],[15.112,38.6651],[15.112,38.665],[15.1119,38.6652],[15.1118,38.6652],[15.1117,38.6652],[15.1118,38.6651],[15.1118,38.665],[15.1118,38.665],[15.1118,38.6649],[15.1118,38.665],[15.1117,38.6649],[15.1118,38.6649],[15.1117,38.6648],[15.1117,38.6647],[15.1116,38.6647],[15.1116,38.6647],[15.1115,38.6647],[15.1115,38.6646],[15.1115,38.6646],[15.1114,38.6645],[15.1113,38.6644],[15.1113,38.6644],[15.1112,38.6644],[15.1112,38.6644],[15.1111,38.6644],[15.111,38.6644],[15.111,38.6644],[15.1109,38.6644],[15.1109,38.6643],[15.1109,38.6643],[15.1109,38.6642],[15.1108,38.6642],[15.1108,38.6643],[15.1108,38.6643],[15.1106,38.6641],[15.1105,38.6641],[15.1104,38.664],[15.1104,38.664],[15.1103,38.664],[15.1103,38.664],[15.1102,38.664],[15.1102,38.664],[15.11,38.6641],[15.1099,38.664],[15.1099,38.6641],[15.1098,38.6641],[15.1098,38.6641],[15.1097,38.6641],[15.1096,38.664],[15.1095,38.664],[15.1094,38.664],[15.1094,38.664],[15.1093,38.664],[15.1091,38.6639],[15.109,38.6639],[15.1091,38.6638],[15.109,38.6638],[15.1089,38.6637],[15.1089,38.6637],[15.1089,38.6636],[15.109,38.6636],[15.1091,38.6636],[15.1092,38.6636],[15.1093,38.6636],[15.1093,38.6635],[15.1094,38.6636],[15.1094,38.6634],[15.1095,38.6634],[15.1095,38.6633],[15.1096,38.6633],[15.1099,38.6633],[15.11,38.6632],[15.1099,38.6632],[15.1098,38.663],[15.1097,38.663],[15.1097,38.663],[15.1096,38.663],[15.1097,38.6629],[15.1098,38.6629],[15.1098,38.6629],[15.1099,38.6629],[15.11,38.6629],[15.11,38.6628],[15.1101,38.6627],[15.1105,38.6626],[15.1106,38.6626],[15.1106,38.6626],[15.1107,38.6625],[15.1108,38.6625],[15.1107,38.6623],[15.1107,38.6623],[15.1106,38.6623],[15.1105,38.6622],[15.1105,38.6622],[15.1104,38.6622],[15.1104,38.6621],[15.1104,38.6621],[15.1104,38.662],[15.1103,38.662],[15.1102,38.662],[15.1102,38.6619],[15.1103,38.6619],[15.1104,38.6619],[15.1105,38.6619],[15.1105,38.6619],[15.1105,38.6618],[15.1105,38.6618],[15.1105,38.6618],[15.1105,38.6617],[15.1105,38.6617],[15.111,38.6617],[15.1113,38.6617],[15.1113,38.6617],[15.1114,38.6617],[15.1114,38.6617],[15.1115,38.6617],[15.1115,38.6616],[15.1115,38.6616],[15.1116,38.6616],[15.1116,38.6615],[15.1116,38.6616],[15.1117,38.6616],[15.1117,38.6615],[15.1117,38.6614],[15.1117,38.6613],[15.1117,38.6613],[15.1118,38.6613],[15.1119,38.6613],[15.112,38.6613],[15.112,38.6614],[15.112,38.6615],[15.112,38.6615],[15.1121,38.6615],[15.1122,38.6616],[15.1124,38.6616],[15.1124,38.6616],[15.1124,38.6616],[15.1125,38.6615],[15.1126,38.6617],[15.1127,38.6616],[15.1127,38.6617],[15.1127,38.6617],[15.1128,38.6617],[15.1128,38.6618],[15.1129,38.6617],[15.1131,38.6618],[15.1133,38.6618],[15.1134,38.6618],[15.1135,38.6618],[15.1135,38.6619],[15.1136,38.6619],[15.1137,38.662],[15.1138,38.6619],[15.114,38.6619],[15.1141,38.6619],[15.1141,38.6618],[15.1141,38.6617],[15.1142,38.6617],[15.1142,38.6616],[15.1142,38.6616],[15.1143,38.6616],[15.1143,38.6616],[15.1144,38.6617],[15.1144,38.6617],[15.1144,38.6618],[15.1145,38.6617],[15.1146,38.6617],[15.1146,38.6617],[15.1147,38.6616],[15.1148,38.6616],[15.1148,38.6616],[15.1148,38.6615],[15.1149,38.6615],[15.115,38.6614],[15.1151,38.6614],[15.115,38.6615],[15.1151,38.6615],[15.1152,38.6615],[15.1153,38.6614],[15.1155,38.6614],[15.1156,38.6613],[15.1157,38.6612],[15.1159,38.6612],[15.1162,38.6612],[15.1164,38.6612],[15.1165,38.6611],[15.1165,38.6611],[15.1167,38.6612],[15.1167,38.6611],[15.1166,38.661],[15.1166,38.661],[15.1166,38.6609],[15.1166,38.6609],[15.1166,38.6609],[15.1167,38.6609],[15.1168,38.6609],[15.1169,38.6609],[15.117,38.6609],[15.1172,38.6609],[15.1173,38.6609],[15.1173,38.661],[15.1174,38.661],[15.1175,38.6611],[15.1175,38.6611],[15.1176,38.6611],[15.1177,38.661],[15.1177,38.661],[15.1177,38.6609],[15.1177,38.6609],[15.1177,38.6609],[15.1178,38.6608],[15.1179,38.6609],[15.118,38.6609],[15.1181,38.6609],[15.118,38.661],[15.1181,38.6611],[15.1181,38.6611],[15.1181,38.6612],[15.1182,38.6613],[15.1182,38.6613],[15.1181,38.6614],[15.118,38.6614],[15.118,38.6615],[15.1181,38.6615],[15.1181,38.6615],[15.1182,38.6616],[15.1182,38.6617],[15.1182,38.6618],[15.1182,38.6619],[15.1182,38.6619],[15.1182,38.662],[15.1182,38.662],[15.1183,38.6621],[15.1182,38.6621],[15.1182,38.6622],[15.1181,38.6622],[15.118,38.6622],[15.118,38.6622],[15.1179,38.6622],[15.1178,38.6622],[15.1177,38.6623],[15.1177,38.6623],[15.1176,38.6624],[15.1175,38.6624],[15.1175,38.6624],[15.1175,38.6625],[15.1176,38.6625],[15.1178,38.6626],[15.1178,38.6627],[15.1178,38.6627],[15.1179,38.6628],[15.1179,38.6629],[15.1179,38.6629],[15.118,38.6629],[15.1181,38.6629],[15.1181,38.6629],[15.1182,38.6629],[15.1182,38.663],[15.1181,38.663],[15.1181,38.663],[15.1181,38.6631],[15.1182,38.6631],[15.1183,38.6631],[15.1183,38.6631],[15.1184,38.6631],[15.1184,38.6632],[15.1184,38.6632],[15.1184,38.6632],[15.1184,38.6633],[15.1183,38.6633],[15.1182,38.6632],[15.1183,38.6635],[15.1182,38.6635],[15.1181,38.6636],[15.1181,38.6636],[15.1181,38.6637],[15.1182,38.6637],[15.1182,38.6638],[15.1181,38.6639],[15.1181,38.6639],[15.118,38.664],[15.1179,38.664],[15.1179,38.664],[15.118,38.6641],[15.118,38.6641],[15.1181,38.6642],[15.118,38.6644],[15.118,38.6643],[15.1179,38.6643],[15.1178,38.6643],[15.1178,38.6643],[15.1177,38.6643],[15.1174,38.6643],[15.1173,38.6643],[15.1171,38.6644],[15.1171,38.6644],[15.117,38.6643],[15.1169,38.6644],[15.1169,38.6644],[15.1168,38.6644],[15.1167,38.6644],[15.1166,38.6644],[15.1165,38.6645],[15.1164,38.6645],[15.1164,38.6645],[15.1162,38.6645],[15.1164,38.6646],[15.1164,38.6647],[15.1164,38.6647],[15.1165,38.6648],[15.1165,38.6648],[15.1165,38.6649],[15.1164,38.6649],[15.1165,38.665],[15.1164,38.665],[15.1164,38.6649],[15.1164,38.6649],[15.1163,38.6648],[15.1162,38.6648],[15.1161,38.6647],[15.116,38.6647],[15.116,38.6647],[15.1159,38.6647],[15.1159,38.6647],[15.1158,38.6648],[15.1156,38.6648],[15.1156,38.6649],[15.1156,38.6649],[15.1157,38.665],[15.1157,38.665],[15.1158,38.6651],[15.1158,38.6651],[15.1157,38.6652],[15.1156,38.6652],[15.1156,38.6652],[15.1155,38.6652],[15.1154,38.6653],[15.1153,38.6653],[15.1155,38.6654],[15.1157,38.6655],[15.1157,38.6655],[15.1158,38.6656],[15.1158,38.6656],[15.1159,38.6656],[15.1159,38.6657],[15.1159,38.6658],[15.1158,38.6659],[15.1157,38.6659],[15.1156,38.6659],[15.1156,38.666],[15.1156,38.666],[15.1154,38.6659],[15.1153,38.6659],[15.1152,38.6659],[15.1152,38.6659],[15.1151,38.6659],[15.1151,38.6659],[15.115,38.6659],[15.1149,38.6659],[15.1148,38.6658],[15.1148,38.6658],[15.1147,38.6658],[15.1147,38.6657],[15.1146,38.6657],[15.1146,38.6657],[15.1148,38.6659],[15.1148,38.666],[15.1149,38.6661],[15.1149,38.6661],[15.1148,38.6662],[15.1148,38.6662],[15.1147,38.6662],[15.1147,38.6662]]],[[[15.2214,38.812],[15.189,38.7954],[15.1953,38.7801],[15.2269,38.7772],[15.2433,38.8029],[15.2214,38.812]]]]},"properties":{"name":"Sicilia","iso":""}},{"type":"Feature","geometry":{"type":"MultiPolygon","coordinates":[[[[8.4101,38.8632],[8.41,38.8632],[8.4098,38.8633],[8.4094,38.8633],[8.4093,38.8634],[8.4091,38.8635],[8.4089,38.8634],[8.4087,38.8634],[8.4083,38.8634],[8.4083,38.8631],[8.4084,38.863],[8.4084,38.8629],[8.4082,38.8629],[8.4082,38.8627],[8.4082,38.8625],[8.4082,38.8624],[8.4083,38.8623],[8.4083,38.8621],[8.4082,38.862],[8.4081,38.8619],[8.408,38.8616],[8.408,38.8615],[8.408,38.8614],[8.408,38.8613],[8.4078,38.8609],[8.4079,38.8608],[8.4079,38.8607],[8.4081,38.8604],[8.4081,38.8601],[8.4082,38.86],[8.4083,38.8599],[8.4082,38.8598],[8.4082,38.8596],[8.4083,38.8596],[8.4085,38.8595],[8.4085,38.8594],[8.4085,38.8592],[8.4086,38.8592],[8.4087,38.8593],[8.4089,38.8593],[8.4093,38.8594],[8.4094,38.8594],[8.4096,38.8595],[8.4098,38.8595],[8.41,38.8595],[8.4101,38.8595],[8.4102,38.8594],[8.4103,38.8595],[8.4103,38.8596],[8.4105,38.8596],[8.4108,38.8597],[8.4109,38.8597],[8.411,38.8598],[8.4111,38.8599],[8.4113,38.8601],[8.4114,38.8602],[8.4117,38.8603],[8.412,38.8604],[8.412,38.8605],[8.4121,38.8606],[8.4121,38.8606],[8.4122,38.861],[8.4122,38.8611],[8.4123,38.8612],[8.4124,38.8613],[8.4124,38.8615],[8.4123,38.8617],[8.4122,38.8618],[8.4122,38.8619],[8.4122,38.8621],[8.4121,38.8622],[8.4121,38.8623],[8.412,38.8623],[8.4118,38.8625],[8.4116,38.8626],[8.4115,38.8627],[8.4114,38.8628],[8.4113,38.8629],[8.4111,38.863],[8.411,38.863],[8.411,38.8631],[8.4108,38.8631],[8.4107,38.8632],[8.4106,38.8632],[8.4105,38.8632],[8.4104,38.8631],[8.4101,38.8632]]],[[[8.8254,38.8816],[8.8254,38.8816],[8.8253,38.8817],[8.8252,38.8818],[8.8249,38.8817],[8.8249,38.8817],[8.8249,38.8816],[8.825,38.8816],[8.8251,38.8816],[8.8252,38.8815],[8.8251,38.8815],[8.825,38.8815],[8.825,38.8815],[8.8249,38.8815],[8.8247,38.8814],[8.8247,38.8814],[8.8245,38.8813],[8.8245,38.8813],[8.8246,38.8812],[8.8245,38.8812],[8.8244,38.8811],[8.8245,38.8811],[8.8246,38.8812],[8.8248,38.8812],[8.8248,38.8812],[8.8248,38.8812],[8.8247,38.8811],[8.8245,38.881],[8.8246,38.881],[8.8247,38.881],[8.8248,38.881],[8.8249,38.881],[8.825,38.8811],[8.8251,38.8811],[8.8252,38.8812],[8.8253,38.8812],[8.8254,38.8812],[8.8255,38.8813],[8.8255,38.8814],[8.8255,38.8814],[8.8256,38.8815],[8.8255,38.8816],[8.8254,38.8816]]],[[[8.8276,38.882],[8.8274,38.8821],[8.8274,38.8821],[8.8273,38.8821],[8.8272,38.8821],[8.8272,38.882],[8.827,38.882],[8.8267,38.8821],[8.8265,38.8821],[8.8263,38.882],[8.8263,38.8819],[8.8262,38.8818],[8.8262,38.8817],[8.8263,38.8816],[8.8264,38.8816],[8.8265,38.8817],[8.8267,38.8817],[8.8267,38.8814],[8.827,38.8814],[8.8272,38.8815],[8.8272,38.8814],[8.8273,38.8814],[8.8275,38.8814],[8.8276,38.8816],[8.8277,38.8816],[8.8278,38.8816],[8.8278,38.8818],[8.8278,38.8819],[8.8277,38.882],[8.8276,38.882]]],[[[8.8651,38.8815],[8.8653,38.8816],[8.8653,38.8816],[8.8653,38.8817],[8.8654,38.8817],[8.8653,38.8818],[8.8654,38.8818],[8.8655,38.882],[8.8653,38.882],[8.8653,38.8821],[8.8653,38.8823],[8.8651,38.8823],[8.865,38.8824],[8.865,38.8824],[8.865,38.8824],[8.8648,38.8825],[8.8647,38.8826],[8.8646,38.8825],[8.8646,38.8824],[8.8645,38.8823],[8.8645,38.8822],[8.8646,38.8819],[8.8647,38.8817],[8.8648,38.8816],[8.865,38.8815],[8.8651,38.8815]]],[[[8.8138,38.8909],[8.814,38.8914],[8.8141,38.892],[8.8143,38.8923],[8.8144,38.8924],[8.8142,38.8927],[8.8136,38.8931],[8.8133,38.893],[8.8131,38.8929],[8.8128,38.8927],[8.8127,38.8926],[8.8125,38.8925],[8.8124,38.8923],[8.8125,38.8921],[8.8123,38.8919],[8.8124,38.8915],[8.8123,38.8914],[8.8122,38.8912],[8.8122,38.8911],[8.8122,38.891],[8.8123,38.8906],[8.8124,38.8904],[8.8122,38.8901],[8.8121,38.89],[8.8118,38.89],[8.8118,38.8898],[8.812,38.8898],[8.8118,38.8897],[8.8122,38.8896],[8.8124,38.8897],[8.8126,38.8898],[8.8127,38.8899],[8.8131,38.8899],[8.8133,38.8899],[8.8134,38.8901],[8.8134,38.8903],[8.8131,38.8905],[8.813,38.8907],[8.8131,38.8908],[8.8133,38.8906],[8.8134,38.8906],[8.8135,38.8906],[8.8135,38.8907],[8.8135,38.8908],[8.8135,38.8908],[8.8136,38.8908],[8.8138,38.8907],[8.8138,38.8909]]],[[[8.8913,38.8976],[8.8912,38.8978],[8.8909,38.898],[8.8909,38.8982],[8.8907,38.8982],[8.8906,38.8983],[8.8905,38.8984],[8.8904,38.8985],[8.8901,38.8985],[8.8899,38.8983],[8.8898,38.8982],[8.8899,38.8982],[8.89,38.8979],[8.8902,38.8978],[8.8901,38.8976],[8.8901,38.8976],[8.89,38.8973],[8.8901,38.8972],[8.8902,38.8972],[8.8903,38.897],[8.8905,38.8968],[8.8907,38.8968],[8.8909,38.8969],[8.891,38.8969],[8.891,38.897],[8.8911,38.897],[8.8911,38.8971],[8.8912,38.8972],[8.8912,38.8974],[8.8912,38.8975],[8.8913,38.8976]]],[[[8.7659,38.9141],[8.7659,38.9144],[8.766,38.9145],[8.766,38.9148],[8.7657,38.9149],[8.7652,38.9147],[8.7649,38.9145],[8.7651,38.9143],[8.765,38.9143],[8.7649,38.9142],[8.765,38.914],[8.7652,38.914],[8.7656,38.914],[8.7659,38.9141]]],[[[8.7183,38.9163],[8.7177,38.9163],[8.7174,38.9162],[8.7168,38.9162],[8.7163,38.9162],[8.7153,38.916],[8.7151,38.9156],[8.7148,38.9153],[8.715,38.9152],[8.7151,38.915],[8.715,38.9147],[8.7148,38.9145],[8.7144,38.9143],[8.7142,38.914],[8.7142,38.9137],[8.7145,38.9137],[8.7144,38.9134],[8.7145,38.9131],[8.7149,38.9127],[8.715,38.9125],[8.7153,38.9123],[8.7154,38.9127],[8.7153,38.9128],[8.7154,38.9129],[8.7156,38.9129],[8.7157,38.9127],[8.7159,38.9123],[8.7163,38.9122],[8.7164,38.9125],[8.7169,38.9127],[8.7171,38.9132],[8.7173,38.9137],[8.7175,38.9143],[8.7177,38.9148],[8.7174,38.9152],[8.7177,38.9152],[8.718,38.9149],[8.7182,38.9148],[8.7185,38.9148],[8.7189,38.915],[8.7191,38.9152],[8.719,38.9155],[8.7188,38.9158],[8.7185,38.9161],[8.7183,38.9163]]],[[[8.4501,38.9347],[8.4506,38.9352],[8.4508,38.9355],[8.451,38.9359],[8.4511,38.936],[8.4514,38.9361],[8.4516,38.9362],[8.4516,38.9366],[8.4514,38.937],[8.4514,38.9372],[8.4514,38.9375],[8.4512,38.9379],[8.451,38.9381],[8.4507,38.9385],[8.4505,38.9387],[8.4502,38.9389],[8.4503,38.9391],[8.4505,38.9393],[8.4502,38.9394],[8.4499,38.9394],[8.4496,38.9394],[8.4493,38.9392],[8.4493,38.9389],[8.4493,38.9387],[8.4491,38.9384],[8.4489,38.9381],[8.4489,38.9378],[8.4492,38.9378],[8.4489,38.9375],[8.4486,38.9373],[8.4485,38.9371],[8.4486,38.937],[8.4485,38.9366],[8.4481,38.9363],[8.4481,38.936],[8.4482,38.9358],[8.4481,38.9353],[8.4481,38.9351],[8.4484,38.935],[8.4488,38.9349],[8.4489,38.9348],[8.4492,38.9345],[8.4496,38.9345],[8.4501,38.9347]]],[[[8.4502,38.9408],[8.4504,38.941],[8.4505,38.9411],[8.4508,38.9413],[8.451,38.9414],[8.451,38.9418],[8.4509,38.942],[8.4507,38.9421],[8.4505,38.9421],[8.4503,38.942],[8.45,38.9417],[8.4498,38.9414],[8.4498,38.9412],[8.4498,38.9409],[8.45,38.9407],[8.4502,38.9408]]],[[[9.0239,38.9848],[9.0236,38.9849],[9.0235,38.985],[9.0234,38.985],[9.0231,38.9851],[9.0227,38.985],[9.0231,38.9847],[9.0234,38.9847],[9.0239,38.9848]]],[[[9.0319,39.0025],[9.0321,39.0025],[9.0322,39.0026],[9.0324,39.0027],[9.0326,39.0027],[9.0328,39.0029],[9.0329,39.0033],[9.0331,39.0035],[9.0331,39.0038],[9.0331,39.0041],[9.033,39.0042],[9.0329,39.0044],[9.0327,39.0045],[9.0325,39.0045],[9.0323,39.0045],[9.0322,39.0044],[9.0321,39.0044],[9.0319,39.0043],[9.0317,39.0041],[9.0315,39.004],[9.0314,39.004],[9.0312,39.0038],[9.0313,39.0037],[9.0314,39.0036],[9.0314,39.0035],[9.0315,39.0034],[9.0314,39.0032],[9.0314,39.0031],[9.0313,39.0029],[9.0314,39.0027],[9.0314,39.0025],[9.0317,39.0025],[9.0319,39.0025]]],[[[9.5371,39.081],[9.5371,39.0811],[9.5369,39.0811],[9.5369,39.0812],[9.5369,39.0813],[9.5368,39.0814],[9.5369,39.0814],[9.5368,39.0815],[9.5368,39.0816],[9.5367,39.0816],[9.5366,39.0816],[9.5366,39.0817],[9.5366,39.0817],[9.5365,39.0818],[9.5363,39.0819],[9.5362,39.0819],[9.5359,39.082],[9.5359,39.0819],[9.5359,39.0819],[9.5357,39.0817],[9.5357,39.0813],[9.5357,39.0812],[9.5357,39.0812],[9.5357,39.0811],[9.5358,39.0811],[9.5359,39.0811],[9.536,39.0811],[9.536,39.0811],[9.536,39.081],[9.536,39.081],[9.5359,39.081],[9.5359,39.081],[9.5358,39.081],[9.5362,39.0808],[9.5363,39.0809],[9.5363,39.0809],[9.5364,39.0809],[9.5364,39.0809],[9.5366,39.0809],[9.5366,39.0809],[9.5366,39.0808],[9.537,39.0808],[9.537,39.0809],[9.537,39.081],[9.5371,39.081]]],[[[8.4631,39.0814],[8.4631,39.0815],[8.4632,39.0817],[8.4635,39.082],[8.4637,39.0821],[8.4639,39.0822],[8.4639,39.0823],[8.4638,39.0823],[8.4637,39.0824],[8.4636,39.0824],[8.4635,39.0824],[8.4634,39.0824],[8.4633,39.0823],[8.4632,39.0822],[8.4631,39.0821],[8.463,39.0819],[8.4629,39.0818],[8.4629,39.0817],[8.4628,39.0814],[8.4629,39.0813],[8.463,39.0813],[8.4631,39.0814]]],[[[9.5402,39.0833],[9.5401,39.0833],[9.5401,39.0834],[9.54,39.0834],[9.5399,39.0835],[9.5397,39.0835],[9.5397,39.0835],[9.5398,39.0834],[9.5398,39.0833],[9.5397,39.0833],[9.5396,39.0834],[9.5395,39.0834],[9.5394,39.0835],[9.5394,39.0835],[9.5393,39.0835],[9.5392,39.0835],[9.5391,39.0835],[9.5391,39.0835],[9.539,39.0835],[9.539,39.0833],[9.539,39.0833],[9.539,39.0832],[9.539,39.0832],[9.5391,39.0832],[9.5391,39.0832],[9.5392,39.0831],[9.5393,39.083],[9.5394,39.0827],[9.5394,39.0825],[9.5395,39.0824],[9.5395,39.0824],[9.5396,39.0824],[9.5397,39.0823],[9.5396,39.0823],[9.5396,39.0823],[9.5395,39.0822],[9.5395,39.0822],[9.5395,39.0821],[9.5396,39.082],[9.5396,39.0819],[9.5397,39.0819],[9.5398,39.0819],[9.5399,39.0818],[9.54,39.0818],[9.54,39.0821],[9.54,39.0821],[9.5399,39.0822],[9.5399,39.0822],[9.5399,39.0823],[9.54,39.0823],[9.5401,39.0823],[9.5401,39.0824],[9.54,39.0825],[9.54,39.0826],[9.5399,39.0826],[9.54,39.0827],[9.54,39.0828],[9.5401,39.0828],[9.5402,39.0828],[9.5402,39.0829],[9.5405,39.083],[9.5405,39.083],[9.5405,39.0831],[9.5404,39.0831],[9.5404,39.0831],[9.5403,39.0832],[9.5403,39.0832],[9.5402,39.0833]]],[[[9.5416,39.0833],[9.5415,39.0837],[9.5413,39.0839],[9.5407,39.0841],[9.5402,39.0839],[9.54,39.0838],[9.5407,39.0833],[9.5414,39.0831],[9.5416,39.0833]]],[[[9.5368,39.085],[9.5367,39.085],[9.5365,39.085],[9.5365,39.0849],[9.5365,39.085],[9.5364,39.0849],[9.5363,39.0849],[9.5363,39.0849],[9.5362,39.0849],[9.536,39.0849],[9.5361,39.0848],[9.5362,39.0847],[9.5363,39.0846],[9.5365,39.0845],[9.5372,39.0845],[9.5371,39.0846],[9.537,39.0846],[9.537,39.0847],[9.5369,39.0848],[9.5368,39.0848],[9.5368,39.0849],[9.5368,39.085]]],[[[9.5295,39.0901],[9.5295,39.0901],[9.5294,39.0901],[9.5293,39.0901],[9.5293,39.0901],[9.5291,39.0899],[9.5292,39.0898],[9.5293,39.0898],[9.5293,39.0898],[9.5293,39.0897],[9.5294,39.0895],[9.5294,39.0894],[9.5295,39.0893],[9.5295,39.0892],[9.5296,39.0892],[9.5296,39.0891],[9.5297,39.0891],[9.5297,39.0891],[9.5299,39.0888],[9.53,39.0888],[9.53,39.0887],[9.53,39.0887],[9.5301,39.0885],[9.5301,39.0884],[9.53,39.0884],[9.5299,39.0885],[9.5298,39.0885],[9.5298,39.0885],[9.5297,39.0886],[9.5297,39.0885],[9.5297,39.0885],[9.5296,39.0884],[9.5294,39.0885],[9.5293,39.0886],[9.5291,39.0886],[9.529,39.0887],[9.5289,39.0888],[9.5288,39.0888],[9.5288,39.0888],[9.5286,39.0888],[9.5286,39.0887],[9.5285,39.0887],[9.5284,39.0888],[9.5282,39.0888],[9.5282,39.0887],[9.5282,39.0887],[9.5282,39.0886],[9.5282,39.0883],[9.5282,39.0883],[9.5281,39.0881],[9.5281,39.088],[9.5281,39.088],[9.5282,39.0879],[9.5282,39.0879],[9.5283,39.0878],[9.5282,39.0877],[9.5282,39.0876],[9.528,39.0874],[9.5279,39.0873],[9.5278,39.0872],[9.5277,39.0871],[9.5276,39.0872],[9.5275,39.0872],[9.5275,39.087],[9.5277,39.0867],[9.5277,39.0865],[9.5276,39.0864],[9.5277,39.0864],[9.5278,39.0863],[9.5279,39.0862],[9.5279,39.0861],[9.5279,39.0861],[9.5279,39.0859],[9.5279,39.0858],[9.528,39.0858],[9.528,39.0858],[9.5281,39.0857],[9.5281,39.0856],[9.5282,39.0856],[9.5281,39.0856],[9.528,39.0856],[9.5279,39.0856],[9.5278,39.0856],[9.5278,39.0856],[9.5277,39.0857],[9.5276,39.0856],[9.5276,39.0855],[9.5277,39.0855],[9.5277,39.0855],[9.5276,39.0854],[9.5275,39.0854],[9.5274,39.0854],[9.5273,39.0853],[9.5272,39.0852],[9.5272,39.0852],[9.5271,39.0852],[9.527,39.0852],[9.5269,39.0852],[9.5267,39.0849],[9.5267,39.0848],[9.5268,39.0847],[9.5269,39.0846],[9.5269,39.0847],[9.527,39.0846],[9.5271,39.0846],[9.5272,39.0846],[9.5274,39.0846],[9.5275,39.0846],[9.5275,39.0845],[9.5276,39.0844],[9.5277,39.0844],[9.5276,39.0843],[9.5278,39.0843],[9.5278,39.0842],[9.5279,39.0842],[9.5279,39.0842],[9.528,39.0843],[9.5279,39.0843],[9.528,39.0843],[9.5281,39.0843],[9.5282,39.0843],[9.5283,39.0842],[9.5283,39.0842],[9.5284,39.0842],[9.5285,39.0842],[9.5286,39.0841],[9.5287,39.0842],[9.5287,39.0843],[9.5288,39.0843],[9.5292,39.0843],[9.5292,39.0843],[9.5294,39.0844],[9.5294,39.0843],[9.5295,39.0843],[9.5296,39.0843],[9.5297,39.0843],[9.5298,39.0843],[9.5299,39.0842],[9.5299,39.0841],[9.53,39.0841],[9.53,39.0839],[9.5301,39.084],[9.5302,39.084],[9.5301,39.0839],[9.5301,39.0838],[9.5303,39.0836],[9.5303,39.0836],[9.5305,39.0836],[9.5305,39.0836],[9.5306,39.0836],[9.5307,39.0836],[9.5308,39.0836],[9.5309,39.0835],[9.5309,39.0835],[9.531,39.0834],[9.5311,39.0832],[9.5312,39.0832],[9.5313,39.0831],[9.5314,39.0831],[9.5315,39.0831],[9.5315,39.0831],[9.5317,39.0831],[9.5317,39.0832],[9.5316,39.0833],[9.5317,39.0833],[9.5318,39.0832],[9.5319,39.0832],[9.5319,39.0832],[9.5321,39.0832],[9.5321,39.0832],[9.5322,39.0833],[9.5323,39.0832],[9.5324,39.0834],[9.5325,39.0834],[9.5326,39.0835],[9.5327,39.0834],[9.5327,39.0833],[9.5328,39.0832],[9.5329,39.0832],[9.533,39.0831],[9.5331,39.083],[9.5332,39.083],[9.5332,39.0829],[9.5332,39.0829],[9.5333,39.0828],[9.5333,39.0828],[9.5335,39.0825],[9.5338,39.0823],[9.534,39.0822],[9.5341,39.0822],[9.5342,39.0822],[9.5345,39.0821],[9.5345,39.0822],[9.5345,39.0823],[9.5346,39.0823],[9.5347,39.0823],[9.5349,39.0824],[9.535,39.0824],[9.535,39.0823],[9.535,39.0822],[9.5351,39.0823],[9.5352,39.0823],[9.5353,39.0824],[9.5353,39.0824],[9.5354,39.0825],[9.5355,39.0826],[9.5356,39.0825],[9.5357,39.0828],[9.5356,39.0829],[9.5355,39.083],[9.5354,39.083],[9.5355,39.0831],[9.5355,39.0831],[9.5356,39.0832],[9.5357,39.0831],[9.536,39.0833],[9.536,39.0834],[9.536,39.0835],[9.5361,39.0836],[9.5361,39.0837],[9.5361,39.0837],[9.5361,39.0838],[9.5361,39.0838],[9.5362,39.0841],[9.5362,39.0841],[9.5361,39.0842],[9.536,39.0843],[9.536,39.0843],[9.5358,39.0844],[9.5357,39.0844],[9.5355,39.0844],[9.5353,39.0844],[9.5352,39.0844],[9.5349,39.0845],[9.5347,39.0847],[9.5345,39.0848],[9.5344,39.0848],[9.5343,39.0849],[9.5343,39.085],[9.5343,39.0851],[9.5344,39.085],[9.5344,39.0852],[9.5342,39.0853],[9.5341,39.0853],[9.534,39.0856],[9.5341,39.0858],[9.5342,39.086],[9.5343,39.0862],[9.5344,39.0863],[9.5343,39.0864],[9.5343,39.0864],[9.5344,39.0865],[9.5344,39.0865],[9.5344,39.0866],[9.5344,39.0867],[9.5344,39.0868],[9.5344,39.0869],[9.5345,39.0869],[9.5347,39.0869],[9.5348,39.087],[9.5347,39.0871],[9.5348,39.0872],[9.5351,39.0874],[9.535,39.0877],[9.5351,39.0877],[9.535,39.0878],[9.5351,39.0879],[9.5351,39.0879],[9.5352,39.0879],[9.5351,39.0881],[9.5351,39.0883],[9.535,39.0883],[9.535,39.0885],[9.5348,39.0887],[9.5346,39.0889],[9.5345,39.0891],[9.5345,39.0892],[9.5342,39.0895],[9.5341,39.0894],[9.534,39.0894],[9.5338,39.0894],[9.5338,39.0894],[9.5337,39.0894],[9.5337,39.0893],[9.5337,39.0893],[9.5335,39.0893],[9.5334,39.0895],[9.5333,39.0896],[9.5332,39.0896],[9.5329,39.0897],[9.5328,39.0897],[9.5328,39.0898],[9.5327,39.0898],[9.5327,39.0899],[9.5326,39.0899],[9.5325,39.0899],[9.5325,39.0898],[9.5324,39.0898],[9.5323,39.0898],[9.5323,39.0898],[9.5322,39.0897],[9.5322,39.0897],[9.5321,39.0897],[9.5321,39.0898],[9.532,39.0899],[9.5319,39.0899],[9.5319,39.0899],[9.5319,39.0898],[9.5317,39.0898],[9.5317,39.0899],[9.5317,39.09],[9.5316,39.0901],[9.5314,39.09],[9.5313,39.0899],[9.5311,39.0899],[9.5311,39.0899],[9.531,39.0898],[9.5306,39.0898],[9.5305,39.0899],[9.5304,39.0899],[9.5303,39.0899],[9.53,39.09],[9.53,39.09],[9.5296,39.09],[9.5296,39.09],[9.5295,39.0901]]],[[[8.4379,39.1051],[8.438,39.1052],[8.438,39.1052],[8.4381,39.1053],[8.4383,39.1054],[8.4384,39.1055],[8.4384,39.1056],[8.4383,39.1056],[8.4382,39.1057],[8.438,39.1057],[8.4379,39.1058],[8.4377,39.1058],[8.4376,39.1058],[8.4375,39.1057],[8.4374,39.1057],[8.4373,39.1056],[8.4372,39.1055],[8.4371,39.1053],[8.4371,39.1052],[8.4371,39.1051],[8.4372,39.105],[8.4373,39.1049],[8.4374,39.1049],[8.4375,39.105],[8.4376,39.1051],[8.4378,39.1051],[8.4378,39.1051],[8.4379,39.1051]]],[[[9.6067,39.1443],[9.6066,39.1443],[9.6066,39.1443],[9.6064,39.1447],[9.6063,39.1448],[9.6063,39.1449],[9.6062,39.1449],[9.6059,39.145],[9.6056,39.1449],[9.6056,39.1446],[9.6056,39.1444],[9.6055,39.1444],[9.6055,39.1443],[9.6054,39.1443],[9.6053,39.1443],[9.6053,39.1443],[9.6051,39.1443],[9.6051,39.1442],[9.6051,39.1442],[9.605,39.1442],[9.6049,39.1441],[9.6049,39.144],[9.6049,39.1439],[9.605,39.1438],[9.605,39.1437],[9.6049,39.1438],[9.6048,39.1438],[9.6046,39.1437],[9.6046,39.1437],[9.6046,39.1437],[9.6045,39.1437],[9.6044,39.1436],[9.6043,39.1434],[9.6045,39.1431],[9.6046,39.1429],[9.6046,39.1428],[9.6047,39.1427],[9.6047,39.1427],[9.6047,39.1427],[9.6048,39.1426],[9.6048,39.1426],[9.6048,39.1425],[9.6047,39.1425],[9.6047,39.1425],[9.6045,39.1423],[9.6045,39.1421],[9.6045,39.1421],[9.6045,39.142],[9.6043,39.1417],[9.6043,39.1415],[9.6044,39.1413],[9.6044,39.141],[9.6043,39.1408],[9.6042,39.1406],[9.6041,39.1405],[9.604,39.1405],[9.6039,39.1404],[9.6039,39.1404],[9.6039,39.1403],[9.6039,39.1402],[9.6038,39.1399],[9.6037,39.1398],[9.6037,39.1397],[9.6036,39.1396],[9.6037,39.1395],[9.6037,39.1394],[9.6037,39.1393],[9.6037,39.1392],[9.6036,39.1391],[9.6037,39.1386],[9.6037,39.1384],[9.6039,39.1381],[9.6039,39.138],[9.6039,39.138],[9.6038,39.1377],[9.6038,39.1376],[9.6037,39.1374],[9.6037,39.1374],[9.6039,39.1373],[9.6039,39.1372],[9.6039,39.1372],[9.6039,39.1371],[9.604,39.1371],[9.604,39.137],[9.6041,39.137],[9.6042,39.1369],[9.6043,39.1369],[9.6042,39.1368],[9.6043,39.1367],[9.6043,39.1365],[9.6044,39.1364],[9.6043,39.1363],[9.6044,39.1363],[9.6045,39.1362],[9.6045,39.1362],[9.6046,39.1361],[9.6046,39.136],[9.6046,39.136],[9.6046,39.1359],[9.6047,39.1359],[9.6046,39.1358],[9.6046,39.1358],[9.6046,39.1357],[9.6045,39.1357],[9.6044,39.1356],[9.6044,39.1355],[9.6042,39.1353],[9.6042,39.1352],[9.6042,39.1352],[9.6041,39.1351],[9.6041,39.1351],[9.604,39.135],[9.604,39.1348],[9.604,39.1347],[9.604,39.1347],[9.604,39.1346],[9.6041,39.1345],[9.6043,39.1344],[9.6044,39.1344],[9.6045,39.1343],[9.6046,39.1344],[9.6046,39.1344],[9.6047,39.1344],[9.6047,39.1344],[9.6047,39.1343],[9.6046,39.1343],[9.6046,39.1342],[9.6047,39.134],[9.6047,39.134],[9.6048,39.1337],[9.6048,39.1337],[9.6049,39.1335],[9.6054,39.1335],[9.6053,39.1338],[9.6053,39.1339],[9.6053,39.134],[9.6052,39.1341],[9.6052,39.1341],[9.6052,39.1342],[9.6052,39.1343],[9.6052,39.1343],[9.6052,39.1343],[9.6052,39.1344],[9.6053,39.1343],[9.6054,39.1343],[9.6055,39.1343],[9.6057,39.1343],[9.6057,39.1343],[9.6058,39.1343],[9.6059,39.1344],[9.606,39.1343],[9.6062,39.1342],[9.6065,39.1342],[9.6067,39.1344],[9.6066,39.1347],[9.6067,39.1348],[9.6067,39.135],[9.6066,39.1351],[9.6067,39.1352],[9.6068,39.1352],[9.6069,39.1356],[9.6068,39.1358],[9.6068,39.1359],[9.6068,39.1361],[9.6068,39.1362],[9.6068,39.1363],[9.6068,39.1363],[9.6069,39.1365],[9.6069,39.1368],[9.6069,39.1369],[9.6069,39.137],[9.6069,39.1371],[9.6069,39.1372],[9.6069,39.1372],[9.607,39.1373],[9.6071,39.1374],[9.6071,39.1373],[9.6071,39.1373],[9.6073,39.1373],[9.6076,39.1373],[9.6076,39.1374],[9.6077,39.1375],[9.6078,39.1376],[9.6079,39.1378],[9.6079,39.138],[9.6079,39.1381],[9.6078,39.1382],[9.6078,39.1384],[9.6078,39.1385],[9.6077,39.1386],[9.6076,39.1386],[9.6077,39.1386],[9.6078,39.1387],[9.6078,39.1387],[9.6079,39.1388],[9.6079,39.1388],[9.608,39.1389],[9.6081,39.1392],[9.6079,39.1393],[9.6079,39.1394],[9.6077,39.1396],[9.6077,39.1396],[9.6076,39.1397],[9.6076,39.1397],[9.6075,39.1397],[9.6075,39.1397],[9.6075,39.1398],[9.6074,39.1398],[9.6073,39.1398],[9.6073,39.1397],[9.6072,39.1397],[9.6072,39.1396],[9.6071,39.1396],[9.6071,39.1397],[9.6071,39.1398],[9.6071,39.1399],[9.607,39.14],[9.607,39.1401],[9.6069,39.1403],[9.6069,39.1404],[9.6068,39.1404],[9.6067,39.1405],[9.6067,39.1405],[9.6067,39.1408],[9.6069,39.1411],[9.607,39.1412],[9.6071,39.1414],[9.6072,39.1415],[9.6073,39.1416],[9.6073,39.1416],[9.6074,39.1417],[9.6075,39.1418],[9.6075,39.1418],[9.6074,39.1419],[9.6075,39.1419],[9.6077,39.1419],[9.6078,39.1419],[9.6078,39.1418],[9.608,39.1418],[9.6082,39.142],[9.6083,39.1421],[9.6084,39.1422],[9.6083,39.1422],[9.6084,39.1423],[9.6084,39.1424],[9.6083,39.1425],[9.6083,39.1426],[9.6081,39.1426],[9.608,39.143],[9.608,39.143],[9.6079,39.1431],[9.6078,39.1431],[9.6077,39.1432],[9.6077,39.1433],[9.6077,39.1434],[9.6076,39.1436],[9.6075,39.1438],[9.6072,39.1442],[9.6071,39.1442],[9.6069,39.1443],[9.6068,39.1443],[9.6067,39.1443]]],[[[9.6038,39.1469],[9.604,39.1469],[9.6042,39.1469],[9.6044,39.1471],[9.6046,39.1474],[9.6047,39.1475],[9.6049,39.1475],[9.6051,39.1477],[9.6051,39.1479],[9.605,39.148],[9.6048,39.1481],[9.6045,39.1484],[9.6039,39.1486],[9.6032,39.1487],[9.6031,39.1485],[9.6031,39.1484],[9.6029,39.1483],[9.6027,39.1482],[9.6024,39.1478],[9.6025,39.1476],[9.6026,39.1474],[9.6027,39.1472],[9.6029,39.1469],[9.6033,39.1467],[9.6035,39.1467],[9.6038,39.1469]]],[[[9.6059,39.1492],[9.6057,39.1495],[9.606,39.1496],[9.606,39.1498],[9.6057,39.1501],[9.605,39.1498],[9.605,39.1495],[9.605,39.1492],[9.6051,39.1491],[9.605,39.149],[9.6049,39.1489],[9.6049,39.1487],[9.6049,39.1484],[9.6052,39.1483],[9.6053,39.1484],[9.6055,39.1485],[9.6057,39.1485],[9.6058,39.1485],[9.6058,39.1487],[9.6057,39.1489],[9.6055,39.149],[9.6057,39.1491],[9.6057,39.149],[9.6059,39.149],[9.6059,39.1492]]],[[[9.6048,39.1517],[9.6047,39.1518],[9.6048,39.1518],[9.6048,39.1521],[9.6046,39.1522],[9.6045,39.1523],[9.6044,39.1523],[9.6043,39.1522],[9.6043,39.1522],[9.6042,39.1522],[9.6042,39.1522],[9.6041,39.1522],[9.604,39.1521],[9.604,39.1521],[9.604,39.1521],[9.6039,39.152],[9.6039,39.1517],[9.6039,39.1516],[9.6039,39.1516],[9.604,39.1516],[9.604,39.1516],[9.604,39.1515],[9.604,39.1515],[9.6041,39.1514],[9.6041,39.1514],[9.6041,39.1514],[9.6042,39.1513],[9.6043,39.1512],[9.6043,39.1512],[9.6043,39.1511],[9.6044,39.1511],[9.6044,39.1509],[9.6045,39.1509],[9.6046,39.1509],[9.6047,39.1509],[9.6048,39.1509],[9.6048,39.1509],[9.6053,39.1508],[9.6054,39.151],[9.6054,39.1512],[9.6054,39.1512],[9.6055,39.1512],[9.6055,39.1513],[9.6054,39.1514],[9.6053,39.1513],[9.6052,39.1513],[9.6052,39.1513],[9.6052,39.1514],[9.605,39.1517],[9.6049,39.1517],[9.6049,39.1517],[9.6048,39.1517],[9.6048,39.1517]]],[[[8.2431,39.1669],[8.243,39.1669],[8.243,39.167],[8.2429,39.1671],[8.2428,39.1671],[8.2428,39.167],[8.2428,39.167],[8.2426,39.1669],[8.2424,39.1669],[8.2422,39.1669],[8.2421,39.1667],[8.2422,39.1666],[8.2418,39.1665],[8.2416,39.1666],[8.2414,39.1664],[8.2421,39.1662],[8.2422,39.1661],[8.2425,39.1661],[8.2429,39.1663],[8.2431,39.1665],[8.2434,39.1665],[8.2435,39.1667],[8.2433,39.1668],[8.2431,39.1668],[8.2431,39.1669]]],[[[8.2631,39.175],[8.2631,39.1751],[8.2629,39.1752],[8.2628,39.1753],[8.2626,39.1755],[8.2627,39.1757],[8.2624,39.1758],[8.2622,39.1757],[8.2623,39.1755],[8.2625,39.1754],[8.2626,39.1754],[8.2626,39.1752],[8.2627,39.1751],[8.2629,39.175],[8.2631,39.1749],[8.2631,39.175]]],[[[8.3195,39.1854],[8.3197,39.1856],[8.3194,39.1858],[8.3193,39.1859],[8.3193,39.186],[8.3192,39.1862],[8.3191,39.1863],[8.3189,39.1864],[8.3183,39.1866],[8.3181,39.1867],[8.318,39.1865],[8.3181,39.1863],[8.3179,39.1861],[8.3178,39.1857],[8.3183,39.1856],[8.3183,39.1853],[8.3186,39.1852],[8.3191,39.1853],[8.3194,39.1852],[8.3195,39.1854]]],[[[8.3091,39.1879],[8.2235,39.1602],[8.2241,39.141],[8.2518,39.1307],[8.2479,39.1085],[8.2747,39.0942],[8.3059,39.1001],[8.3091,39.1879]]],[[[8.3208,39.1944],[8.3206,39.1946],[8.3206,39.1946],[8.3205,39.1947],[8.3204,39.1948],[8.3203,39.1949],[8.3201,39.1949],[8.32,39.1949],[8.32,39.1954],[8.3197,39.1954],[8.3196,39.1952],[8.3193,39.195],[8.3191,39.1949],[8.319,39.1946],[8.3188,39.1945],[8.3187,39.1944],[8.3187,39.1943],[8.3188,39.1943],[8.3188,39.1943],[8.3187,39.1942],[8.3187,39.1941],[8.3188,39.1939],[8.3189,39.1938],[8.3187,39.1937],[8.3187,39.1935],[8.3186,39.1935],[8.3186,39.1933],[8.3186,39.1931],[8.3185,39.1929],[8.3182,39.1929],[8.3181,39.1928],[8.318,39.1927],[8.3179,39.1927],[8.3178,39.1927],[8.3177,39.1926],[8.3176,39.1926],[8.3175,39.1925],[8.3174,39.1924],[8.3174,39.1923],[8.3173,39.1923],[8.3171,39.1922],[8.3171,39.192],[8.3171,39.1919],[8.3173,39.1917],[8.3173,39.1916],[8.3173,39.1915],[8.3173,39.1913],[8.3173,39.1912],[8.3173,39.1912],[8.3174,39.1911],[8.3173,39.191],[8.3172,39.1908],[8.3172,39.1907],[8.3172,39.1906],[8.3172,39.1906],[8.3172,39.1905],[8.3172,39.1905],[8.3171,39.1904],[8.3172,39.1904],[8.3169,39.1901],[8.3173,39.1898],[8.3175,39.19],[8.3176,39.1901],[8.3179,39.1903],[8.3184,39.1902],[8.3186,39.1901],[8.3187,39.19],[8.3187,39.1898],[8.3187,39.1896],[8.3187,39.1894],[8.3187,39.1893],[8.3189,39.1893],[8.3193,39.1895],[8.3194,39.1895],[8.3196,39.1893],[8.3198,39.1892],[8.3203,39.189],[8.3206,39.1891],[8.3208,39.1893],[8.3209,39.1893],[8.3211,39.1893],[8.3213,39.1894],[8.3215,39.1896],[8.3216,39.1897],[8.3218,39.1899],[8.322,39.19],[8.3222,39.19],[8.3223,39.1901],[8.3221,39.1902],[8.3223,39.1904],[8.3224,39.1905],[8.3226,39.1906],[8.3227,39.1906],[8.323,39.1906],[8.3231,39.1907],[8.3231,39.1907],[8.3232,39.1907],[8.3232,39.1907],[8.3233,39.1906],[8.3232,39.191],[8.3233,39.191],[8.3234,39.191],[8.3234,39.1909],[8.3235,39.1902],[8.3233,39.1902],[8.3233,39.1901],[8.3237,39.1901],[8.3242,39.19],[8.3242,39.1902],[8.3235,39.1902],[8.3235,39.1905],[8.324,39.1905],[8.324,39.1905],[8.3235,39.1905],[8.3235,39.1907],[8.3237,39.1907],[8.3238,39.1908],[8.3241,39.1909],[8.3242,39.1909],[8.3242,39.191],[8.3242,39.191],[8.3244,39.191],[8.3247,39.1902],[8.3247,39.1901],[8.3245,39.1901],[8.3245,39.1901],[8.3247,39.19],[8.3244,39.1897],[8.324,39.1895],[8.324,39.1894],[8.324,39.1893],[8.3241,39.1893],[8.3248,39.1898],[8.3249,39.19],[8.3249,39.1902],[8.3247,39.1906],[8.3248,39.1909],[8.3249,39.191],[8.3251,39.191],[8.3252,39.1913],[8.3249,39.1918],[8.3246,39.1916],[8.3246,39.1914],[8.3244,39.1912],[8.3244,39.1911],[8.3242,39.1911],[8.3243,39.1915],[8.3243,39.1917],[8.3238,39.1921],[8.3237,39.1921],[8.3237,39.1922],[8.3236,39.1922],[8.3235,39.1922],[8.3233,39.1923],[8.3232,39.1923],[8.323,39.1923],[8.3229,39.1923],[8.3229,39.1923],[8.3226,39.1924],[8.3224,39.1925],[8.3224,39.1926],[8.3227,39.1926],[8.3228,39.1928],[8.3229,39.1931],[8.3228,39.1932],[8.3227,39.1931],[8.3226,39.1931],[8.3224,39.1931],[8.3222,39.1932],[8.3222,39.1933],[8.3222,39.1933],[8.3222,39.1932],[8.3221,39.1933],[8.3221,39.1934],[8.3219,39.1936],[8.3218,39.1933],[8.3218,39.1935],[8.3217,39.1935],[8.3217,39.1936],[8.3216,39.1937],[8.3215,39.1937],[8.3214,39.1936],[8.3213,39.1937],[8.3212,39.1936],[8.3211,39.1938],[8.3211,39.1939],[8.3209,39.1941],[8.3207,39.1942],[8.3208,39.1943],[8.3208,39.1944]]],[[[8.3567,39.226],[8.3568,39.226],[8.3571,39.2261],[8.3571,39.2262],[8.3571,39.2263],[8.357,39.2263],[8.357,39.2263],[8.357,39.2264],[8.3569,39.2265],[8.3568,39.2266],[8.3568,39.2266],[8.3567,39.2267],[8.3566,39.2268],[8.3566,39.2269],[8.3566,39.2269],[8.3565,39.227],[8.3565,39.2271],[8.3564,39.2271],[8.3563,39.2272],[8.3562,39.2272],[8.356,39.227],[8.356,39.227],[8.356,39.2269],[8.356,39.2269],[8.3561,39.2268],[8.3561,39.2267],[8.3561,39.2266],[8.3561,39.2265],[8.3561,39.2264],[8.3561,39.2264],[8.3561,39.2263],[8.3561,39.2262],[8.3562,39.2261],[8.3563,39.226],[8.3564,39.226],[8.3565,39.2259],[8.3567,39.226]]],[[[8.3558,39.2273],[8.3559,39.2276],[8.3558,39.2278],[8.3557,39.2279],[8.3557,39.2279],[8.3556,39.228],[8.3555,39.2281],[8.3556,39.2281],[8.3556,39.2283],[8.3556,39.2285],[8.3555,39.2285],[8.3554,39.2285],[8.3554,39.2285],[8.3553,39.2286],[8.3552,39.2283],[8.3552,39.2281],[8.3552,39.2278],[8.3553,39.2276],[8.3553,39.2275],[8.3554,39.2275],[8.3555,39.2274],[8.3557,39.2273],[8.3558,39.2273],[8.3558,39.2273]]],[[[9.6277,39.3085],[9.6277,39.3086],[9.6277,39.3086],[9.6276,39.3086],[9.6276,39.3085],[9.6275,39.3085],[9.6275,39.3085],[9.6274,39.3085],[9.6274,39.3084],[9.6275,39.3082],[9.6276,39.3082],[9.6276,39.3081],[9.6275,39.3081],[9.6275,39.308],[9.6275,39.3079],[9.6278,39.308],[9.6278,39.308],[9.628,39.3082],[9.6281,39.3082],[9.6281,39.3084],[9.628,39.3084],[9.628,39.3085],[9.6279,39.3085],[9.6279,39.3085],[9.6278,39.3084],[9.6278,39.3084],[9.6277,39.3084],[9.6277,39.3085]]],[[[8.3988,39.3347],[8.3987,39.3348],[8.3987,39.3348],[8.3986,39.3348],[8.3986,39.3348],[8.3985,39.3348],[8.3985,39.3348],[8.3983,39.3348],[8.3982,39.3347],[8.3982,39.3347],[8.3981,39.3347],[8.3981,39.3346],[8.3982,39.3346],[8.3984,39.3345],[8.3985,39.3345],[8.3986,39.3345],[8.3987,39.3344],[8.3987,39.3343],[8.3989,39.3342],[8.3988,39.3342],[8.3988,39.3341],[8.3984,39.3341],[8.3983,39.3341],[8.3979,39.3341],[8.3978,39.3341],[8.3977,39.334],[8.3977,39.3339],[8.3979,39.3337],[8.3979,39.3337],[8.3981,39.3335],[8.3983,39.3334],[8.3984,39.3334],[8.3985,39.3333],[8.3985,39.3332],[8.3987,39.3332],[8.3987,39.3333],[8.3988,39.3332],[8.3989,39.3333],[8.3989,39.3332],[8.399,39.3332],[8.3991,39.3332],[8.3992,39.3333],[8.3992,39.3333],[8.3993,39.3334],[8.3993,39.3334],[8.3994,39.3334],[8.3994,39.3333],[8.3995,39.3333],[8.3995,39.3333],[8.3996,39.3333],[8.3996,39.3333],[8.3997,39.3333],[8.3998,39.3332],[8.3998,39.3332],[8.3999,39.3332],[8.4,39.3332],[8.4,39.3331],[8.4001,39.333],[8.4001,39.3329],[8.4002,39.3329],[8.4002,39.3329],[8.4003,39.3329],[8.4004,39.3328],[8.4004,39.3329],[8.4005,39.3329],[8.4005,39.333],[8.4005,39.333],[8.4005,39.3331],[8.4005,39.3332],[8.4004,39.3332],[8.4005,39.3333],[8.4005,39.3334],[8.4006,39.3334],[8.4007,39.3334],[8.4007,39.3334],[8.4008,39.3334],[8.4008,39.3334],[8.4008,39.3334],[8.4009,39.3335],[8.401,39.3335],[8.401,39.3335],[8.4011,39.3336],[8.4013,39.3336],[8.4014,39.3336],[8.4015,39.3336],[8.4016,39.3336],[8.4016,39.3337],[8.4017,39.3338],[8.4017,39.3338],[8.4017,39.3339],[8.4017,39.3339],[8.4018,39.334],[8.4018,39.334],[8.4017,39.3341],[8.4017,39.3342],[8.4017,39.3343],[8.4014,39.3343],[8.4014,39.3343],[8.4014,39.3344],[8.4014,39.3344],[8.4014,39.3344],[8.4013,39.3345],[8.4013,39.3345],[8.4013,39.3345],[8.4012,39.3345],[8.4012,39.3346],[8.4011,39.3346],[8.401,39.3346],[8.4009,39.3347],[8.4009,39.3347],[8.4008,39.3346],[8.4007,39.3346],[8.4005,39.3346],[8.4005,39.3345],[8.4003,39.3345],[8.4001,39.3343],[8.4001,39.3343],[8.4,39.3343],[8.3999,39.3342],[8.3998,39.3342],[8.3997,39.3341],[8.3993,39.3342],[8.3994,39.3344],[8.3993,39.3344],[8.3992,39.3345],[8.3991,39.3345],[8.3991,39.3346],[8.399,39.3346],[8.399,39.3346],[8.3989,39.3346],[8.3988,39.3347],[8.3988,39.3347]]],[[[9.6587,39.5244],[9.6587,39.5245],[9.6585,39.5247],[9.6584,39.5249],[9.6583,39.525],[9.6582,39.525],[9.6581,39.5251],[9.6581,39.5251],[9.658,39.5251],[9.658,39.5251],[9.658,39.525],[9.658,39.525],[9.658,39.5249],[9.658,39.5249],[9.658,39.5248],[9.658,39.5248],[9.658,39.5246],[9.658,39.5246],[9.658,39.5245],[9.658,39.5244],[9.658,39.5244],[9.6581,39.5243],[9.6582,39.5243],[9.6582,39.5243],[9.6583,39.5243],[9.6584,39.5243],[9.6584,39.5243],[9.6585,39.5243],[9.6585,39.5242],[9.6586,39.5242],[9.6586,39.5243],[9.6587,39.5243],[9.6587,39.5244]]],[[[9.659,39.5249],[9.659,39.5249],[9.659,39.525],[9.659,39.525],[9.659,39.5251],[9.659,39.5251],[9.6589,39.5251],[9.6589,39.5251],[9.6589,39.525],[9.6588,39.525],[9.6588,39.525],[9.6588,39.5249],[9.6587,39.5249],[9.6586,39.5249],[9.6586,39.525],[9.6585,39.525],[9.6585,39.5249],[9.6585,39.5249],[9.6585,39.5249],[9.6585,39.5248],[9.6585,39.5248],[9.6586,39.5248],[9.6586,39.5247],[9.6587,39.5247],[9.6587,39.5246],[9.6588,39.5246],[9.6589,39.5244],[9.659,39.5243],[9.6591,39.5242],[9.6592,39.5242],[9.6592,39.5242],[9.6593,39.5242],[9.6593,39.5242],[9.6594,39.5242],[9.6594,39.5242],[9.6594,39.5243],[9.6595,39.5243],[9.6595,39.5243],[9.6595,39.5243],[9.6596,39.5243],[9.6597,39.5243],[9.6597,39.5243],[9.6597,39.5243],[9.6598,39.5244],[9.6598,39.5244],[9.6597,39.5245],[9.6597,39.5246],[9.6597,39.5246],[9.6596,39.5246],[9.6595,39.5247],[9.6593,39.5247],[9.6591,39.5248],[9.659,39.5248],[9.659,39.5249]]],[[[8.2758,39.8823],[8.2758,39.8824],[8.2757,39.8825],[8.2754,39.8823],[8.2752,39.8822],[8.2751,39.8821],[8.275,39.882],[8.275,39.8819],[8.275,39.8818],[8.275,39.8817],[8.2751,39.8815],[8.2754,39.8815],[8.2756,39.8814],[8.2756,39.8814],[8.2757,39.8813],[8.276,39.8813],[8.2762,39.8813],[8.2762,39.8814],[8.2763,39.8815],[8.2763,39.8816],[8.2763,39.8819],[8.2763,39.8822],[8.2759,39.8823],[8.2759,39.8823],[8.2758,39.8823]]],[[[9.7027,39.9752],[9.7027,39.9753],[9.7028,39.9754],[9.7025,39.9755],[9.7025,39.9754],[9.7025,39.9752],[9.7025,39.9751],[9.7026,39.975],[9.7025,39.975],[9.7023,39.975],[9.7023,39.9749],[9.7023,39.9748],[9.7023,39.9747],[9.7023,39.9746],[9.7023,39.9744],[9.7023,39.9743],[9.7023,39.9741],[9.7023,39.974],[9.7023,39.9739],[9.7024,39.9738],[9.7024,39.9737],[9.7025,39.9735],[9.7026,39.9735],[9.7026,39.9735],[9.7027,39.9735],[9.7028,39.9734],[9.7027,39.9733],[9.7027,39.9733],[9.7028,39.9733],[9.7029,39.9732],[9.7031,39.9732],[9.7033,39.9731],[9.7033,39.9731],[9.7034,39.973],[9.7035,39.973],[9.7036,39.973],[9.7038,39.973],[9.704,39.973],[9.7041,39.973],[9.7042,39.9731],[9.7042,39.9731],[9.7042,39.9732],[9.7042,39.9732],[9.7043,39.9731],[9.7044,39.9731],[9.7045,39.9733],[9.7046,39.9734],[9.7046,39.9735],[9.7047,39.9736],[9.7047,39.9737],[9.7048,39.9738],[9.7049,39.9739],[9.705,39.9738],[9.7051,39.9737],[9.7052,39.9736],[9.7053,39.9735],[9.7054,39.9733],[9.7055,39.9732],[9.7058,39.9731],[9.7061,39.9732],[9.7062,39.9733],[9.7062,39.9733],[9.7063,39.9733],[9.7065,39.9734],[9.7064,39.9735],[9.7062,39.9737],[9.7061,39.9739],[9.7059,39.974],[9.7057,39.9743],[9.7056,39.9745],[9.7055,39.9746],[9.7056,39.9747],[9.7057,39.9748],[9.7057,39.9749],[9.7058,39.9752],[9.7055,39.9752],[9.7055,39.975],[9.7054,39.9749],[9.7052,39.9748],[9.7052,39.9747],[9.7052,39.9747],[9.7051,39.9747],[9.7051,39.9747],[9.705,39.9747],[9.7048,39.9747],[9.7047,39.9746],[9.7046,39.9745],[9.7046,39.9744],[9.7045,39.9744],[9.7045,39.9745],[9.7043,39.9745],[9.7041,39.9746],[9.7041,39.9747],[9.704,39.9747],[9.7039,39.9747],[9.7039,39.9747],[9.7038,39.9747],[9.7037,39.9747],[9.7036,39.9748],[9.7036,39.9749],[9.7036,39.975],[9.7035,39.9751],[9.7034,39.9751],[9.7033,39.9751],[9.7032,39.9752],[9.7031,39.9753],[9.703,39.9753],[9.7029,39.9752],[9.7029,39.9752],[9.7028,39.9752],[9.7027,39.9752]]],[[[9.7075,39.9758],[9.7074,39.976],[9.7074,39.9761],[9.7072,39.9763],[9.7067,39.9765],[9.7067,39.9763],[9.7067,39.9762],[9.7067,39.9761],[9.7068,39.9759],[9.7067,39.9758],[9.7066,39.9757],[9.7067,39.9757],[9.7068,39.9757],[9.707,39.9756],[9.7071,39.9756],[9.7072,39.9755],[9.7073,39.9755],[9.7075,39.9755],[9.7075,39.9758]]],[[[9.7083,39.9764],[9.7086,39.9765],[9.7086,39.9765],[9.7085,39.9765],[9.7085,39.9766],[9.7084,39.9766],[9.7084,39.9767],[9.7083,39.9767],[9.7082,39.9768],[9.7081,39.9769],[9.708,39.9769],[9.7079,39.9769],[9.7078,39.9768],[9.7077,39.9768],[9.7077,39.9766],[9.7077,39.9765],[9.7078,39.9764],[9.7078,39.9763],[9.7079,39.9762],[9.7083,39.9764]]],[[[8.3123,39.9967],[8.3121,39.9967],[8.3118,39.9967],[8.3117,39.9965],[8.3117,39.9965],[8.3114,39.9965],[8.3114,39.9962],[8.3107,39.996],[8.3108,39.9957],[8.3106,39.9948],[8.3109,39.9946],[8.3108,39.9941],[8.3103,39.9941],[8.3103,39.9942],[8.3099,39.9946],[8.3097,39.9941],[8.3094,39.9942],[8.3088,39.9937],[8.3084,39.9938],[8.3079,39.9937],[8.3078,39.9938],[8.307,39.9939],[8.3067,39.9942],[8.3064,39.994],[8.306,39.994],[8.3057,39.9941],[8.3055,39.9945],[8.3049,39.9946],[8.3044,39.9946],[8.3041,39.9947],[8.3041,39.9947],[8.3041,39.9946],[8.3038,39.9947],[8.3033,39.9942],[8.303,39.9943],[8.3028,39.9944],[8.3022,39.9944],[8.3018,39.9943],[8.3019,39.994],[8.3017,39.9939],[8.3014,39.994],[8.3013,39.9937],[8.3009,39.9937],[8.3006,39.9938],[8.3004,39.9937],[8.3001,39.9937],[8.3,39.9932],[8.2998,39.9928],[8.3001,39.9926],[8.3,39.9925],[8.3,39.9924],[8.3002,39.9921],[8.3005,39.9921],[8.3008,39.9922],[8.301,39.9921],[8.3011,39.9917],[8.3007,39.9916],[8.3009,39.9914],[8.3007,39.9913],[8.3004,39.9912],[8.3005,39.991],[8.3009,39.991],[8.301,39.9909],[8.301,39.9902],[8.3011,39.9901],[8.3012,39.99],[8.301,39.9895],[8.3008,39.9893],[8.3005,39.9888],[8.3007,39.9881],[8.3008,39.9878],[8.3012,39.9874],[8.3013,39.9872],[8.3013,39.9865],[8.3007,39.9863],[8.3004,39.9864],[8.3002,39.9861],[8.2999,39.9859],[8.2997,39.9857],[8.2993,39.9856],[8.2994,39.9854],[8.2998,39.9854],[8.3,39.9853],[8.3001,39.9854],[8.3002,39.9853],[8.3003,39.9849],[8.3002,39.9848],[8.2998,39.985],[8.2992,39.9847],[8.2993,39.9844],[8.2992,39.984],[8.2992,39.9839],[8.2988,39.984],[8.2987,39.9838],[8.2985,39.9839],[8.2982,39.9834],[8.2981,39.9834],[8.298,39.9834],[8.2975,39.9832],[8.2973,39.9831],[8.2972,39.9831],[8.2968,39.983],[8.2969,39.9827],[8.297,39.9824],[8.2971,39.9822],[8.2968,39.9822],[8.2968,39.982],[8.2967,39.9822],[8.2966,39.9821],[8.2966,39.9818],[8.2972,39.9818],[8.2977,39.9813],[8.2991,39.9818],[8.2993,39.9817],[8.2995,39.9819],[8.2998,39.9822],[8.2999,39.9821],[8.3001,39.9824],[8.3004,39.9824],[8.3006,39.9826],[8.3009,39.9829],[8.3011,39.9831],[8.3013,39.983],[8.3016,39.9831],[8.3018,39.9834],[8.302,39.9837],[8.3024,39.9841],[8.3019,39.9844],[8.3019,39.9848],[8.302,39.9851],[8.3022,39.9857],[8.3029,39.986],[8.3031,39.9862],[8.3033,39.9863],[8.3036,39.9861],[8.3039,39.9865],[8.3038,39.9868],[8.3046,39.9871],[8.3052,39.9871],[8.3054,39.987],[8.306,39.9876],[8.306,39.9876],[8.3062,39.9877],[8.3066,39.9877],[8.3073,39.9878],[8.3076,39.9877],[8.3077,39.988],[8.3077,39.9881],[8.3083,39.9883],[8.3086,39.9883],[8.309,39.9882],[8.3094,39.9881],[8.3094,39.9883],[8.3095,39.9884],[8.3097,39.9883],[8.3097,39.9886],[8.3099,39.9887],[8.3105,39.9888],[8.3109,39.9892],[8.3111,39.9898],[8.3112,39.99],[8.3114,39.9899],[8.3115,39.99],[8.3116,39.99],[8.3118,39.9901],[8.3121,39.9903],[8.3121,39.9902],[8.3124,39.9903],[8.3122,39.9912],[8.312,39.9914],[8.3119,39.9919],[8.312,39.9921],[8.3118,39.9925],[8.3119,39.9928],[8.312,39.9931],[8.3123,39.9933],[8.3123,39.9937],[8.3124,39.994],[8.3124,39.9943],[8.3123,39.9947],[8.3125,39.9953],[8.313,39.9956],[8.3132,39.9956],[8.3135,39.9964],[8.3132,39.9964],[8.313,39.9965],[8.3124,39.9965],[8.3123,39.9967]]],[[[8.4038,40.0533],[8.404,40.0533],[8.4042,40.0533],[8.4042,40.0534],[8.4042,40.0534],[8.4043,40.0535],[8.4043,40.0536],[8.4043,40.0538],[8.4042,40.0539],[8.4041,40.054],[8.4039,40.0541],[8.4036,40.0543],[8.4035,40.0543],[8.4034,40.0544],[8.4033,40.0544],[8.4031,40.0544],[8.4031,40.0543],[8.403,40.0542],[8.403,40.0541],[8.403,40.054],[8.4031,40.0539],[8.403,40.0539],[8.403,40.0538],[8.4029,40.0538],[8.4029,40.0537],[8.4029,40.0537],[8.4029,40.0536],[8.403,40.0536],[8.4031,40.0535],[8.4032,40.0534],[8.4033,40.0534],[8.4035,40.0533],[8.4036,40.0533],[8.4038,40.0533]]],[[[8.487,40.0925],[8.4867,40.0926],[8.4863,40.0927],[8.4864,40.0925],[8.4866,40.0923],[8.4868,40.0923],[8.487,40.0923],[8.4871,40.0922],[8.4872,40.0922],[8.4872,40.0922],[8.4871,40.0924],[8.487,40.0923],[8.487,40.0925]]],[[[8.4868,40.0935],[8.4868,40.0935],[8.4869,40.0934],[8.4869,40.0934],[8.487,40.0932],[8.487,40.0932],[8.4872,40.0932],[8.4872,40.0932],[8.4871,40.0931],[8.487,40.0931],[8.4872,40.093],[8.4872,40.093],[8.4873,40.0929],[8.4873,40.0929],[8.4875,40.0927],[8.4875,40.0928],[8.4876,40.0928],[8.4877,40.0928],[8.4878,40.0928],[8.4879,40.0928],[8.4879,40.0929],[8.4878,40.093],[8.4877,40.093],[8.4876,40.0935],[8.4873,40.0935],[8.4873,40.0932],[8.4872,40.0933],[8.4872,40.0933],[8.487,40.0934],[8.487,40.0935],[8.4869,40.0935],[8.4868,40.0935]]],[[[8.486,40.0943],[8.4859,40.0943],[8.4858,40.0945],[8.4856,40.0947],[8.4856,40.0946],[8.4856,40.0944],[8.4855,40.0944],[8.4859,40.0942],[8.486,40.0943]]],[[[8.4865,40.0945],[8.4865,40.0947],[8.4862,40.0948],[8.4863,40.0946],[8.4864,40.0945],[8.4864,40.0944],[8.4865,40.0944],[8.4865,40.0945]]],[[[8.4552,40.2103],[8.4552,40.2104],[8.4551,40.2104],[8.4551,40.2104],[8.455,40.2105],[8.4548,40.2105],[8.4547,40.2105],[8.4547,40.2106],[8.4545,40.2106],[8.4544,40.2106],[8.4543,40.2106],[8.4542,40.2105],[8.4541,40.2105],[8.454,40.2104],[8.454,40.2103],[8.4541,40.2103],[8.4541,40.2102],[8.4543,40.2101],[8.4544,40.21],[8.4546,40.21],[8.4546,40.21],[8.4547,40.21],[8.4548,40.21],[8.4549,40.21],[8.455,40.2099],[8.4551,40.2098],[8.4553,40.2098],[8.4555,40.2098],[8.4555,40.2099],[8.4556,40.2099],[8.4557,40.2099],[8.4558,40.2099],[8.4558,40.2098],[8.4558,40.2098],[8.4557,40.2096],[8.4556,40.2096],[8.4556,40.2095],[8.4556,40.2095],[8.4557,40.2094],[8.4558,40.2093],[8.456,40.2094],[8.4561,40.2094],[8.4561,40.2094],[8.4563,40.2095],[8.4564,40.2097],[8.4563,40.2099],[8.4562,40.21],[8.4561,40.2101],[8.456,40.2101],[8.4559,40.2102],[8.456,40.2102],[8.4559,40.2103],[8.4556,40.2104],[8.4555,40.2105],[8.4554,40.2104],[8.4554,40.2104],[8.4554,40.2104],[8.4553,40.2103],[8.4553,40.2103],[8.4553,40.2103],[8.4552,40.2103]]],[[[8.3768,40.3608],[8.3766,40.3608],[8.3766,40.3608],[8.3766,40.3607],[8.3766,40.3607],[8.3766,40.3607],[8.3767,40.3607],[8.3768,40.3607],[8.3769,40.3607],[8.3769,40.3606],[8.3768,40.3606],[8.3768,40.3606],[8.3768,40.3606],[8.3768,40.3605],[8.3767,40.3605],[8.3767,40.3605],[8.3767,40.3604],[8.3767,40.3604],[8.3766,40.3604],[8.3766,40.3603],[8.3766,40.3603],[8.3767,40.3603],[8.3767,40.3603],[8.3768,40.3602],[8.3769,40.3602],[8.3769,40.3602],[8.3769,40.3601],[8.377,40.3601],[8.377,40.3601],[8.3771,40.36],[8.3771,40.36],[8.3772,40.3599],[8.3772,40.36],[8.3772,40.36],[8.3773,40.36],[8.3774,40.36],[8.3775,40.36],[8.3776,40.3601],[8.3776,40.3601],[8.3777,40.3601],[8.3778,40.3603],[8.378,40.3603],[8.3781,40.3604],[8.3781,40.3604],[8.3781,40.3605],[8.3781,40.3606],[8.378,40.3606],[8.3778,40.3607],[8.3777,40.3607],[8.3776,40.3608],[8.3775,40.3608],[8.3773,40.3608],[8.3772,40.3608],[8.3771,40.3608],[8.377,40.3608],[8.3769,40.3608],[8.3769,40.3608],[8.3768,40.3608]]],[[[8.3373,40.4993],[8.3371,40.4996],[8.3367,40.5],[8.3365,40.4996],[8.3366,40.4995],[8.3368,40.4994],[8.337,40.4992],[8.3373,40.4993]]],[[[9.8213,40.5401],[9.8214,40.5404],[9.8214,40.5404],[9.8214,40.5406],[9.8213,40.5407],[9.8213,40.5407],[9.8213,40.5408],[9.8212,40.5408],[9.8212,40.5409],[9.8211,40.5409],[9.8211,40.5409],[9.821,40.5409],[9.821,40.5408],[9.8209,40.5407],[9.8209,40.5406],[9.8207,40.5405],[9.8206,40.5405],[9.8205,40.5405],[9.8205,40.5405],[9.8204,40.5405],[9.8204,40.5404],[9.8204,40.5403],[9.8204,40.5403],[9.8204,40.5402],[9.8203,40.5402],[9.8202,40.5402],[9.8202,40.5401],[9.8202,40.5401],[9.8201,40.5401],[9.8201,40.5401],[9.82,40.54],[9.8199,40.54],[9.8198,40.54],[9.8197,40.54],[9.8197,40.5399],[9.8196,40.5399],[9.8195,40.5398],[9.8192,40.5398],[9.819,40.5399],[9.819,40.54],[9.819,40.54],[9.819,40.5401],[9.8189,40.5401],[9.8188,40.5401],[9.8188,40.5401],[9.8187,40.5401],[9.8186,40.5401],[9.8186,40.5401],[9.8185,40.5401],[9.8185,40.54],[9.8186,40.54],[9.8185,40.5399],[9.8185,40.5399],[9.8184,40.5399],[9.8183,40.5398],[9.8183,40.5397],[9.8184,40.5396],[9.8184,40.5396],[9.8185,40.5396],[9.8185,40.5396],[9.8186,40.5395],[9.8186,40.5395],[9.8186,40.5395],[9.8185,40.5395],[9.8184,40.5395],[9.8183,40.5395],[9.8182,40.5395],[9.8182,40.5395],[9.8181,40.5395],[9.8181,40.5395],[9.818,40.5396],[9.8179,40.5395],[9.8179,40.5395],[9.8179,40.5394],[9.818,40.5393],[9.8181,40.5393],[9.8181,40.5392],[9.818,40.5392],[9.818,40.5391],[9.8179,40.5392],[9.8179,40.5392],[9.8178,40.5392],[9.8178,40.5392],[9.8177,40.5392],[9.8177,40.5392],[9.8176,40.5392],[9.8175,40.5392],[9.8175,40.5392],[9.8175,40.5391],[9.8175,40.5391],[9.8174,40.5391],[9.8173,40.5391],[9.8173,40.5391],[9.8173,40.5391],[9.8172,40.5391],[9.8172,40.5391],[9.8172,40.539],[9.8172,40.539],[9.817,40.5389],[9.8169,40.5388],[9.8168,40.5388],[9.8168,40.5387],[9.8168,40.5386],[9.8167,40.5386],[9.8166,40.5385],[9.8166,40.5385],[9.8165,40.5384],[9.8165,40.5383],[9.8164,40.5383],[9.8164,40.5383],[9.8163,40.5382],[9.8163,40.5382],[9.8163,40.5381],[9.8164,40.538],[9.8165,40.538],[9.8165,40.5379],[9.8166,40.538],[9.8166,40.538],[9.8167,40.538],[9.8168,40.538],[9.8168,40.538],[9.8169,40.538],[9.8169,40.5379],[9.817,40.5379],[9.817,40.5379],[9.8171,40.5379],[9.8172,40.5379],[9.8173,40.5379],[9.8173,40.5379],[9.8174,40.538],[9.8174,40.538],[9.8173,40.5381],[9.8173,40.5381],[9.8174,40.5382],[9.8174,40.5382],[9.8174,40.5383],[9.8175,40.5384],[9.8176,40.5384],[9.8177,40.5384],[9.8177,40.5384],[9.8178,40.5384],[9.8179,40.5384],[9.8179,40.5383],[9.818,40.5383],[9.818,40.5384],[9.818,40.5384],[9.818,40.5384],[9.818,40.5385],[9.8181,40.5386],[9.8182,40.5386],[9.8183,40.5387],[9.8184,40.5388],[9.8185,40.5389],[9.8186,40.539],[9.8187,40.539],[9.8188,40.539],[9.8189,40.539],[9.819,40.539],[9.8191,40.539],[9.8191,40.5391],[9.8191,40.5392],[9.8191,40.5392],[9.8194,40.5393],[9.8196,40.5394],[9.8197,40.5394],[9.8198,40.5395],[9.8198,40.5395],[9.82,40.5395],[9.82,40.5394],[9.8201,40.5393],[9.8201,40.5392],[9.8201,40.5392],[9.8202,40.5391],[9.8202,40.5391],[9.8203,40.5391],[9.8204,40.5392],[9.8204,40.5392],[9.8205,40.5392],[9.8205,40.5392],[9.8206,40.5392],[9.8206,40.5393],[9.8206,40.5394],[9.8206,40.5394],[9.8205,40.5395],[9.8205,40.5395],[9.8204,40.5395],[9.8204,40.5396],[9.8204,40.5397],[9.8204,40.5397],[9.8204,40.5398],[9.8205,40.5398],[9.8205,40.5399],[9.8206,40.5399],[9.8207,40.5399],[9.8207,40.5399],[9.8208,40.5398],[9.8209,40.5398],[9.8209,40.5399],[9.8209,40.54],[9.821,40.54],[9.821,40.5401],[9.8211,40.5401],[9.8212,40.5401],[9.8212,40.5401],[9.8212,40.5401],[9.8213,40.5401],[9.8213,40.5401]]],[[[8.1531,40.5721],[8.1531,40.5722],[8.153,40.5722],[8.153,40.5722],[8.1529,40.5723],[8.1528,40.5721],[8.1528,40.572],[8.1528,40.5719],[8.1525,40.5722],[8.1523,40.5721],[8.1523,40.5721],[8.1521,40.572],[8.1518,40.5719],[8.1515,40.5718],[8.1514,40.5718],[8.1512,40.5718],[8.1511,40.5717],[8.151,40.5716],[8.1509,40.5715],[8.1509,40.5714],[8.1508,40.5712],[8.1508,40.5711],[8.1508,40.571],[8.1507,40.5709],[8.1506,40.5708],[8.1504,40.5707],[8.1504,40.5706],[8.1503,40.5702],[8.1504,40.5701],[8.1505,40.5702],[8.1506,40.5699],[8.1506,40.5698],[8.1507,40.5695],[8.1507,40.5693],[8.1508,40.5691],[8.1501,40.569],[8.1501,40.5689],[8.1508,40.5689],[8.1513,40.5688],[8.1516,40.5689],[8.1517,40.5688],[8.1519,40.569],[8.152,40.5691],[8.1521,40.5693],[8.152,40.5697],[8.1521,40.5698],[8.1521,40.57],[8.1521,40.5705],[8.152,40.5709],[8.1521,40.571],[8.1521,40.5711],[8.1523,40.571],[8.1527,40.5711],[8.1528,40.5712],[8.1529,40.5712],[8.1529,40.5713],[8.1531,40.5713],[8.1532,40.5712],[8.1532,40.5713],[8.1532,40.5717],[8.1531,40.5718],[8.1531,40.5719],[8.1531,40.5721]]],[[[8.3004,40.5717],[8.3003,40.5718],[8.3005,40.5719],[8.3005,40.5719],[8.3005,40.5721],[8.3005,40.5722],[8.3004,40.5723],[8.3002,40.5724],[8.3002,40.5725],[8.3001,40.5726],[8.3001,40.5732],[8.3001,40.5735],[8.3,40.5732],[8.2998,40.5726],[8.2997,40.5725],[8.2996,40.5723],[8.2995,40.5722],[8.2995,40.5722],[8.2995,40.5722],[8.2994,40.5721],[8.2994,40.572],[8.2996,40.572],[8.2995,40.5719],[8.2995,40.5718],[8.2999,40.5717],[8.3003,40.5717],[8.3004,40.5717]]],[[[8.1412,40.6053],[8.141,40.6054],[8.1408,40.6054],[8.1406,40.6054],[8.1404,40.6054],[8.1403,40.6054],[8.1402,40.6054],[8.1401,40.6053],[8.1399,40.6052],[8.1397,40.6052],[8.1395,40.6053],[8.1393,40.6049],[8.1397,40.6048],[8.1397,40.6047],[8.1398,40.6048],[8.1399,40.6047],[8.1398,40.6046],[8.1396,40.6045],[8.1394,40.6043],[8.1392,40.6043],[8.1388,40.6041],[8.1385,40.6039],[8.1384,40.6038],[8.1382,40.6034],[8.138,40.6033],[8.1379,40.6031],[8.1376,40.6029],[8.1378,40.6026],[8.138,40.6026],[8.1382,40.6026],[8.1383,40.6026],[8.1383,40.6026],[8.1386,40.6025],[8.1386,40.6023],[8.1388,40.6021],[8.1386,40.602],[8.1384,40.602],[8.1381,40.6021],[8.1381,40.602],[8.1384,40.6018],[8.1389,40.6019],[8.1391,40.6019],[8.1393,40.6019],[8.1395,40.6019],[8.1398,40.6019],[8.1399,40.6019],[8.14,40.6019],[8.1403,40.6019],[8.1403,40.6017],[8.1401,40.6016],[8.1403,40.6015],[8.1406,40.6018],[8.1406,40.6019],[8.1407,40.6019],[8.1407,40.602],[8.1409,40.6021],[8.141,40.6022],[8.1411,40.6023],[8.1411,40.6024],[8.1412,40.6025],[8.1413,40.6026],[8.1414,40.6027],[8.1415,40.6029],[8.1416,40.6029],[8.1417,40.603],[8.1419,40.6031],[8.1422,40.6032],[8.1424,40.6034],[8.1426,40.6034],[8.1428,40.6034],[8.1431,40.6034],[8.1435,40.6036],[8.1438,40.6038],[8.1441,40.6039],[8.1442,40.6039],[8.1443,40.604],[8.1441,40.6042],[8.1444,40.6042],[8.1445,40.6044],[8.1446,40.6045],[8.1444,40.6047],[8.1443,40.6049],[8.144,40.6052],[8.1437,40.6053],[8.1431,40.6053],[8.1425,40.6054],[8.1423,40.6053],[8.1422,40.6052],[8.142,40.6053],[8.1416,40.6053],[8.1414,40.6053],[8.1412,40.6053]]],[[[9.7659,40.6842],[9.7661,40.6842],[9.7665,40.6842],[9.7667,40.6843],[9.7669,40.6844],[9.767,40.6844],[9.7671,40.6845],[9.7672,40.6846],[9.7673,40.6848],[9.7674,40.6849],[9.7675,40.685],[9.7675,40.6851],[9.7676,40.6852],[9.7677,40.6855],[9.7674,40.6856],[9.7672,40.6856],[9.7671,40.6856],[9.767,40.6855],[9.7668,40.6855],[9.7667,40.6854],[9.7666,40.6853],[9.7665,40.6852],[9.7662,40.6852],[9.766,40.6851],[9.7653,40.685],[9.7651,40.6849],[9.765,40.6849],[9.7649,40.6847],[9.7648,40.6846],[9.7649,40.6844],[9.765,40.6843],[9.7652,40.6842],[9.7655,40.6842],[9.7657,40.6841],[9.7659,40.6842]]],[[[9.7161,40.7354],[9.7167,40.7355],[9.7171,40.7357],[9.7176,40.7358],[9.718,40.7359],[9.7184,40.7359],[9.7189,40.7361],[9.719,40.7363],[9.719,40.7365],[9.719,40.7367],[9.719,40.7369],[9.719,40.737],[9.719,40.7372],[9.7189,40.7373],[9.7187,40.7375],[9.7184,40.7375],[9.7182,40.7374],[9.718,40.7372],[9.7177,40.7369],[9.7175,40.7368],[9.7173,40.7366],[9.7171,40.7365],[9.717,40.7364],[9.7168,40.7364],[9.7166,40.7363],[9.7162,40.7363],[9.7159,40.7363],[9.7155,40.7361],[9.7154,40.736],[9.7152,40.7359],[9.7152,40.7356],[9.7151,40.7355],[9.7156,40.7353],[9.7161,40.7354]]],[[[9.7085,40.8273],[9.7084,40.828],[9.7086,40.8288],[9.7083,40.8289],[9.7075,40.8289],[9.7073,40.8286],[9.7071,40.828],[9.7069,40.8279],[9.7067,40.8277],[9.7067,40.8272],[9.7071,40.8269],[9.7075,40.8267],[9.7077,40.8269],[9.7081,40.8268],[9.7086,40.8267],[9.7085,40.8273]]],[[[9.7248,40.8465],[9.7245,40.8464],[9.7245,40.8463],[9.7244,40.8461],[9.7239,40.846],[9.7239,40.846],[9.7239,40.8459],[9.7241,40.8459],[9.724,40.8459],[9.724,40.8458],[9.7241,40.8458],[9.7242,40.8458],[9.7241,40.8459],[9.7243,40.8459],[9.7243,40.8459],[9.7244,40.8459],[9.7244,40.846],[9.7245,40.846],[9.7245,40.846],[9.7247,40.8461],[9.7247,40.8461],[9.7247,40.8462],[9.7246,40.8462],[9.7249,40.8463],[9.7249,40.8464],[9.7249,40.8464],[9.7248,40.8464],[9.7248,40.8465]]],[[[9.7239,40.8477],[9.7237,40.8476],[9.7235,40.8477],[9.7232,40.8476],[9.7229,40.8475],[9.7224,40.8471],[9.7219,40.8468],[9.7218,40.8461],[9.7219,40.8458],[9.7217,40.8456],[9.7218,40.8453],[9.7221,40.845],[9.7222,40.845],[9.7224,40.8452],[9.7228,40.8453],[9.7232,40.8455],[9.7235,40.8457],[9.7238,40.8459],[9.724,40.8462],[9.7242,40.8464],[9.7244,40.8466],[9.7246,40.8467],[9.7247,40.847],[9.7247,40.8471],[9.7244,40.847],[9.7245,40.8472],[9.7248,40.8473],[9.7246,40.8475],[9.7243,40.8475],[9.7242,40.8475],[9.7241,40.8476],[9.7239,40.8477]]],[[[9.6773,40.864],[9.6774,40.8643],[9.6773,40.8645],[9.6776,40.8649],[9.677,40.8649],[9.6768,40.8653],[9.6762,40.8653],[9.6762,40.8649],[9.6765,40.8647],[9.6765,40.864],[9.6773,40.864]]],[[[9.7081,40.8759],[9.7079,40.8759],[9.7077,40.8759],[9.7076,40.8756],[9.7074,40.8756],[9.7073,40.8754],[9.7072,40.8751],[9.7072,40.8749],[9.7077,40.875],[9.7081,40.8753],[9.7083,40.8754],[9.7082,40.8754],[9.7082,40.8755],[9.708,40.8755],[9.7081,40.8759]]],[[[9.7782,40.8755],[9.7781,40.8755],[9.7781,40.8756],[9.7781,40.8756],[9.7781,40.8758],[9.7781,40.8759],[9.7781,40.876],[9.778,40.8759],[9.778,40.8759],[9.778,40.8758],[9.7779,40.8758],[9.7779,40.8757],[9.7777,40.8756],[9.7777,40.8755],[9.7777,40.8755],[9.7776,40.8755],[9.7775,40.8755],[9.7775,40.8756],[9.7774,40.8756],[9.7773,40.8756],[9.7772,40.8756],[9.777,40.8756],[9.7767,40.8757],[9.7768,40.8756],[9.7769,40.8755],[9.777,40.8755],[9.7771,40.8755],[9.7772,40.8755],[9.7772,40.8755],[9.7771,40.8754],[9.7771,40.8753],[9.7772,40.8753],[9.7772,40.8752],[9.7772,40.8752],[9.7772,40.8751],[9.7771,40.875],[9.7771,40.8749],[9.777,40.8748],[9.7769,40.8747],[9.777,40.8744],[9.777,40.8743],[9.7771,40.8741],[9.7772,40.8741],[9.7773,40.8741],[9.7774,40.8741],[9.7774,40.874],[9.7773,40.8739],[9.7772,40.8739],[9.7772,40.8738],[9.7772,40.8737],[9.7772,40.8736],[9.7773,40.8736],[9.7776,40.8736],[9.7777,40.8737],[9.7777,40.8737],[9.7778,40.8737],[9.7778,40.8738],[9.7778,40.8738],[9.7778,40.8739],[9.7779,40.8739],[9.7779,40.8738],[9.7779,40.8738],[9.7779,40.8737],[9.7779,40.8737],[9.7782,40.8739],[9.7784,40.874],[9.7783,40.8741],[9.7782,40.8741],[9.7783,40.8742],[9.7783,40.8742],[9.7786,40.8745],[9.7787,40.8746],[9.7789,40.8747],[9.7788,40.8749],[9.7787,40.8749],[9.7787,40.875],[9.7788,40.875],[9.7788,40.8751],[9.7788,40.8752],[9.7785,40.8754],[9.7782,40.8755]]],[[[9.7296,40.8771],[9.7102,40.869],[9.7365,40.8595],[9.743,40.871],[9.7296,40.8771]]],[[[9.6714,40.8788],[9.6713,40.8788],[9.6709,40.8786],[9.6709,40.8785],[9.6708,40.8785],[9.6706,40.8785],[9.6704,40.8782],[9.6704,40.8781],[9.6703,40.8781],[9.6702,40.8781],[9.6701,40.8781],[9.6702,40.8778],[9.6702,40.8777],[9.6704,40.8777],[9.6705,40.8777],[9.6706,40.8776],[9.6706,40.8775],[9.6707,40.8775],[9.6708,40.8774],[9.6709,40.8773],[9.6711,40.8772],[9.6712,40.8771],[9.6714,40.8771],[9.6716,40.8771],[9.6716,40.8769],[9.6718,40.8769],[9.672,40.877],[9.6722,40.8773],[9.6726,40.8774],[9.6731,40.8776],[9.6734,40.8779],[9.6732,40.878],[9.673,40.8779],[9.6728,40.8778],[9.6726,40.8779],[9.6725,40.878],[9.6723,40.878],[9.6721,40.878],[9.672,40.878],[9.6721,40.8782],[9.6719,40.8785],[9.6718,40.8786],[9.6717,40.8787],[9.6717,40.8787],[9.6715,40.8788],[9.6715,40.8787],[9.6714,40.8788]]],[[[8.2136,40.8797],[8.2135,40.8798],[8.2134,40.8798],[8.2137,40.8799],[8.2139,40.88],[8.214,40.8801],[8.2141,40.8803],[8.2144,40.8804],[8.2146,40.8805],[8.2148,40.8806],[8.2148,40.8807],[8.2148,40.8809],[8.2147,40.881],[8.2147,40.8811],[8.2147,40.8812],[8.2146,40.8812],[8.2146,40.8814],[8.2145,40.8815],[8.2144,40.8816],[8.214,40.8816],[8.2135,40.8815],[8.2132,40.8814],[8.213,40.8813],[8.2127,40.8812],[8.2122,40.8809],[8.212,40.8807],[8.212,40.8806],[8.2119,40.8804],[8.2117,40.8801],[8.2119,40.88],[8.212,40.88],[8.212,40.8799],[8.212,40.8798],[8.2119,40.8796],[8.2121,40.8797],[8.2123,40.8797],[8.2124,40.8796],[8.2125,40.8794],[8.2131,40.8793],[8.2135,40.8796],[8.2136,40.8797]]],[[[9.6407,40.8861],[9.6408,40.8862],[9.6408,40.8864],[9.6407,40.8865],[9.6405,40.8865],[9.6401,40.8865],[9.64,40.8864],[9.6399,40.8863],[9.6398,40.8862],[9.6397,40.8861],[9.6396,40.886],[9.6395,40.886],[9.6395,40.8859],[9.6393,40.8856],[9.6391,40.8853],[9.639,40.885],[9.6391,40.8847],[9.6393,40.8846],[9.6396,40.8844],[9.6396,40.8847],[9.6396,40.8848],[9.6397,40.8849],[9.6399,40.885],[9.6402,40.8851],[9.6403,40.8852],[9.6405,40.8852],[9.6406,40.8852],[9.6408,40.8852],[9.641,40.8851],[9.6413,40.8848],[9.6413,40.885],[9.6412,40.8854],[9.6413,40.8856],[9.6414,40.8858],[9.6412,40.886],[9.6412,40.8862],[9.6412,40.8862],[9.6411,40.8863],[9.641,40.8864],[9.6409,40.8864],[9.6409,40.8863],[9.6409,40.8861],[9.6407,40.8861]]],[[[9.6504,40.8902],[9.6503,40.8902],[9.6498,40.8902],[9.6497,40.8901],[9.6498,40.89],[9.6499,40.8899],[9.65,40.8898],[9.6501,40.8898],[9.6501,40.8897],[9.65,40.8896],[9.65,40.8895],[9.6499,40.8895],[9.65,40.8894],[9.65,40.8892],[9.6498,40.8891],[9.6496,40.889],[9.6495,40.889],[9.6494,40.8891],[9.6492,40.8891],[9.6492,40.8892],[9.6489,40.8892],[9.6488,40.8891],[9.6488,40.889],[9.6488,40.889],[9.6488,40.8888],[9.6488,40.8885],[9.6487,40.8884],[9.6485,40.8883],[9.6484,40.8883],[9.6482,40.8883],[9.648,40.8884],[9.6479,40.8883],[9.6478,40.8882],[9.6476,40.8883],[9.6475,40.8883],[9.6475,40.8885],[9.6471,40.8888],[9.6469,40.8887],[9.6468,40.8886],[9.6469,40.8882],[9.647,40.888],[9.647,40.8879],[9.6472,40.8878],[9.6473,40.8878],[9.6474,40.8878],[9.6474,40.8877],[9.6475,40.8876],[9.6475,40.8875],[9.6476,40.8873],[9.6476,40.8873],[9.6476,40.8872],[9.6477,40.8872],[9.6477,40.8872],[9.6478,40.8872],[9.6478,40.8871],[9.6478,40.887],[9.6479,40.8869],[9.6482,40.8868],[9.6483,40.8868],[9.6484,40.8869],[9.6485,40.8869],[9.6486,40.8869],[9.6487,40.8869],[9.6487,40.887],[9.6489,40.8869],[9.6489,40.8868],[9.649,40.8868],[9.6491,40.8867],[9.6491,40.8867],[9.6492,40.8867],[9.6493,40.8867],[9.6493,40.8867],[9.6494,40.8867],[9.6495,40.8867],[9.6496,40.8867],[9.6497,40.8868],[9.6498,40.8868],[9.6498,40.8868],[9.6499,40.8869],[9.6499,40.8869],[9.6499,40.8871],[9.6499,40.8872],[9.65,40.8872],[9.6501,40.8873],[9.6502,40.8874],[9.6503,40.8874],[9.6504,40.8873],[9.6506,40.8872],[9.6509,40.8871],[9.651,40.8871],[9.6511,40.8872],[9.6513,40.8872],[9.6514,40.8873],[9.6515,40.8873],[9.6516,40.8873],[9.6516,40.8872],[9.6517,40.8872],[9.6517,40.8872],[9.6518,40.8871],[9.6521,40.8871],[9.6522,40.8871],[9.6524,40.8872],[9.6526,40.8872],[9.6528,40.8872],[9.6529,40.8872],[9.6532,40.8873],[9.6534,40.8873],[9.6536,40.8873],[9.6537,40.8874],[9.6537,40.8875],[9.6538,40.8875],[9.6543,40.8876],[9.6544,40.8876],[9.6545,40.8876],[9.6546,40.8877],[9.6547,40.8877],[9.6547,40.8877],[9.6548,40.8877],[9.6548,40.8878],[9.6549,40.8878],[9.6549,40.8879],[9.655,40.8879],[9.655,40.888],[9.655,40.8881],[9.6551,40.8882],[9.6554,40.8884],[9.6552,40.8887],[9.6549,40.8887],[9.6547,40.8887],[9.6547,40.8887],[9.6545,40.8887],[9.6544,40.8887],[9.6542,40.8887],[9.654,40.8886],[9.6539,40.8887],[9.6538,40.8888],[9.6537,40.8888],[9.6534,40.8889],[9.6533,40.8889],[9.653,40.8887],[9.6529,40.8888],[9.6526,40.8889],[9.6525,40.889],[9.6525,40.8891],[9.6524,40.8892],[9.6522,40.8892],[9.6521,40.8892],[9.6521,40.8892],[9.6521,40.8892],[9.652,40.8894],[9.652,40.8894],[9.652,40.8895],[9.6519,40.8896],[9.6518,40.8897],[9.6517,40.8897],[9.6516,40.8899],[9.6514,40.8899],[9.6513,40.89],[9.6511,40.8901],[9.6506,40.89],[9.6505,40.8901],[9.6504,40.8901],[9.6504,40.8902]]],[[[9.6685,40.8936],[9.6686,40.8937],[9.6686,40.8938],[9.6685,40.894],[9.6682,40.894],[9.6681,40.8941],[9.6681,40.8941],[9.668,40.8942],[9.6679,40.8942],[9.6679,40.8941],[9.6679,40.894],[9.6677,40.894],[9.6676,40.8939],[9.6675,40.8938],[9.6675,40.8937],[9.6676,40.8937],[9.6676,40.8936],[9.6677,40.8936],[9.6679,40.8936],[9.668,40.8936],[9.6683,40.8935],[9.6685,40.8936]]],[[[9.6748,40.8965],[9.6752,40.8967],[9.6752,40.8969],[9.675,40.897],[9.675,40.8971],[9.6748,40.897],[9.6746,40.8969],[9.6744,40.8967],[9.6744,40.8965],[9.6746,40.8964],[9.6748,40.8965]]],[[[9.584,40.9055],[9.5839,40.9055],[9.5838,40.9055],[9.5839,40.9056],[9.5836,40.9057],[9.5835,40.9057],[9.5834,40.9057],[9.5832,40.9056],[9.5832,40.9056],[9.5831,40.9055],[9.583,40.9054],[9.5829,40.9054],[9.5828,40.9054],[9.5827,40.9054],[9.5824,40.9054],[9.582,40.9054],[9.5819,40.9053],[9.582,40.9052],[9.5819,40.9051],[9.5818,40.9049],[9.5816,40.9048],[9.5816,40.9047],[9.5818,40.9044],[9.5819,40.9044],[9.5819,40.9042],[9.5823,40.9041],[9.5826,40.9044],[9.5829,40.9046],[9.5833,40.9045],[9.5834,40.9045],[9.5834,40.9047],[9.5837,40.9049],[9.5841,40.905],[9.5843,40.9053],[9.584,40.9055]]],[[[9.5264,40.918],[9.5263,40.918],[9.5261,40.9179],[9.526,40.918],[9.5258,40.9179],[9.5258,40.9179],[9.5257,40.9179],[9.5256,40.9179],[9.5255,40.9179],[9.5255,40.9178],[9.5254,40.9177],[9.5253,40.9178],[9.5253,40.9175],[9.5253,40.9175],[9.5252,40.9173],[9.5252,40.9172],[9.525,40.9171],[9.5249,40.917],[9.525,40.9168],[9.5251,40.9168],[9.525,40.9167],[9.5253,40.9166],[9.5255,40.9166],[9.5256,40.9167],[9.5256,40.9167],[9.5258,40.9168],[9.526,40.9169],[9.5261,40.917],[9.5262,40.917],[9.5263,40.9171],[9.5264,40.9171],[9.5264,40.9172],[9.5263,40.9172],[9.5263,40.9173],[9.5264,40.9174],[9.5265,40.9174],[9.5267,40.9175],[9.5268,40.9176],[9.5268,40.9177],[9.5269,40.9178],[9.5264,40.918]]],[[[9.5087,40.9182],[9.5084,40.9183],[9.5083,40.9182],[9.5081,40.9181],[9.508,40.9179],[9.5081,40.9178],[9.5082,40.9177],[9.5083,40.9176],[9.5088,40.9176],[9.5089,40.9176],[9.5092,40.9177],[9.5091,40.9178],[9.509,40.9179],[9.5091,40.9179],[9.509,40.9182],[9.5087,40.9182],[9.5087,40.9182]]],[[[9.5117,40.9183],[9.5112,40.9183],[9.5111,40.9181],[9.511,40.918],[9.5109,40.918],[9.5107,40.918],[9.5107,40.9179],[9.5107,40.9178],[9.5105,40.9179],[9.5104,40.9179],[9.5101,40.9177],[9.51,40.9177],[9.5099,40.9176],[9.5098,40.9175],[9.5097,40.9175],[9.5096,40.9174],[9.5093,40.9174],[9.5092,40.9173],[9.5092,40.9172],[9.5092,40.9171],[9.5089,40.917],[9.5088,40.917],[9.5088,40.9169],[9.5089,40.9168],[9.5088,40.9168],[9.5087,40.9167],[9.5087,40.9168],[9.5086,40.9168],[9.5084,40.9168],[9.5084,40.9168],[9.5082,40.917],[9.5082,40.9171],[9.5079,40.917],[9.5078,40.9169],[9.5077,40.9169],[9.5076,40.9168],[9.5078,40.9167],[9.5079,40.9167],[9.5079,40.9166],[9.5079,40.9165],[9.5078,40.9165],[9.5078,40.9164],[9.5079,40.9164],[9.5082,40.9164],[9.5083,40.9164],[9.5085,40.9164],[9.5086,40.9163],[9.5086,40.9163],[9.5087,40.9162],[9.5088,40.9162],[9.5089,40.9163],[9.509,40.9164],[9.5092,40.9165],[9.5094,40.9165],[9.5094,40.9166],[9.5096,40.9166],[9.5097,40.9166],[9.5098,40.9166],[9.5099,40.9166],[9.51,40.9166],[9.5102,40.9167],[9.5104,40.9167],[9.5107,40.9172],[9.5107,40.9172],[9.5108,40.9173],[9.5108,40.9174],[9.5111,40.9175],[9.5113,40.9176],[9.5115,40.9176],[9.5118,40.9176],[9.512,40.9178],[9.512,40.9182],[9.5118,40.9182],[9.5117,40.9183]]],[[[8.7107,40.9191],[8.7107,40.9192],[8.7106,40.9193],[8.7105,40.9194],[8.7104,40.9195],[8.7103,40.9196],[8.7102,40.9196],[8.7102,40.9195],[8.71,40.9195],[8.7099,40.9195],[8.7099,40.9194],[8.71,40.9193],[8.7102,40.9191],[8.7104,40.919],[8.7106,40.919],[8.7107,40.9191]]],[[[9.6479,40.9179],[9.648,40.918],[9.6477,40.918],[9.6476,40.9181],[9.6476,40.9182],[9.6476,40.9183],[9.6475,40.9183],[9.6472,40.9184],[9.6472,40.9183],[9.6473,40.9182],[9.6473,40.9181],[9.6472,40.918],[9.6472,40.918],[9.647,40.9178],[9.6469,40.9178],[9.6468,40.9178],[9.6467,40.9178],[9.6463,40.9177],[9.6464,40.9172],[9.6466,40.9171],[9.647,40.9171],[9.6472,40.9172],[9.6474,40.9173],[9.6474,40.9175],[9.6475,40.9175],[9.6476,40.9176],[9.6477,40.9177],[9.6478,40.9177],[9.6478,40.9178],[9.6479,40.9179]]],[[[9.5663,40.9204],[9.5667,40.9204],[9.567,40.9205],[9.567,40.9206],[9.5669,40.9207],[9.5665,40.9207],[9.5664,40.9207],[9.5662,40.9205],[9.566,40.9204],[9.5657,40.9202],[9.5658,40.9201],[9.566,40.9203],[9.566,40.9202],[9.5659,40.9201],[9.566,40.9201],[9.5663,40.9204]]],[[[9.6382,40.9203],[9.6384,40.9204],[9.6384,40.9205],[9.6381,40.9207],[9.6379,40.9206],[9.638,40.9202],[9.6382,40.9203]]],[[[9.6328,40.92],[9.633,40.9201],[9.6331,40.9201],[9.6329,40.9203],[9.6329,40.9204],[9.6327,40.9205],[9.6327,40.9206],[9.6326,40.9208],[9.6323,40.9207],[9.6323,40.9207],[9.6322,40.9205],[9.6322,40.9205],[9.632,40.9205],[9.6318,40.9203],[9.6321,40.9201],[9.6322,40.9201],[9.6323,40.92],[9.6323,40.9199],[9.6328,40.92]]],[[[9.6415,40.9201],[9.6417,40.9202],[9.6417,40.9204],[9.6415,40.9205],[9.6416,40.9205],[9.6416,40.9205],[9.6416,40.9205],[9.6416,40.9207],[9.6415,40.9208],[9.6415,40.921],[9.6413,40.921],[9.6411,40.9209],[9.6411,40.9208],[9.641,40.9207],[9.641,40.9205],[9.6411,40.9205],[9.6412,40.9205],[9.6412,40.9204],[9.6411,40.9203],[9.6411,40.9202],[9.6414,40.92],[9.6415,40.9201]]],[[[9.642,40.9216],[9.6419,40.9215],[9.6418,40.9215],[9.6417,40.9214],[9.6416,40.9215],[9.6414,40.9214],[9.6411,40.9214],[9.641,40.9213],[9.6414,40.9211],[9.6415,40.9211],[9.6417,40.9211],[9.6418,40.9211],[9.6419,40.921],[9.642,40.921],[9.6422,40.9211],[9.6423,40.9212],[9.6423,40.9213],[9.6422,40.9214],[9.6422,40.9214],[9.642,40.9216]]],[[[9.5128,40.9219],[9.5127,40.922],[9.5127,40.9221],[9.5127,40.9222],[9.5126,40.9223],[9.5126,40.9222],[9.5123,40.9221],[9.5123,40.922],[9.5124,40.9219],[9.5124,40.9219],[9.5123,40.9218],[9.5121,40.9219],[9.5121,40.922],[9.5117,40.9219],[9.5115,40.9218],[9.5112,40.9218],[9.5112,40.9216],[9.5111,40.9216],[9.5111,40.9215],[9.5108,40.9212],[9.5107,40.9211],[9.5106,40.9211],[9.5105,40.9211],[9.5105,40.9208],[9.5108,40.9207],[9.5109,40.9207],[9.5109,40.9207],[9.5111,40.9206],[9.5113,40.9205],[9.5115,40.9205],[9.5117,40.9207],[9.5118,40.921],[9.5119,40.9211],[9.5121,40.921],[9.5122,40.921],[9.5125,40.921],[9.5126,40.9211],[9.5128,40.9212],[9.513,40.9217],[9.5128,40.9219]]],[[[9.6332,40.922],[9.6331,40.9219],[9.6329,40.9216],[9.6329,40.9214],[9.633,40.9212],[9.6331,40.921],[9.6332,40.9208],[9.6332,40.9207],[9.6336,40.9208],[9.6337,40.9209],[9.6338,40.921],[9.6338,40.9212],[9.6342,40.9214],[9.6341,40.9217],[9.6339,40.9218],[9.6338,40.9219],[9.6336,40.922],[9.6335,40.922],[9.6332,40.922]]],[[[9.6353,40.9233],[9.6354,40.9234],[9.6354,40.9236],[9.6354,40.9238],[9.6353,40.9238],[9.6351,40.9237],[9.6349,40.9235],[9.6349,40.9233],[9.635,40.9232],[9.6352,40.9232],[9.6353,40.9233]]],[[[9.7355,40.9242],[9.6731,40.8891],[9.7416,40.9111],[9.7355,40.9242]]],[[[9.5265,40.9304],[9.5269,40.9304],[9.5268,40.9306],[9.5269,40.9306],[9.5271,40.9307],[9.5271,40.9308],[9.5272,40.931],[9.5272,40.9311],[9.5274,40.9313],[9.5272,40.9316],[9.527,40.9316],[9.5269,40.9316],[9.5268,40.9316],[9.5266,40.9317],[9.5265,40.9317],[9.5263,40.9318],[9.5263,40.9319],[9.5262,40.932],[9.526,40.9319],[9.5259,40.9318],[9.5261,40.9316],[9.5263,40.9314],[9.5262,40.9312],[9.5261,40.9312],[9.526,40.931],[9.5259,40.9309],[9.5259,40.9306],[9.5261,40.9303],[9.5265,40.9304]]],[[[8.1743,40.9397],[8.1743,40.9399],[8.174,40.94],[8.174,40.9399],[8.174,40.9398],[8.1739,40.9397],[8.1738,40.9398],[8.1734,40.9398],[8.1735,40.9396],[8.1736,40.9395],[8.1735,40.9394],[8.1735,40.9394],[8.1735,40.9393],[8.1734,40.9392],[8.1735,40.9391],[8.1735,40.939],[8.1736,40.9389],[8.1741,40.9389],[8.1743,40.9392],[8.1744,40.9395],[8.1744,40.9397],[8.1743,40.9397]]],[[[9.5881,40.9594],[9.588,40.9595],[9.588,40.9594],[9.5879,40.9594],[9.5878,40.9593],[9.5878,40.9593],[9.5877,40.9593],[9.5876,40.9592],[9.5875,40.9592],[9.5875,40.9592],[9.5875,40.9591],[9.5875,40.9591],[9.5875,40.959],[9.5875,40.959],[9.5875,40.9589],[9.5874,40.9589],[9.5874,40.9589],[9.5874,40.9588],[9.5874,40.9588],[9.5875,40.9587],[9.5875,40.9587],[9.5875,40.9587],[9.5875,40.9586],[9.5875,40.9586],[9.5875,40.9586],[9.5875,40.9585],[9.5876,40.9585],[9.5876,40.9584],[9.5877,40.9584],[9.5877,40.9583],[9.5877,40.9583],[9.5877,40.9582],[9.5877,40.9581],[9.5878,40.9581],[9.5879,40.9581],[9.5879,40.958],[9.5879,40.958],[9.5879,40.958],[9.5879,40.958],[9.588,40.958],[9.5881,40.958],[9.5883,40.9581],[9.5883,40.9581],[9.5884,40.9582],[9.5884,40.9582],[9.5886,40.9583],[9.5885,40.9583],[9.5886,40.9584],[9.5886,40.9584],[9.5887,40.9584],[9.5888,40.9584],[9.5889,40.9585],[9.589,40.9585],[9.5891,40.9585],[9.5892,40.9585],[9.5892,40.9585],[9.5891,40.9586],[9.5891,40.9586],[9.5891,40.9586],[9.5892,40.9586],[9.5893,40.9586],[9.5893,40.9586],[9.5894,40.9586],[9.5894,40.9586],[9.5895,40.9587],[9.5895,40.9587],[9.5895,40.9587],[9.5895,40.9588],[9.5895,40.9588],[9.5895,40.9589],[9.5895,40.9589],[9.5894,40.959],[9.5894,40.959],[9.5894,40.9591],[9.5894,40.9591],[9.5894,40.9592],[9.5893,40.9592],[9.5893,40.9592],[9.5893,40.9593],[9.5893,40.9594],[9.5892,40.9594],[9.5892,40.9594],[9.5891,40.9594],[9.589,40.9594],[9.5889,40.9594],[9.5888,40.9594],[9.5887,40.9594],[9.5887,40.9594],[9.5886,40.9594],[9.5885,40.9594],[9.5884,40.9594],[9.5884,40.9594],[9.5882,40.9594],[9.5881,40.9594]]],[[[8.2253,40.9666],[8.2257,40.967],[8.2256,40.9673],[8.2253,40.9674],[8.2249,40.9675],[8.2247,40.9676],[8.2246,40.9676],[8.2245,40.9676],[8.2242,40.9676],[8.224,40.9676],[8.2238,40.9676],[8.224,40.9673],[8.2241,40.9672],[8.2242,40.9671],[8.2247,40.9666],[8.2253,40.9666]]],[[[8.2072,40.9714],[8.2071,40.9715],[8.2069,40.9715],[8.2066,40.9716],[8.2064,40.9715],[8.2063,40.9714],[8.2061,40.9713],[8.206,40.9713],[8.2058,40.9713],[8.2055,40.9711],[8.2056,40.971],[8.2055,40.971],[8.2055,40.9708],[8.2056,40.9708],[8.2059,40.9708],[8.206,40.9708],[8.2062,40.9708],[8.2063,40.9709],[8.2064,40.9709],[8.2065,40.9708],[8.2065,40.9707],[8.2064,40.9706],[8.2063,40.9705],[8.2063,40.9704],[8.2063,40.9702],[8.2064,40.9701],[8.2067,40.97],[8.2069,40.97],[8.207,40.97],[8.2072,40.97],[8.2075,40.9701],[8.2076,40.9702],[8.2078,40.9704],[8.2077,40.9707],[8.2075,40.971],[8.2072,40.9714]]],[[[8.2132,40.972],[8.2127,40.9721],[8.2124,40.9723],[8.2123,40.9722],[8.2118,40.9722],[8.2118,40.972],[8.2118,40.972],[8.2119,40.9718],[8.2118,40.9717],[8.212,40.9715],[8.2122,40.9714],[8.2122,40.9716],[8.2122,40.9719],[8.2125,40.972],[8.2128,40.9719],[8.2132,40.9719],[8.2133,40.9719],[8.2133,40.9719],[8.2132,40.972]]],[[[9.6438,40.9828],[9.643,40.9829],[9.6426,40.983],[9.6424,40.983],[9.6422,40.983],[9.6417,40.9829],[9.6415,40.9829],[9.6412,40.9828],[9.641,40.9829],[9.6407,40.983],[9.6404,40.9829],[9.6401,40.9829],[9.6399,40.9828],[9.6399,40.9825],[9.6402,40.9823],[9.6402,40.9822],[9.6401,40.9816],[9.6402,40.9814],[9.6402,40.9811],[9.6402,40.9808],[9.6403,40.9807],[9.6403,40.9806],[9.6403,40.9802],[9.6404,40.9799],[9.6408,40.9796],[9.641,40.9795],[9.6413,40.9792],[9.6416,40.9791],[9.6418,40.979],[9.6419,40.9789],[9.6421,40.9788],[9.6422,40.9786],[9.6423,40.9784],[9.6424,40.9784],[9.6426,40.9784],[9.6427,40.9783],[9.6427,40.9781],[9.6427,40.978],[9.6429,40.9778],[9.6434,40.9781],[9.6436,40.9781],[9.644,40.9781],[9.6445,40.9781],[9.6449,40.9783],[9.645,40.9783],[9.6453,40.9785],[9.6456,40.9786],[9.6458,40.9787],[9.646,40.9788],[9.6461,40.9789],[9.6462,40.9789],[9.6463,40.9791],[9.6463,40.9792],[9.6464,40.9794],[9.6465,40.9798],[9.6465,40.98],[9.6464,40.9802],[9.6463,40.9803],[9.6463,40.9804],[9.6462,40.9806],[9.6461,40.9808],[9.6459,40.9809],[9.6457,40.9812],[9.6457,40.9812],[9.6456,40.9815],[9.6454,40.9816],[9.6451,40.9817],[9.645,40.9818],[9.645,40.9819],[9.645,40.982],[9.6449,40.9821],[9.6446,40.9822],[9.6444,40.9824],[9.6442,40.9825],[9.644,40.9827],[9.6438,40.9828]]],[[[8.2153,40.9825],[8.215,40.9828],[8.2147,40.9829],[8.2143,40.9829],[8.2142,40.9827],[8.2143,40.9825],[8.2144,40.9822],[8.2143,40.9821],[8.2141,40.982],[8.2139,40.9821],[8.2139,40.982],[8.214,40.982],[8.2139,40.9819],[8.2137,40.982],[8.2136,40.982],[8.2137,40.9818],[8.2138,40.9817],[8.2137,40.9816],[8.2135,40.9816],[8.2131,40.9816],[8.2128,40.9814],[8.2127,40.9813],[8.2125,40.9812],[8.2123,40.981],[8.2122,40.9809],[8.2121,40.9807],[8.2121,40.9804],[8.2126,40.98],[8.2125,40.9799],[8.2122,40.98],[8.2121,40.9799],[8.2121,40.9798],[8.212,40.9796],[8.212,40.9795],[8.2121,40.9794],[8.2119,40.9794],[8.2116,40.9792],[8.2116,40.9788],[8.2124,40.9784],[8.2124,40.9783],[8.2124,40.9782],[8.2125,40.9781],[8.2124,40.978],[8.2124,40.9778],[8.2126,40.9776],[8.2124,40.9775],[8.2121,40.9775],[8.2122,40.9773],[8.2128,40.977],[8.2131,40.9768],[8.213,40.9767],[8.2129,40.9765],[8.2128,40.9764],[8.213,40.9763],[8.2131,40.9764],[8.2133,40.9762],[8.2132,40.976],[8.2133,40.9755],[8.2134,40.9753],[8.2133,40.975],[8.2131,40.975],[8.2127,40.975],[8.2126,40.9749],[8.2127,40.9748],[8.2129,40.9747],[8.2132,40.9748],[8.2131,40.9745],[8.2138,40.9741],[8.2139,40.974],[8.2141,40.9739],[8.2144,40.9739],[8.2148,40.9739],[8.2149,40.9738],[8.2147,40.9736],[8.2146,40.9735],[8.2146,40.9733],[8.2145,40.9733],[8.2145,40.9729],[8.2148,40.9727],[8.2151,40.9726],[8.2153,40.9724],[8.2152,40.9723],[8.2152,40.9722],[8.2148,40.9722],[8.2145,40.9721],[8.2142,40.9719],[8.2141,40.9716],[8.2141,40.9714],[8.2141,40.9711],[8.2142,40.9707],[8.2145,40.9703],[8.2144,40.9701],[8.2142,40.9698],[8.2139,40.9694],[8.2142,40.9693],[8.2147,40.9692],[8.2153,40.9689],[8.2154,40.9686],[8.2153,40.9682],[8.2157,40.968],[8.216,40.9677],[8.2163,40.9677],[8.2164,40.9677],[8.2164,40.9676],[8.2164,40.9675],[8.2168,40.9678],[8.2179,40.9684],[8.2183,40.9686],[8.2187,40.9686],[8.2189,40.9685],[8.2193,40.9682],[8.22,40.968],[8.2205,40.968],[8.221,40.9681],[8.221,40.9683],[8.2211,40.9685],[8.2214,40.9688],[8.2218,40.9689],[8.2227,40.9687],[8.2228,40.9689],[8.2228,40.9691],[8.2229,40.9693],[8.2229,40.9695],[8.2233,40.9698],[8.2242,40.9694],[8.2246,40.9694],[8.2251,40.9693],[8.2255,40.9693],[8.2255,40.9696],[8.225,40.9699],[8.2245,40.9701],[8.2244,40.9706],[8.2242,40.971],[8.2236,40.9714],[8.2235,40.9716],[8.2238,40.9721],[8.2238,40.9724],[8.2237,40.9727],[8.2235,40.973],[8.2234,40.9731],[8.2231,40.9732],[8.2231,40.9733],[8.2229,40.9734],[8.2226,40.9735],[8.2224,40.9736],[8.2221,40.9738],[8.2219,40.9739],[8.2215,40.974],[8.2213,40.9741],[8.221,40.9743],[8.2209,40.9746],[8.2206,40.9748],[8.2205,40.9749],[8.2205,40.9752],[8.2207,40.9753],[8.2209,40.9756],[8.221,40.9759],[8.2212,40.9761],[8.2215,40.9763],[8.2217,40.9763],[8.2221,40.9762],[8.2222,40.9762],[8.223,40.976],[8.2238,40.9759],[8.2246,40.9758],[8.2248,40.9755],[8.2253,40.9752],[8.2262,40.9747],[8.2269,40.9744],[8.227,40.9747],[8.227,40.9751],[8.227,40.9754],[8.2269,40.9756],[8.2267,40.9759],[8.2265,40.9762],[8.2262,40.9764],[8.226,40.9768],[8.2257,40.9771],[8.2251,40.9774],[8.2246,40.9778],[8.2242,40.978],[8.2237,40.9781],[8.2234,40.9781],[8.2229,40.9782],[8.2226,40.9784],[8.2223,40.9786],[8.2218,40.9789],[8.2217,40.979],[8.2216,40.9794],[8.2214,40.9798],[8.2212,40.9799],[8.2208,40.9799],[8.2207,40.9798],[8.2202,40.9799],[8.2198,40.9801],[8.2198,40.9803],[8.2198,40.9807],[8.2197,40.9811],[8.2195,40.9813],[8.2191,40.9815],[8.2188,40.9813],[8.2187,40.9812],[8.2185,40.9812],[8.2183,40.9813],[8.2182,40.9815],[8.2181,40.9817],[8.218,40.982],[8.2177,40.9824],[8.2175,40.9826],[8.2172,40.9828],[8.2169,40.9829],[8.2167,40.9829],[8.2164,40.9828],[8.2162,40.9825],[8.216,40.9823],[8.2155,40.9822],[8.2153,40.9825]]],[[[8.2131,40.9857],[8.2128,40.9857],[8.2128,40.9857],[8.2127,40.9856],[8.2126,40.9856],[8.2126,40.9856],[8.2127,40.9855],[8.2128,40.9854],[8.2129,40.9854],[8.213,40.9854],[8.2132,40.9854],[8.2133,40.9854],[8.2134,40.9854],[8.2136,40.9854],[8.2138,40.9854],[8.214,40.9855],[8.2142,40.9856],[8.2143,40.9856],[8.2144,40.9856],[8.2146,40.9857],[8.2133,40.9857],[8.2132,40.9857],[8.2131,40.9857]]],[[[8.2119,40.9855],[8.212,40.9857],[8.2121,40.9858],[8.2121,40.9859],[8.2118,40.986],[8.2117,40.986],[8.2114,40.986],[8.2114,40.986],[8.2113,40.9859],[8.2112,40.9858],[8.2112,40.9857],[8.2111,40.9857],[8.2111,40.9856],[8.2111,40.9856],[8.211,40.9855],[8.2113,40.9855],[8.2114,40.9855],[8.2115,40.9854],[8.2117,40.9854],[8.2119,40.9855]]],[[[8.864,41.0156],[8.864,41.0157],[8.8639,41.0157],[8.8638,41.0158],[8.8637,41.0157],[8.8637,41.0156],[8.8636,41.0156],[8.8636,41.0156],[8.8635,41.0156],[8.8634,41.0156],[8.8633,41.0157],[8.8631,41.0157],[8.8631,41.0157],[8.863,41.0157],[8.8629,41.0156],[8.8628,41.0155],[8.8628,41.0154],[8.8628,41.0154],[8.8628,41.0153],[8.8628,41.0152],[8.8628,41.0152],[8.8628,41.0151],[8.8629,41.015],[8.8629,41.0149],[8.8629,41.0149],[8.8628,41.0148],[8.8627,41.0149],[8.8627,41.015],[8.8627,41.015],[8.8627,41.0151],[8.8627,41.0151],[8.8627,41.0152],[8.8627,41.0152],[8.8626,41.0153],[8.8626,41.0154],[8.8626,41.0154],[8.8626,41.0155],[8.8626,41.0155],[8.8626,41.0155],[8.8626,41.0156],[8.8625,41.0156],[8.8624,41.0157],[8.8623,41.0157],[8.8622,41.0157],[8.8618,41.0157],[8.8616,41.0157],[8.8615,41.0157],[8.8614,41.0157],[8.8613,41.0157],[8.8612,41.0157],[8.8611,41.0157],[8.8611,41.0156],[8.8612,41.0155],[8.8612,41.0154],[8.8613,41.0153],[8.8613,41.0152],[8.8613,41.0151],[8.8614,41.0151],[8.8615,41.015],[8.8616,41.0149],[8.8618,41.0148],[8.8619,41.0147],[8.862,41.0147],[8.862,41.0146],[8.8621,41.0145],[8.8622,41.0143],[8.8622,41.0142],[8.8623,41.0141],[8.8623,41.014],[8.8622,41.014],[8.8623,41.0139],[8.8623,41.0138],[8.8623,41.0137],[8.8622,41.0137],[8.8622,41.0136],[8.8622,41.0135],[8.8621,41.0135],[8.8621,41.0134],[8.8621,41.0133],[8.8622,41.0132],[8.8622,41.0131],[8.8623,41.0131],[8.8624,41.013],[8.8625,41.013],[8.8625,41.013],[8.8625,41.0129],[8.8624,41.0129],[8.8623,41.0129],[8.8622,41.0129],[8.8621,41.0128],[8.8621,41.0127],[8.8621,41.0127],[8.8622,41.0126],[8.8623,41.0126],[8.8624,41.0126],[8.8625,41.0125],[8.8625,41.0126],[8.8627,41.0126],[8.8629,41.0126],[8.863,41.0125],[8.8631,41.0125],[8.8632,41.0125],[8.8633,41.0124],[8.8634,41.0125],[8.8635,41.0125],[8.8636,41.0125],[8.8637,41.0125],[8.8638,41.0126],[8.8638,41.0126],[8.8638,41.0127],[8.8638,41.0128],[8.8638,41.0129],[8.8639,41.0129],[8.8639,41.013],[8.864,41.0131],[8.864,41.0131],[8.8639,41.0132],[8.8639,41.0133],[8.8638,41.0132],[8.8637,41.0133],[8.8637,41.0133],[8.8638,41.0133],[8.8638,41.0134],[8.8638,41.0135],[8.8638,41.0135],[8.8638,41.0136],[8.8638,41.0136],[8.8638,41.0137],[8.8638,41.0138],[8.8638,41.0138],[8.8638,41.0139],[8.8639,41.0139],[8.864,41.0139],[8.864,41.014],[8.864,41.0141],[8.864,41.0143],[8.864,41.0147],[8.8641,41.0149],[8.8641,41.0151],[8.8641,41.0152],[8.8641,41.0153],[8.864,41.0154],[8.864,41.0154],[8.864,41.0155],[8.864,41.0155],[8.864,41.0156]]],[[[8.253,41.0295],[8.2529,41.0296],[8.2528,41.0297],[8.2528,41.0297],[8.2527,41.0298],[8.2524,41.0297],[8.2523,41.0296],[8.2524,41.0295],[8.2524,41.0295],[8.2524,41.0294],[8.2524,41.0294],[8.2522,41.0294],[8.2521,41.0293],[8.252,41.0293],[8.2519,41.0293],[8.2518,41.0293],[8.2516,41.0293],[8.2515,41.0293],[8.2515,41.0292],[8.2514,41.0291],[8.2513,41.0291],[8.2512,41.0291],[8.251,41.029],[8.2507,41.0289],[8.2507,41.0287],[8.2506,41.0286],[8.2506,41.0286],[8.2507,41.0285],[8.2507,41.0285],[8.2508,41.0284],[8.2508,41.0284],[8.2509,41.0283],[8.2511,41.0283],[8.2511,41.0283],[8.2512,41.0283],[8.2512,41.0282],[8.2514,41.0282],[8.2514,41.0282],[8.2515,41.0282],[8.2516,41.0281],[8.2516,41.028],[8.2516,41.028],[8.2516,41.0279],[8.2516,41.0278],[8.2516,41.0278],[8.2517,41.0277],[8.2519,41.0275],[8.252,41.0273],[8.252,41.0271],[8.2519,41.027],[8.2519,41.0268],[8.252,41.0268],[8.2522,41.0267],[8.2527,41.0269],[8.2525,41.0271],[8.2524,41.0273],[8.2523,41.0273],[8.2523,41.0276],[8.2526,41.028],[8.2528,41.0281],[8.2532,41.0283],[8.2532,41.0286],[8.2533,41.0288],[8.2533,41.0291],[8.2531,41.0292],[8.2531,41.0294],[8.2531,41.0294],[8.253,41.0295]]],[[[9.529,41.0422],[9.5288,41.0423],[9.5286,41.0423],[9.5285,41.0423],[9.5284,41.0423],[9.5282,41.0422],[9.528,41.0422],[9.5279,41.0422],[9.5278,41.0422],[9.5277,41.0422],[9.5276,41.0423],[9.5275,41.0423],[9.5273,41.0423],[9.5273,41.0422],[9.5273,41.0422],[9.5275,41.0421],[9.5276,41.042],[9.5277,41.042],[9.5279,41.042],[9.5281,41.0421],[9.5282,41.042],[9.5283,41.042],[9.5283,41.0419],[9.5285,41.0418],[9.5285,41.0417],[9.5285,41.0416],[9.5286,41.0415],[9.5286,41.0415],[9.5286,41.0415],[9.5287,41.0415],[9.5287,41.0414],[9.5291,41.0414],[9.529,41.0416],[9.5291,41.0417],[9.5291,41.0417],[9.5293,41.0418],[9.5294,41.0418],[9.5295,41.0418],[9.5296,41.0418],[9.5298,41.0419],[9.5298,41.042],[9.5298,41.042],[9.5296,41.042],[9.5295,41.042],[9.5294,41.042],[9.5293,41.042],[9.5291,41.0421],[9.529,41.0422]]],[[[9.5821,41.0693],[9.582,41.0692],[9.5818,41.0692],[9.5817,41.0692],[9.5815,41.0691],[9.5813,41.0691],[9.581,41.069],[9.5809,41.0689],[9.5807,41.0688],[9.5806,41.0687],[9.5805,41.0686],[9.5805,41.0685],[9.5805,41.0685],[9.5804,41.0685],[9.5803,41.0685],[9.5803,41.0684],[9.5803,41.0684],[9.5802,41.0683],[9.5801,41.0683],[9.5801,41.0682],[9.58,41.068],[9.5801,41.068],[9.5801,41.068],[9.5801,41.0679],[9.5801,41.0679],[9.58,41.0678],[9.58,41.0677],[9.5802,41.0677],[9.5802,41.0677],[9.5801,41.0676],[9.5801,41.0675],[9.5801,41.0674],[9.5802,41.0674],[9.5804,41.0674],[9.5805,41.0674],[9.5805,41.0673],[9.5806,41.0673],[9.5806,41.0673],[9.5807,41.0673],[9.5808,41.0673],[9.5811,41.0675],[9.5813,41.0676],[9.5813,41.0676],[9.5815,41.0676],[9.5815,41.0677],[9.5816,41.0677],[9.5817,41.0677],[9.5819,41.0678],[9.582,41.0678],[9.5821,41.0678],[9.5822,41.0678],[9.5823,41.0679],[9.5822,41.0679],[9.5821,41.068],[9.582,41.068],[9.582,41.068],[9.5821,41.0681],[9.5821,41.0681],[9.5822,41.0682],[9.5824,41.0682],[9.5824,41.0682],[9.5825,41.0682],[9.5826,41.0682],[9.5827,41.0682],[9.5829,41.0682],[9.583,41.0681],[9.583,41.068],[9.583,41.0679],[9.583,41.0678],[9.5829,41.0677],[9.5828,41.0677],[9.5828,41.0676],[9.5829,41.0676],[9.5829,41.0675],[9.583,41.0675],[9.5832,41.0674],[9.5834,41.0675],[9.5835,41.0676],[9.5836,41.0677],[9.5837,41.0677],[9.5839,41.0678],[9.5839,41.0677],[9.584,41.0677],[9.5842,41.0678],[9.5844,41.0679],[9.5845,41.0681],[9.5846,41.0681],[9.5847,41.0681],[9.5848,41.0681],[9.5849,41.0682],[9.5848,41.0682],[9.5845,41.0682],[9.5843,41.0683],[9.584,41.0683],[9.5838,41.0683],[9.5836,41.0683],[9.5835,41.0682],[9.5834,41.0682],[9.5832,41.0683],[9.583,41.0683],[9.5829,41.0685],[9.583,41.0685],[9.583,41.0687],[9.5829,41.0688],[9.5828,41.0689],[9.5827,41.069],[9.5826,41.0691],[9.5825,41.0691],[9.5825,41.0692],[9.5824,41.0692],[9.5822,41.0692],[9.5821,41.0693]]],[[[9.5759,41.0683],[9.5757,41.0684],[9.5755,41.0687],[9.5754,41.0691],[9.5753,41.0693],[9.5752,41.0696],[9.575,41.0697],[9.5748,41.0697],[9.5748,41.0696],[9.5746,41.0696],[9.5745,41.0695],[9.5747,41.0692],[9.5747,41.0691],[9.5745,41.0691],[9.5745,41.0689],[9.5743,41.0689],[9.5741,41.0687],[9.5741,41.0687],[9.5741,41.0685],[9.574,41.0684],[9.5738,41.0682],[9.5738,41.068],[9.574,41.0678],[9.5742,41.0677],[9.5745,41.0675],[9.5747,41.0672],[9.5749,41.067],[9.5748,41.0669],[9.5748,41.0667],[9.5748,41.0665],[9.5747,41.0663],[9.5745,41.0662],[9.5743,41.0662],[9.5743,41.0662],[9.5742,41.0661],[9.574,41.066],[9.5737,41.066],[9.5736,41.0659],[9.5736,41.0658],[9.5735,41.0658],[9.5735,41.0657],[9.5736,41.0657],[9.5738,41.0656],[9.5739,41.0656],[9.574,41.0656],[9.5743,41.0654],[9.5741,41.0653],[9.5739,41.0651],[9.5737,41.0651],[9.5734,41.0651],[9.5732,41.065],[9.573,41.065],[9.5728,41.0649],[9.5726,41.0648],[9.5723,41.0648],[9.5721,41.0647],[9.5718,41.0645],[9.5713,41.0646],[9.571,41.0646],[9.5709,41.0645],[9.5708,41.0646],[9.5705,41.0647],[9.5703,41.0647],[9.5702,41.0648],[9.5699,41.0648],[9.5696,41.0647],[9.5696,41.0646],[9.5696,41.0644],[9.5694,41.0643],[9.5692,41.0643],[9.5692,41.0641],[9.5692,41.064],[9.5695,41.0639],[9.5696,41.0638],[9.5699,41.0637],[9.57,41.0636],[9.5699,41.0634],[9.57,41.0632],[9.5702,41.0631],[9.5704,41.0629],[9.5705,41.0627],[9.5704,41.0625],[9.5704,41.0623],[9.5703,41.0621],[9.5703,41.062],[9.5705,41.0619],[9.5707,41.0618],[9.571,41.0619],[9.5713,41.0618],[9.5715,41.0618],[9.5719,41.0617],[9.5721,41.0616],[9.5724,41.0617],[9.5726,41.0617],[9.5727,41.0616],[9.5729,41.0615],[9.573,41.0616],[9.573,41.0614],[9.5731,41.0612],[9.5735,41.0612],[9.5738,41.0612],[9.5741,41.0611],[9.5744,41.0611],[9.5746,41.0611],[9.5749,41.061],[9.5752,41.061],[9.5754,41.061],[9.5757,41.061],[9.576,41.0611],[9.5761,41.0611],[9.5763,41.0612],[9.5764,41.0613],[9.5766,41.0614],[9.5767,41.0615],[9.5766,41.0615],[9.5766,41.0616],[9.5766,41.0617],[9.5765,41.0618],[9.5767,41.0619],[9.577,41.0618],[9.5773,41.062],[9.5776,41.0622],[9.5778,41.0622],[9.5779,41.0622],[9.5781,41.0623],[9.5783,41.0624],[9.5784,41.0624],[9.5788,41.0624],[9.5789,41.0623],[9.5792,41.0622],[9.5793,41.0622],[9.5794,41.0624],[9.5793,41.0625],[9.5795,41.0625],[9.5796,41.0625],[9.5798,41.0627],[9.5798,41.0628],[9.5798,41.063],[9.5796,41.0631],[9.5793,41.0631],[9.5792,41.0631],[9.5791,41.0633],[9.5791,41.0635],[9.5789,41.0636],[9.5787,41.0636],[9.5786,41.0636],[9.5786,41.0637],[9.5786,41.0638],[9.5784,41.0639],[9.5784,41.0641],[9.5783,41.0643],[9.5783,41.0644],[9.5786,41.0646],[9.5789,41.0648],[9.5791,41.0651],[9.579,41.0653],[9.579,41.0657],[9.5792,41.0658],[9.5793,41.0658],[9.5794,41.0659],[9.5793,41.0661],[9.5789,41.0662],[9.5787,41.0663],[9.5787,41.0664],[9.5788,41.0665],[9.579,41.0666],[9.5791,41.0668],[9.5791,41.0671],[9.579,41.0674],[9.5789,41.0676],[9.5787,41.0678],[9.5786,41.0679],[9.5785,41.0681],[9.5783,41.0682],[9.5778,41.0684],[9.5778,41.0683],[9.5778,41.0682],[9.5777,41.0683],[9.5777,41.0684],[9.5776,41.0686],[9.5772,41.0687],[9.577,41.0687],[9.5769,41.0686],[9.5768,41.0686],[9.5767,41.0685],[9.5766,41.0684],[9.5764,41.0684],[9.5762,41.0683],[9.576,41.0683],[9.5759,41.0683]]],[[[9.5863,41.0707],[9.5862,41.0708],[9.5861,41.0708],[9.586,41.0709],[9.5858,41.0711],[9.5857,41.0711],[9.5854,41.0712],[9.5853,41.0712],[9.5852,41.0712],[9.5851,41.0711],[9.585,41.0711],[9.5849,41.071],[9.5849,41.0709],[9.5851,41.0706],[9.5852,41.0706],[9.5852,41.0705],[9.5851,41.0705],[9.585,41.0705],[9.5849,41.0705],[9.5847,41.0704],[9.5847,41.0703],[9.5846,41.0703],[9.5845,41.0702],[9.5845,41.0703],[9.5844,41.0703],[9.5843,41.0703],[9.5842,41.0704],[9.5842,41.0703],[9.5841,41.0703],[9.5842,41.0702],[9.5842,41.0701],[9.5842,41.0699],[9.5843,41.0697],[9.5843,41.0696],[9.5844,41.0696],[9.5844,41.0695],[9.5844,41.0695],[9.5845,41.0694],[9.5846,41.0694],[9.5847,41.0694],[9.5848,41.0693],[9.585,41.0693],[9.5851,41.0692],[9.5851,41.0691],[9.5851,41.0691],[9.5852,41.069],[9.5853,41.0689],[9.5854,41.0689],[9.5855,41.069],[9.5856,41.0691],[9.5857,41.0692],[9.5857,41.0692],[9.5859,41.0692],[9.586,41.0692],[9.5862,41.0692],[9.5863,41.0693],[9.5864,41.0693],[9.5865,41.0694],[9.5867,41.0694],[9.5869,41.0693],[9.587,41.0692],[9.5872,41.0692],[9.5874,41.069],[9.5874,41.0689],[9.5875,41.0688],[9.5876,41.0688],[9.5877,41.0688],[9.5878,41.0687],[9.5879,41.0687],[9.588,41.0687],[9.5881,41.0686],[9.5882,41.0686],[9.5883,41.0686],[9.5884,41.0687],[9.5884,41.0688],[9.5884,41.0689],[9.5884,41.0689],[9.5886,41.069],[9.5886,41.069],[9.5886,41.0692],[9.5886,41.0693],[9.5885,41.0695],[9.5883,41.0695],[9.5882,41.0696],[9.5881,41.0696],[9.588,41.0696],[9.5879,41.0695],[9.5879,41.0695],[9.5879,41.0696],[9.5878,41.0697],[9.5878,41.0697],[9.5876,41.0698],[9.5875,41.0698],[9.5875,41.0699],[9.5875,41.07],[9.5876,41.07],[9.5876,41.0701],[9.5877,41.0701],[9.5878,41.0701],[9.5878,41.0703],[9.5877,41.0704],[9.5875,41.0704],[9.5877,41.0705],[9.5877,41.0706],[9.5878,41.0707],[9.5877,41.0708],[9.5876,41.0708],[9.5876,41.0707],[9.5875,41.0708],[9.5874,41.0708],[9.5874,41.0709],[9.5873,41.0709],[9.5871,41.0709],[9.5869,41.0709],[9.5868,41.0708],[9.5866,41.0708],[9.5865,41.0708],[9.5864,41.0707],[9.5863,41.0707]]],[[[9.5873,41.0743],[9.5875,41.0744],[9.5875,41.0745],[9.5876,41.0746],[9.5877,41.0746],[9.5877,41.0747],[9.5877,41.0748],[9.5876,41.0749],[9.5873,41.0751],[9.5872,41.0751],[9.587,41.075],[9.5869,41.0749],[9.5867,41.0749],[9.5866,41.0748],[9.5866,41.0747],[9.5867,41.0746],[9.5868,41.0745],[9.5869,41.0744],[9.587,41.0743],[9.5872,41.0743],[9.5873,41.0743]]],[[[9.6014,41.0789],[9.6017,41.079],[9.6018,41.079],[9.602,41.0791],[9.6021,41.0792],[9.602,41.0794],[9.6019,41.0794],[9.6016,41.0794],[9.6014,41.0794],[9.6013,41.0794],[9.6014,41.0793],[9.6013,41.0792],[9.6012,41.0792],[9.6012,41.0791],[9.6013,41.0791],[9.6011,41.079],[9.6012,41.0789],[9.6012,41.0788],[9.6014,41.0789]]],[[[9.6097,41.0822],[9.6096,41.0824],[9.6095,41.0825],[9.6093,41.0825],[9.6091,41.0825],[9.6089,41.0824],[9.609,41.0822],[9.6087,41.0824],[9.6085,41.0823],[9.6083,41.0823],[9.6083,41.082],[9.6077,41.0818],[9.6076,41.0817],[9.6075,41.0816],[9.6075,41.0815],[9.6073,41.0816],[9.6072,41.0816],[9.6071,41.082],[9.6068,41.0819],[9.6066,41.0818],[9.6067,41.0816],[9.6067,41.0815],[9.6066,41.0814],[9.6064,41.0813],[9.6062,41.0812],[9.6061,41.0812],[9.6059,41.0811],[9.6059,41.0809],[9.6059,41.0808],[9.6056,41.0806],[9.6056,41.0805],[9.6054,41.0804],[9.6054,41.0804],[9.6053,41.0801],[9.6051,41.0799],[9.6048,41.0797],[9.6046,41.0794],[9.6045,41.0793],[9.6043,41.0792],[9.6039,41.0793],[9.6037,41.0792],[9.6035,41.0791],[9.6033,41.0792],[9.6032,41.0793],[9.6029,41.079],[9.6027,41.0787],[9.6025,41.0784],[9.6023,41.0783],[9.6021,41.0781],[9.602,41.0779],[9.6021,41.0777],[9.6021,41.0775],[9.6021,41.0775],[9.6022,41.0774],[9.6023,41.0773],[9.6021,41.0769],[9.6018,41.0768],[9.6019,41.0767],[9.6019,41.0767],[9.6018,41.0766],[9.6017,41.0767],[9.6016,41.0766],[9.6014,41.0763],[9.6013,41.0763],[9.6013,41.0764],[9.6011,41.0766],[9.6008,41.0763],[9.6007,41.0762],[9.6006,41.076],[9.6006,41.076],[9.6003,41.0761],[9.6001,41.0764],[9.5999,41.0765],[9.5998,41.0766],[9.5999,41.0769],[9.5998,41.077],[9.5998,41.077],[9.5997,41.0771],[9.5996,41.0771],[9.5992,41.0772],[9.5991,41.0772],[9.599,41.0771],[9.5989,41.0771],[9.5987,41.077],[9.5985,41.077],[9.5981,41.0773],[9.598,41.0772],[9.5979,41.0771],[9.5978,41.077],[9.5978,41.077],[9.5977,41.077],[9.5974,41.0771],[9.5972,41.0769],[9.5971,41.0768],[9.5969,41.0767],[9.5968,41.0764],[9.5968,41.0762],[9.5968,41.076],[9.5969,41.0757],[9.5971,41.0755],[9.5971,41.0755],[9.5973,41.0754],[9.5973,41.0752],[9.5973,41.075],[9.5976,41.0747],[9.5978,41.0748],[9.598,41.0748],[9.5982,41.0749],[9.5982,41.0749],[9.5984,41.0749],[9.5985,41.0748],[9.5987,41.0747],[9.5989,41.0747],[9.5991,41.0747],[9.5991,41.0748],[9.5992,41.0748],[9.5993,41.0748],[9.5992,41.0746],[9.5993,41.0745],[9.5999,41.0745],[9.6003,41.0744],[9.6005,41.0744],[9.6006,41.0744],[9.6007,41.0744],[9.6008,41.0744],[9.6009,41.0744],[9.6011,41.0743],[9.6015,41.0743],[9.6016,41.0743],[9.6017,41.0742],[9.6019,41.0741],[9.6019,41.074],[9.6022,41.0738],[9.6021,41.0736],[9.6018,41.0732],[9.6016,41.073],[9.6015,41.0728],[9.6015,41.0727],[9.6012,41.0724],[9.601,41.0722],[9.6011,41.0719],[9.6011,41.0718],[9.6013,41.0718],[9.6012,41.0716],[9.6015,41.0716],[9.6016,41.0718],[9.6017,41.0718],[9.6018,41.0719],[9.6019,41.0719],[9.6019,41.0717],[9.6019,41.0715],[9.602,41.0716],[9.6022,41.0716],[9.6023,41.0714],[9.6023,41.0713],[9.6025,41.0713],[9.6027,41.0712],[9.6028,41.0713],[9.6028,41.0714],[9.6028,41.0715],[9.603,41.0715],[9.6032,41.0715],[9.6032,41.0717],[9.6032,41.0719],[9.6032,41.072],[9.6034,41.072],[9.6037,41.0721],[9.6039,41.0724],[9.604,41.0725],[9.6041,41.0726],[9.6042,41.0727],[9.6044,41.0728],[9.6046,41.0728],[9.6046,41.0726],[9.6046,41.0724],[9.6046,41.0723],[9.6047,41.0722],[9.6048,41.0722],[9.6048,41.0722],[9.6049,41.0722],[9.605,41.0722],[9.6052,41.0723],[9.6053,41.0722],[9.6053,41.0721],[9.6051,41.0721],[9.605,41.0719],[9.6051,41.0717],[9.6053,41.0717],[9.6055,41.072],[9.6056,41.072],[9.6056,41.0719],[9.6056,41.0718],[9.6057,41.0717],[9.6058,41.0718],[9.6059,41.072],[9.606,41.0719],[9.6062,41.0718],[9.6062,41.0716],[9.606,41.0713],[9.6059,41.0711],[9.6061,41.071],[9.6062,41.0711],[9.6063,41.0711],[9.6064,41.0712],[9.6065,41.0713],[9.6066,41.0713],[9.6067,41.0715],[9.6066,41.0717],[9.6067,41.0718],[9.6068,41.0717],[9.6069,41.0716],[9.6069,41.0715],[9.607,41.0715],[9.6071,41.0714],[9.6073,41.0714],[9.6072,41.0716],[9.6072,41.0716],[9.6071,41.0717],[9.6071,41.0718],[9.6074,41.0718],[9.6074,41.072],[9.6074,41.072],[9.6076,41.072],[9.6076,41.0722],[9.6073,41.0723],[9.6069,41.0724],[9.6066,41.0726],[9.6067,41.0726],[9.6072,41.0725],[9.6075,41.0725],[9.6075,41.0727],[9.6074,41.0729],[9.6075,41.0729],[9.6076,41.0729],[9.6077,41.0728],[9.6078,41.0727],[9.6078,41.0727],[9.6079,41.0728],[9.608,41.0727],[9.6082,41.0727],[9.6084,41.0728],[9.6084,41.0729],[9.6081,41.073],[9.6083,41.073],[9.6083,41.0731],[9.6085,41.0731],[9.6086,41.0732],[9.6086,41.0733],[9.6089,41.0734],[9.609,41.0733],[9.6091,41.0733],[9.6092,41.0734],[9.609,41.0735],[9.6091,41.0736],[9.609,41.0737],[9.6086,41.0738],[9.6086,41.0739],[9.6087,41.0739],[9.6087,41.074],[9.6086,41.074],[9.6085,41.0741],[9.6085,41.0743],[9.6083,41.0744],[9.6081,41.0744],[9.608,41.0743],[9.608,41.0741],[9.6076,41.0742],[9.6076,41.0741],[9.6074,41.0741],[9.6071,41.074],[9.607,41.074],[9.6069,41.0738],[9.6068,41.0737],[9.6067,41.0737],[9.6065,41.0736],[9.6063,41.0734],[9.6062,41.0732],[9.6061,41.0731],[9.6059,41.0732],[9.606,41.0733],[9.606,41.0735],[9.6059,41.0735],[9.6058,41.0735],[9.606,41.0736],[9.6061,41.0738],[9.6061,41.074],[9.6061,41.0742],[9.6057,41.0745],[9.6056,41.0746],[9.6055,41.0746],[9.6055,41.0746],[9.6051,41.0745],[9.6049,41.0743],[9.6048,41.0744],[9.6047,41.0744],[9.6045,41.0746],[9.6043,41.0746],[9.6042,41.0746],[9.6041,41.0746],[9.604,41.0746],[9.6039,41.0746],[9.6038,41.0746],[9.6037,41.0746],[9.6036,41.0747],[9.6036,41.0748],[9.6037,41.0749],[9.604,41.075],[9.604,41.075],[9.604,41.0753],[9.6044,41.0753],[9.6046,41.0753],[9.6048,41.0753],[9.6051,41.0753],[9.6051,41.0755],[9.6049,41.0756],[9.6048,41.0756],[9.6049,41.0757],[9.605,41.0757],[9.605,41.0757],[9.6052,41.0757],[9.6053,41.0758],[9.6053,41.0758],[9.6054,41.0759],[9.6052,41.076],[9.6051,41.0761],[9.6051,41.0762],[9.6051,41.0762],[9.6053,41.0762],[9.6054,41.0763],[9.6054,41.0764],[9.6056,41.0764],[9.6057,41.0764],[9.6057,41.0767],[9.6057,41.0768],[9.6059,41.0768],[9.606,41.0767],[9.6062,41.0767],[9.6064,41.0767],[9.6067,41.0768],[9.6067,41.0768],[9.6069,41.0771],[9.607,41.0772],[9.607,41.0773],[9.6071,41.0773],[9.6071,41.0773],[9.6073,41.0771],[9.6076,41.0772],[9.6077,41.0772],[9.6076,41.0774],[9.6079,41.0775],[9.6081,41.0775],[9.6081,41.0775],[9.6082,41.0775],[9.6084,41.0775],[9.6084,41.0779],[9.6085,41.0779],[9.6087,41.0781],[9.6089,41.0781],[9.609,41.0781],[9.609,41.0783],[9.6094,41.0782],[9.6095,41.0785],[9.6095,41.0788],[9.6096,41.0789],[9.6097,41.0789],[9.6098,41.079],[9.6098,41.0793],[9.6099,41.0794],[9.61,41.0797],[9.6099,41.0799],[9.6098,41.0799],[9.6097,41.0799],[9.6097,41.0802],[9.6095,41.0802],[9.6093,41.08],[9.6094,41.0799],[9.6092,41.0799],[9.6091,41.0799],[9.6092,41.08],[9.6093,41.0802],[9.6094,41.0804],[9.6093,41.0805],[9.6094,41.0806],[9.6098,41.0808],[9.61,41.0812],[9.6101,41.0815],[9.6099,41.0818],[9.6099,41.082],[9.6097,41.0822]]],[[[9.5795,41.092],[9.5796,41.0922],[9.5793,41.0925],[9.5791,41.0925],[9.579,41.0925],[9.5789,41.0926],[9.5787,41.0926],[9.5785,41.0926],[9.5786,41.0924],[9.5786,41.0922],[9.5788,41.0921],[9.579,41.0921],[9.579,41.092],[9.5792,41.0919],[9.5795,41.092]]],[[[9.5811,41.0935],[9.5812,41.0937],[9.5812,41.0939],[9.5815,41.0939],[9.5813,41.0941],[9.5812,41.0942],[9.5811,41.0943],[9.5807,41.0945],[9.5804,41.0946],[9.5803,41.0945],[9.5802,41.0943],[9.5802,41.0942],[9.5802,41.0942],[9.5804,41.0941],[9.5803,41.0941],[9.5803,41.0939],[9.5802,41.0938],[9.5804,41.0937],[9.5806,41.0936],[9.5808,41.0935],[9.5811,41.0935]]],[[[9.5698,41.1176],[9.5697,41.1178],[9.5697,41.1178],[9.5695,41.1179],[9.5693,41.1179],[9.5693,41.1179],[9.5693,41.1177],[9.5693,41.1176],[9.5692,41.1176],[9.5691,41.1176],[9.569,41.1176],[9.569,41.1177],[9.5689,41.1178],[9.5688,41.1178],[9.5687,41.1178],[9.5686,41.1177],[9.5686,41.1177],[9.5686,41.1176],[9.5686,41.1176],[9.5685,41.1176],[9.5684,41.1176],[9.5683,41.1176],[9.5682,41.1174],[9.5682,41.1173],[9.5681,41.1172],[9.5681,41.1172],[9.5682,41.1172],[9.5681,41.1171],[9.568,41.117],[9.5681,41.117],[9.5681,41.1169],[9.5681,41.1168],[9.5681,41.1168],[9.5681,41.1167],[9.5681,41.1167],[9.5682,41.1166],[9.5683,41.1165],[9.5682,41.1164],[9.5682,41.1164],[9.5682,41.1163],[9.5683,41.1162],[9.5684,41.1161],[9.5685,41.1159],[9.5687,41.1158],[9.5688,41.1157],[9.5689,41.1158],[9.5689,41.1161],[9.569,41.1161],[9.569,41.116],[9.569,41.1159],[9.5691,41.1157],[9.5692,41.1156],[9.5694,41.1156],[9.5697,41.1156],[9.5699,41.1157],[9.5699,41.1158],[9.5698,41.1159],[9.5697,41.116],[9.5698,41.1161],[9.5698,41.1162],[9.5697,41.1163],[9.5695,41.1163],[9.5695,41.1163],[9.5696,41.1164],[9.5696,41.1165],[9.5694,41.1166],[9.5694,41.1167],[9.5695,41.1167],[9.5696,41.1168],[9.5697,41.1168],[9.5698,41.1169],[9.5698,41.1169],[9.5699,41.1169],[9.57,41.1169],[9.57,41.117],[9.5699,41.1171],[9.5698,41.1171],[9.5698,41.1172],[9.5698,41.1173],[9.5698,41.1173],[9.5699,41.1173],[9.5699,41.1174],[9.5699,41.1175],[9.5698,41.1175],[9.5698,41.1176]]],[[[9.5711,41.1182],[9.5711,41.1183],[9.5712,41.1184],[9.5712,41.1185],[9.5712,41.1187],[9.5711,41.1187],[9.571,41.1189],[9.5709,41.119],[9.5708,41.119],[9.5708,41.1191],[9.5704,41.1191],[9.5703,41.119],[9.5703,41.1189],[9.5705,41.1188],[9.5705,41.1187],[9.5704,41.1187],[9.5703,41.1187],[9.5703,41.1186],[9.5704,41.1185],[9.5705,41.1185],[9.5704,41.1184],[9.5704,41.1184],[9.5704,41.1183],[9.5704,41.1183],[9.5704,41.1182],[9.5703,41.1182],[9.5702,41.1182],[9.5702,41.1183],[9.5701,41.1185],[9.57,41.1185],[9.5699,41.1185],[9.5698,41.1185],[9.5698,41.1184],[9.5698,41.1183],[9.5697,41.1183],[9.5697,41.1183],[9.5697,41.1182],[9.5698,41.1181],[9.5697,41.1181],[9.5697,41.118],[9.5697,41.1179],[9.5698,41.1178],[9.5698,41.1177],[9.5698,41.1176],[9.5699,41.1175],[9.57,41.1175],[9.57,41.1175],[9.57,41.1176],[9.5701,41.1176],[9.5701,41.1175],[9.5703,41.1175],[9.5703,41.1174],[9.5705,41.1173],[9.5706,41.1173],[9.5706,41.1174],[9.5707,41.1175],[9.5707,41.1176],[9.5707,41.1176],[9.5708,41.1176],[9.571,41.1177],[9.571,41.1178],[9.571,41.118],[9.5709,41.118],[9.5708,41.1181],[9.5708,41.1181],[9.5709,41.1182],[9.571,41.1181],[9.5711,41.1182]]],[[[8.3186,41.1207],[8.2738,41.1025],[8.2851,41.0746],[8.2203,41.0409],[8.2174,41.0254],[8.2314,41.0239],[8.2103,40.9878],[8.2564,40.9843],[8.2647,41.0029],[8.2489,41.027],[8.2346,41.0244],[8.2811,41.0664],[8.3324,41.05],[8.3339,41.0799],[8.3504,41.0884],[8.3186,41.1207]]],[[[9.5655,41.1231],[9.5653,41.1232],[9.5653,41.1232],[9.5652,41.1233],[9.5651,41.1234],[9.565,41.1234],[9.5649,41.1235],[9.5648,41.1235],[9.5647,41.1236],[9.5646,41.1235],[9.5645,41.1235],[9.5643,41.1235],[9.5642,41.1234],[9.5642,41.1233],[9.5642,41.1232],[9.5643,41.1231],[9.5642,41.123],[9.5641,41.1231],[9.5639,41.1232],[9.5639,41.1231],[9.5639,41.123],[9.5641,41.1229],[9.5643,41.1228],[9.5643,41.1227],[9.5645,41.1226],[9.5645,41.1225],[9.5645,41.1224],[9.5646,41.1224],[9.5647,41.1224],[9.5648,41.1225],[9.5648,41.1226],[9.5647,41.1227],[9.5647,41.1228],[9.5648,41.1228],[9.5648,41.1227],[9.5649,41.1226],[9.565,41.1226],[9.5651,41.1226],[9.5652,41.1225],[9.5651,41.1225],[9.5652,41.1224],[9.5653,41.1224],[9.5653,41.1224],[9.5655,41.1223],[9.5656,41.1223],[9.5656,41.1223],[9.5656,41.1224],[9.5655,41.1225],[9.5656,41.1225],[9.5657,41.1225],[9.5658,41.1226],[9.5657,41.1227],[9.5658,41.1228],[9.5658,41.1227],[9.5659,41.1226],[9.566,41.1226],[9.5661,41.1226],[9.5661,41.1226],[9.5662,41.1227],[9.5663,41.1227],[9.5664,41.1227],[9.5664,41.1227],[9.5664,41.1226],[9.5664,41.1226],[9.5665,41.1225],[9.5665,41.1226],[9.5666,41.1226],[9.5667,41.1228],[9.5668,41.1227],[9.5669,41.1227],[9.5669,41.1229],[9.5669,41.123],[9.5668,41.123],[9.5667,41.123],[9.5665,41.123],[9.5664,41.1229],[9.5664,41.1229],[9.5663,41.123],[9.5662,41.1231],[9.5661,41.123],[9.5661,41.123],[9.5661,41.123],[9.5661,41.123],[9.5662,41.1231],[9.5662,41.1232],[9.5662,41.1233],[9.5662,41.1233],[9.5663,41.1233],[9.5662,41.1234],[9.5661,41.1234],[9.5661,41.1234],[9.566,41.1234],[9.566,41.1234],[9.5659,41.1234],[9.5659,41.1233],[9.5658,41.1233],[9.5658,41.1232],[9.5657,41.1231],[9.5657,41.1231],[9.5656,41.1231],[9.5655,41.1231],[9.5655,41.1231]]],[[[9.5709,41.1281],[9.5708,41.1281],[9.5708,41.1281],[9.5707,41.1281],[9.5703,41.1281],[9.5702,41.1281],[9.5701,41.1281],[9.5701,41.1281],[9.57,41.1281],[9.57,41.128],[9.5698,41.1279],[9.5698,41.1278],[9.5697,41.1277],[9.5696,41.1276],[9.5696,41.1276],[9.5695,41.1276],[9.5695,41.1275],[9.5694,41.1274],[9.5694,41.1272],[9.5694,41.1272],[9.5693,41.1271],[9.5692,41.1269],[9.5691,41.1269],[9.5691,41.1268],[9.5691,41.1268],[9.5692,41.1267],[9.5692,41.1267],[9.5691,41.1266],[9.5691,41.1265],[9.5691,41.1265],[9.5692,41.1265],[9.5693,41.1265],[9.5693,41.1265],[9.5693,41.1264],[9.5692,41.1264],[9.5692,41.1263],[9.5693,41.1263],[9.5694,41.1264],[9.5695,41.1264],[9.5695,41.1265],[9.5696,41.1265],[9.5696,41.1264],[9.5696,41.1263],[9.5695,41.1263],[9.5696,41.1262],[9.5697,41.1262],[9.5698,41.1263],[9.5698,41.1263],[9.5698,41.1263],[9.57,41.1262],[9.57,41.1262],[9.5701,41.1261],[9.5702,41.1261],[9.5702,41.1262],[9.5702,41.1263],[9.5704,41.1263],[9.5704,41.1262],[9.5705,41.1262],[9.5706,41.1263],[9.5706,41.1264],[9.5707,41.1263],[9.5708,41.1264],[9.5708,41.1262],[9.5707,41.1261],[9.5707,41.1261],[9.5707,41.126],[9.5709,41.126],[9.5709,41.126],[9.571,41.126],[9.5711,41.1261],[9.5712,41.1262],[9.5713,41.1262],[9.5713,41.1263],[9.5714,41.1265],[9.5715,41.1265],[9.5717,41.1266],[9.5718,41.1268],[9.5718,41.1268],[9.5718,41.127],[9.5717,41.1272],[9.5716,41.1272],[9.5716,41.1273],[9.5716,41.1274],[9.5714,41.1275],[9.5715,41.1275],[9.5715,41.1276],[9.5715,41.1277],[9.5716,41.1278],[9.5717,41.128],[9.5715,41.1281],[9.5714,41.1281],[9.5713,41.1281],[9.5713,41.128],[9.5712,41.128],[9.5712,41.1281],[9.5711,41.1281],[9.571,41.1281],[9.5709,41.1281]]],[[[9.5685,41.1283],[9.5685,41.1285],[9.5685,41.1285],[9.5686,41.1286],[9.5686,41.1287],[9.5684,41.1287],[9.5684,41.1286],[9.5683,41.1285],[9.5682,41.1285],[9.568,41.1285],[9.5681,41.1283],[9.568,41.1283],[9.5679,41.1283],[9.5678,41.1283],[9.5679,41.1281],[9.5678,41.128],[9.5679,41.1278],[9.5679,41.1276],[9.5678,41.1276],[9.5676,41.1277],[9.5675,41.1277],[9.5675,41.1278],[9.5675,41.1279],[9.5674,41.1279],[9.5673,41.128],[9.5672,41.1281],[9.567,41.128],[9.567,41.1279],[9.567,41.1278],[9.5668,41.1278],[9.5667,41.1279],[9.5666,41.1279],[9.5664,41.128],[9.5664,41.1281],[9.5662,41.1281],[9.5661,41.128],[9.566,41.1279],[9.566,41.1277],[9.5658,41.1275],[9.5657,41.1274],[9.5656,41.1274],[9.5655,41.1272],[9.5655,41.1271],[9.5655,41.1269],[9.5654,41.1268],[9.5652,41.1268],[9.565,41.1269],[9.5649,41.127],[9.5647,41.1271],[9.5646,41.127],[9.5646,41.1269],[9.5646,41.1268],[9.5648,41.1267],[9.5648,41.1267],[9.5647,41.1266],[9.5646,41.1265],[9.5645,41.1263],[9.5646,41.1263],[9.5647,41.1262],[9.5648,41.1261],[9.5646,41.1261],[9.5645,41.1261],[9.5644,41.126],[9.5643,41.1261],[9.5642,41.1259],[9.5643,41.1259],[9.5644,41.1258],[9.5645,41.1257],[9.5645,41.1256],[9.5645,41.1255],[9.5644,41.1253],[9.5642,41.1252],[9.564,41.1254],[9.5639,41.1256],[9.5638,41.1256],[9.5636,41.1256],[9.5635,41.1255],[9.5635,41.1253],[9.5635,41.1251],[9.5636,41.125],[9.5638,41.1247],[9.5639,41.1245],[9.5642,41.1244],[9.5645,41.1244],[9.5647,41.1244],[9.5648,41.1243],[9.5649,41.1242],[9.565,41.1243],[9.5651,41.1244],[9.5653,41.1244],[9.5653,41.1245],[9.5654,41.1246],[9.5658,41.1246],[9.5659,41.1248],[9.566,41.1248],[9.566,41.1246],[9.5662,41.1247],[9.5663,41.1248],[9.5664,41.1248],[9.5666,41.1248],[9.5666,41.1249],[9.5666,41.1251],[9.5668,41.1251],[9.5669,41.1252],[9.5667,41.1253],[9.5665,41.1254],[9.5666,41.1255],[9.5668,41.1256],[9.5669,41.1258],[9.5668,41.1258],[9.5667,41.1258],[9.5666,41.1258],[9.5666,41.1259],[9.5664,41.1259],[9.5664,41.126],[9.5665,41.1261],[9.5666,41.1261],[9.5668,41.1261],[9.5667,41.1262],[9.5666,41.1263],[9.5668,41.1264],[9.5669,41.1264],[9.567,41.1265],[9.5669,41.1266],[9.5667,41.1266],[9.5668,41.1267],[9.5669,41.1268],[9.567,41.1267],[9.5671,41.1265],[9.5672,41.1265],[9.5674,41.1267],[9.5675,41.1269],[9.5676,41.127],[9.5677,41.1271],[9.5677,41.1271],[9.5679,41.127],[9.5679,41.1269],[9.568,41.1267],[9.5681,41.1266],[9.5682,41.1267],[9.5681,41.1269],[9.5681,41.127],[9.5682,41.1269],[9.5682,41.1268],[9.5683,41.1267],[9.5684,41.1267],[9.5684,41.1268],[9.5684,41.1269],[9.5683,41.127],[9.5684,41.1271],[9.5685,41.127],[9.5686,41.127],[9.5686,41.127],[9.5687,41.1269],[9.5689,41.127],[9.5689,41.1269],[9.569,41.1269],[9.5691,41.1269],[9.5692,41.127],[9.5692,41.1271],[9.5693,41.1272],[9.5693,41.1273],[9.5693,41.1274],[9.5694,41.1275],[9.5694,41.1276],[9.5694,41.1277],[9.5693,41.1278],[9.5692,41.1278],[9.5691,41.1279],[9.5692,41.1279],[9.5692,41.128],[9.5691,41.1281],[9.569,41.1281],[9.569,41.128],[9.569,41.1281],[9.5689,41.128],[9.5689,41.128],[9.5688,41.1279],[9.5687,41.1279],[9.5686,41.128],[9.5687,41.128],[9.5687,41.1281],[9.5686,41.1282],[9.5685,41.1283]]],[[[9.5677,41.1323],[9.5676,41.1324],[9.5675,41.1325],[9.5675,41.1325],[9.5674,41.1325],[9.5673,41.1324],[9.5673,41.1324],[9.5673,41.1323],[9.5673,41.1323],[9.5671,41.1323],[9.567,41.1322],[9.5669,41.1322],[9.5669,41.1323],[9.5668,41.1323],[9.5667,41.1323],[9.5666,41.1322],[9.5666,41.1321],[9.5666,41.132],[9.5666,41.1319],[9.5665,41.1318],[9.5664,41.1318],[9.5664,41.1319],[9.5665,41.1321],[9.5665,41.1321],[9.5665,41.1322],[9.5665,41.1322],[9.5663,41.1322],[9.5663,41.1321],[9.5663,41.132],[9.5663,41.1319],[9.5663,41.1318],[9.5662,41.1317],[9.5661,41.1315],[9.5661,41.1313],[9.5661,41.1312],[9.5662,41.131],[9.5663,41.1309],[9.5664,41.1308],[9.5664,41.1307],[9.5663,41.1307],[9.5663,41.1306],[9.5663,41.1306],[9.5663,41.1305],[9.5664,41.1304],[9.5664,41.1303],[9.5665,41.1302],[9.5667,41.1302],[9.5667,41.1302],[9.5668,41.1302],[9.5668,41.1301],[9.5669,41.1301],[9.567,41.13],[9.5671,41.13],[9.5672,41.13],[9.5672,41.1302],[9.5672,41.1303],[9.5673,41.1303],[9.5675,41.1303],[9.5675,41.1304],[9.5676,41.1306],[9.5676,41.1307],[9.5677,41.1308],[9.5678,41.1308],[9.5678,41.1308],[9.5679,41.1309],[9.568,41.1311],[9.5679,41.1312],[9.5678,41.1312],[9.5679,41.1313],[9.568,41.1314],[9.5679,41.1316],[9.5678,41.1317],[9.5677,41.1319],[9.5677,41.132],[9.5678,41.132],[9.5677,41.1321],[9.5678,41.1322],[9.5677,41.1323]]],[[[9.5013,41.154],[9.5011,41.154],[9.5011,41.1539],[9.5009,41.1539],[9.5008,41.1538],[9.5008,41.1537],[9.5007,41.1537],[9.5007,41.1537],[9.5006,41.1537],[9.5005,41.1537],[9.5004,41.1537],[9.5003,41.1537],[9.5001,41.1536],[9.5001,41.1536],[9.5,41.1535],[9.5001,41.1535],[9.5,41.1534],[9.5001,41.1532],[9.5005,41.153],[9.5005,41.153],[9.5006,41.1529],[9.5008,41.1529],[9.501,41.1528],[9.5013,41.1527],[9.5014,41.1527],[9.5014,41.1526],[9.5016,41.1526],[9.5017,41.1526],[9.5016,41.1527],[9.5017,41.1527],[9.5018,41.1526],[9.502,41.1526],[9.5022,41.1526],[9.5025,41.1526],[9.5025,41.1527],[9.5027,41.1527],[9.5028,41.1526],[9.503,41.1527],[9.503,41.1527],[9.5031,41.1528],[9.5033,41.1527],[9.5035,41.1528],[9.5036,41.1528],[9.5037,41.153],[9.5036,41.1531],[9.5036,41.1532],[9.5036,41.1533],[9.5036,41.1533],[9.5037,41.1533],[9.5038,41.1533],[9.5039,41.1534],[9.5039,41.1534],[9.5038,41.1535],[9.5039,41.1536],[9.5039,41.1537],[9.5037,41.1538],[9.5036,41.1539],[9.5035,41.1538],[9.5034,41.1538],[9.5033,41.1537],[9.5031,41.1538],[9.503,41.1537],[9.5029,41.1538],[9.5028,41.1537],[9.5027,41.1538],[9.5026,41.1539],[9.5025,41.1539],[9.5025,41.1538],[9.5024,41.1539],[9.5023,41.1539],[9.5022,41.1538],[9.5021,41.1538],[9.502,41.1538],[9.5019,41.1538],[9.5018,41.1539],[9.5018,41.154],[9.5017,41.154],[9.5016,41.154],[9.5015,41.154],[9.5013,41.154]]],[[[9.1193,41.1582],[9.1193,41.1581],[9.1192,41.158],[9.1191,41.1579],[9.1191,41.1575],[9.1196,41.1577],[9.1197,41.1579],[9.1199,41.1582],[9.1199,41.1583],[9.12,41.1585],[9.1196,41.1585],[9.1194,41.1584],[9.1193,41.1582]]],[[[9.1193,41.1582],[9.1192,41.1583],[9.1192,41.1583],[9.1192,41.1584],[9.1192,41.1585],[9.119,41.1584],[9.119,41.1584],[9.1189,41.1584],[9.1188,41.1584],[9.1188,41.1582],[9.1188,41.1581],[9.1193,41.1582]]],[[[9.5183,41.1643],[9.5182,41.1643],[9.5181,41.1643],[9.518,41.1643],[9.5177,41.1643],[9.5177,41.1643],[9.5176,41.1642],[9.5176,41.1641],[9.5178,41.164],[9.5179,41.164],[9.5181,41.1639],[9.5181,41.1639],[9.5182,41.1638],[9.5184,41.1637],[9.5184,41.1638],[9.5185,41.1637],[9.5187,41.1637],[9.5187,41.1636],[9.519,41.1635],[9.5193,41.1636],[9.5191,41.1638],[9.519,41.164],[9.5188,41.1641],[9.5188,41.1641],[9.5187,41.1641],[9.5185,41.1642],[9.5184,41.1642],[9.5183,41.1643]]],[[[9.5186,41.167],[9.5185,41.1671],[9.5183,41.1671],[9.5183,41.167],[9.5182,41.167],[9.5181,41.1671],[9.518,41.1671],[9.5179,41.167],[9.5178,41.167],[9.5176,41.167],[9.5176,41.167],[9.5175,41.1668],[9.5173,41.1667],[9.5171,41.1667],[9.5169,41.1667],[9.5167,41.1667],[9.5167,41.1666],[9.5167,41.1664],[9.5167,41.1664],[9.5166,41.1663],[9.5166,41.1663],[9.5167,41.1661],[9.5168,41.166],[9.5169,41.1659],[9.517,41.166],[9.5171,41.1659],[9.5172,41.1658],[9.5174,41.1657],[9.5175,41.1656],[9.5177,41.1655],[9.518,41.1654],[9.5181,41.1653],[9.5184,41.1651],[9.5187,41.1649],[9.519,41.1647],[9.5193,41.1645],[9.5194,41.1643],[9.5194,41.1643],[9.5196,41.1642],[9.5199,41.1641],[9.5199,41.1639],[9.52,41.1638],[9.5202,41.1636],[9.5203,41.1635],[9.5204,41.1634],[9.5204,41.1633],[9.5203,41.1633],[9.5203,41.1632],[9.5202,41.1633],[9.5201,41.1633],[9.52,41.1632],[9.5199,41.1631],[9.5205,41.1627],[9.5208,41.1625],[9.5211,41.1624],[9.5214,41.1625],[9.5216,41.1626],[9.5218,41.1628],[9.522,41.1629],[9.5222,41.1628],[9.5225,41.1626],[9.5227,41.1625],[9.5228,41.1624],[9.5226,41.1622],[9.5224,41.1622],[9.5222,41.1621],[9.5222,41.162],[9.5224,41.1619],[9.5226,41.1619],[9.5228,41.1619],[9.523,41.1619],[9.5232,41.1619],[9.5235,41.1619],[9.5237,41.162],[9.5241,41.162],[9.5244,41.1619],[9.5246,41.1619],[9.5247,41.162],[9.5246,41.1621],[9.5247,41.1622],[9.5249,41.1623],[9.5252,41.1623],[9.5254,41.1622],[9.5258,41.162],[9.5261,41.162],[9.5261,41.1621],[9.5262,41.1623],[9.5263,41.1624],[9.5263,41.1625],[9.5265,41.1625],[9.5266,41.1625],[9.5269,41.1625],[9.5269,41.1624],[9.527,41.1624],[9.5272,41.1624],[9.5275,41.1625],[9.5276,41.1625],[9.5275,41.1627],[9.5274,41.1629],[9.5271,41.1629],[9.5269,41.1629],[9.5268,41.163],[9.5267,41.1633],[9.5268,41.1634],[9.527,41.1634],[9.5273,41.1633],[9.5276,41.1633],[9.5278,41.1634],[9.528,41.1635],[9.5279,41.1636],[9.5278,41.1636],[9.5277,41.1636],[9.5276,41.1636],[9.5275,41.1636],[9.5273,41.1636],[9.5275,41.1637],[9.5276,41.1639],[9.5275,41.164],[9.5273,41.1641],[9.5274,41.1642],[9.5274,41.1643],[9.5274,41.1644],[9.5273,41.1645],[9.5271,41.1645],[9.5267,41.1647],[9.5265,41.1648],[9.5263,41.165],[9.5264,41.1651],[9.5263,41.1652],[9.5261,41.1652],[9.526,41.1653],[9.5258,41.1655],[9.5257,41.1656],[9.5257,41.1658],[9.5256,41.1659],[9.5255,41.1661],[9.5254,41.1662],[9.5252,41.1662],[9.525,41.1663],[9.5248,41.1664],[9.5244,41.1665],[9.5242,41.1665],[9.524,41.1665],[9.5237,41.1665],[9.5237,41.1663],[9.5237,41.1662],[9.5239,41.1661],[9.5239,41.166],[9.5239,41.166],[9.5239,41.1658],[9.5238,41.1657],[9.5236,41.1657],[9.5235,41.1657],[9.5233,41.1658],[9.5233,41.1658],[9.5231,41.1658],[9.523,41.1658],[9.5229,41.1659],[9.5228,41.166],[9.5227,41.166],[9.5225,41.166],[9.5223,41.1661],[9.5221,41.166],[9.5221,41.1659],[9.522,41.1659],[9.522,41.1661],[9.5219,41.1661],[9.5218,41.1662],[9.5215,41.1663],[9.5214,41.1663],[9.5213,41.1662],[9.5212,41.1661],[9.521,41.1662],[9.5209,41.1663],[9.5207,41.1663],[9.5205,41.1663],[9.5202,41.1664],[9.5201,41.1665],[9.52,41.1664],[9.5199,41.1665],[9.5198,41.1665],[9.5198,41.1666],[9.5197,41.1667],[9.5197,41.1667],[9.5196,41.1667],[9.5195,41.1667],[9.5194,41.1668],[9.5192,41.1668],[9.5193,41.1669],[9.5192,41.1669],[9.5191,41.1669],[9.519,41.1669],[9.5188,41.167],[9.5187,41.167],[9.5186,41.1669],[9.5186,41.167]]],[[[9.4596,41.1739],[9.4596,41.174],[9.4595,41.1741],[9.4596,41.1743],[9.4595,41.1745],[9.4594,41.1746],[9.4593,41.1747],[9.459,41.1747],[9.4589,41.1745],[9.459,41.1743],[9.4592,41.1743],[9.4592,41.1742],[9.459,41.1741],[9.459,41.174],[9.4591,41.1739],[9.4594,41.1739],[9.4596,41.1739]]],[[[9.4618,41.1753],[9.4616,41.1756],[9.4614,41.1759],[9.4613,41.176],[9.4611,41.1761],[9.4609,41.176],[9.4607,41.1759],[9.4604,41.1758],[9.4602,41.1757],[9.4601,41.1757],[9.4601,41.1756],[9.4599,41.1755],[9.4599,41.1754],[9.46,41.1753],[9.4601,41.1753],[9.4604,41.1752],[9.4604,41.1751],[9.4601,41.1751],[9.4601,41.1751],[9.4598,41.175],[9.4596,41.1748],[9.4597,41.1747],[9.4598,41.1746],[9.4598,41.1745],[9.46,41.1743],[9.4598,41.1742],[9.4599,41.174],[9.46,41.174],[9.46,41.1737],[9.4598,41.1736],[9.4595,41.1735],[9.4593,41.1734],[9.4591,41.1733],[9.459,41.173],[9.459,41.1728],[9.4591,41.1728],[9.4594,41.1728],[9.4595,41.1729],[9.4598,41.1729],[9.4598,41.173],[9.4601,41.1731],[9.4604,41.1731],[9.4607,41.1732],[9.4607,41.1731],[9.4606,41.1729],[9.4606,41.1727],[9.4607,41.1727],[9.4609,41.1728],[9.461,41.1728],[9.461,41.1727],[9.4611,41.1727],[9.4612,41.1726],[9.4613,41.1727],[9.4615,41.1727],[9.4618,41.1728],[9.4619,41.1729],[9.4619,41.1731],[9.462,41.1731],[9.462,41.1732],[9.4619,41.1733],[9.4619,41.1734],[9.4619,41.1734],[9.4619,41.1735],[9.462,41.1736],[9.4621,41.1736],[9.4618,41.1737],[9.4618,41.174],[9.4616,41.174],[9.4616,41.1742],[9.4617,41.1744],[9.4619,41.1747],[9.4619,41.175],[9.4618,41.1753]]],[[[9.4885,41.1846],[9.4883,41.1846],[9.4879,41.1843],[9.4878,41.1843],[9.4876,41.1842],[9.4876,41.1842],[9.4875,41.1841],[9.4875,41.1842],[9.4874,41.1842],[9.4875,41.1841],[9.4874,41.1841],[9.4873,41.1841],[9.4873,41.1841],[9.4872,41.184],[9.4873,41.1839],[9.4872,41.1838],[9.4873,41.1837],[9.4873,41.1836],[9.4874,41.1836],[9.4875,41.1836],[9.4875,41.1835],[9.4875,41.1835],[9.4876,41.1835],[9.4876,41.1835],[9.4878,41.1835],[9.4879,41.1835],[9.488,41.1835],[9.4881,41.1836],[9.4881,41.1836],[9.4881,41.1836],[9.4881,41.1837],[9.4881,41.1838],[9.4882,41.1838],[9.4881,41.1839],[9.4881,41.1839],[9.4881,41.1839],[9.4881,41.184],[9.4881,41.184],[9.4881,41.184],[9.4881,41.184],[9.488,41.184],[9.488,41.1841],[9.4879,41.1841],[9.4879,41.1842],[9.4879,41.1842],[9.488,41.1842],[9.4885,41.1846]]],[[[9.4851,41.1844],[9.485,41.1845],[9.4849,41.1845],[9.4849,41.1846],[9.4848,41.1847],[9.4849,41.1848],[9.4847,41.1848],[9.4844,41.1847],[9.4844,41.1846],[9.4844,41.1845],[9.4845,41.1845],[9.4845,41.1844],[9.4844,41.1844],[9.4844,41.1844],[9.4843,41.1843],[9.4842,41.1844],[9.4841,41.1844],[9.4841,41.1843],[9.484,41.1842],[9.484,41.1841],[9.484,41.184],[9.484,41.184],[9.4839,41.1839],[9.4839,41.1839],[9.4839,41.1837],[9.484,41.1837],[9.4841,41.1836],[9.4842,41.1836],[9.4841,41.1835],[9.4841,41.1835],[9.4841,41.1834],[9.484,41.1834],[9.4839,41.1835],[9.4837,41.1835],[9.4837,41.1835],[9.4837,41.1834],[9.4837,41.1834],[9.4837,41.1833],[9.4837,41.1833],[9.4836,41.1833],[9.4836,41.1832],[9.4836,41.1831],[9.4837,41.1831],[9.4838,41.1831],[9.4839,41.1831],[9.4839,41.1829],[9.4839,41.1827],[9.4839,41.1825],[9.484,41.1823],[9.4841,41.1822],[9.4841,41.1821],[9.4841,41.1819],[9.4843,41.1818],[9.4844,41.1818],[9.4845,41.1818],[9.4845,41.1817],[9.4846,41.1817],[9.4847,41.1817],[9.4848,41.1816],[9.4849,41.1816],[9.485,41.1816],[9.485,41.1815],[9.4851,41.1815],[9.4852,41.1815],[9.4853,41.1815],[9.4853,41.1815],[9.4853,41.1814],[9.4854,41.1814],[9.4855,41.1814],[9.4856,41.1814],[9.4856,41.1814],[9.4856,41.1814],[9.4855,41.1814],[9.4855,41.1813],[9.4855,41.1813],[9.4855,41.1812],[9.4856,41.1812],[9.4857,41.1812],[9.4858,41.1811],[9.4858,41.181],[9.4858,41.1809],[9.4858,41.1809],[9.4858,41.1808],[9.4859,41.1808],[9.486,41.1808],[9.486,41.1807],[9.4861,41.1806],[9.4861,41.1806],[9.4862,41.1805],[9.4863,41.1805],[9.4864,41.1804],[9.4865,41.1804],[9.4867,41.1805],[9.4868,41.1805],[9.4867,41.1806],[9.4866,41.1806],[9.4867,41.1807],[9.4868,41.1809],[9.4868,41.181],[9.4869,41.1811],[9.487,41.1812],[9.487,41.1812],[9.4871,41.1811],[9.4871,41.1811],[9.4872,41.181],[9.4872,41.181],[9.4874,41.181],[9.4874,41.1811],[9.4874,41.1812],[9.4873,41.1813],[9.4872,41.1813],[9.4871,41.1813],[9.487,41.1813],[9.4871,41.1815],[9.4872,41.1814],[9.4872,41.1815],[9.4872,41.1816],[9.4872,41.1817],[9.4873,41.1817],[9.4874,41.1817],[9.4875,41.1818],[9.4874,41.1818],[9.4874,41.1819],[9.4875,41.1819],[9.4876,41.182],[9.4875,41.1821],[9.4875,41.1822],[9.4875,41.1822],[9.4874,41.1822],[9.4872,41.1822],[9.4872,41.1823],[9.4872,41.1824],[9.4872,41.1824],[9.4871,41.1825],[9.487,41.1825],[9.487,41.1824],[9.4869,41.1824],[9.4868,41.1825],[9.4868,41.1825],[9.4867,41.1826],[9.4868,41.1827],[9.4868,41.1827],[9.4869,41.1827],[9.4869,41.1828],[9.487,41.1829],[9.487,41.1829],[9.4869,41.1829],[9.4868,41.183],[9.4867,41.183],[9.4867,41.183],[9.4868,41.1829],[9.4868,41.1828],[9.4867,41.1828],[9.4866,41.183],[9.4867,41.1831],[9.4866,41.1833],[9.4866,41.1833],[9.4866,41.1834],[9.4867,41.1835],[9.4867,41.1834],[9.4868,41.1834],[9.4869,41.1834],[9.4868,41.1835],[9.4868,41.1836],[9.487,41.1836],[9.487,41.1836],[9.4871,41.1837],[9.4871,41.1838],[9.487,41.1839],[9.4869,41.1839],[9.4868,41.1839],[9.4869,41.184],[9.4869,41.1842],[9.4868,41.1842],[9.4868,41.1841],[9.4867,41.1841],[9.4867,41.184],[9.4866,41.1839],[9.4865,41.1839],[9.4864,41.1838],[9.4863,41.1837],[9.4863,41.1836],[9.4862,41.1836],[9.486,41.1836],[9.4859,41.1836],[9.4858,41.1837],[9.4857,41.1838],[9.4856,41.1838],[9.4855,41.1839],[9.4855,41.184],[9.4854,41.184],[9.4854,41.1841],[9.4853,41.1841],[9.4853,41.1841],[9.4852,41.1842],[9.4851,41.1842],[9.4851,41.1843],[9.4852,41.1843],[9.4853,41.1844],[9.4853,41.1845],[9.4852,41.1845],[9.4851,41.1844],[9.4851,41.1844]]],[[[9.3339,41.1911],[9.3336,41.1914],[9.3334,41.1913],[9.3333,41.1912],[9.3332,41.1912],[9.333,41.1911],[9.3329,41.1911],[9.3328,41.1911],[9.3326,41.1912],[9.3325,41.1912],[9.3324,41.1912],[9.3321,41.1912],[9.3317,41.1911],[9.3317,41.191],[9.3316,41.1909],[9.3316,41.1908],[9.3315,41.1906],[9.3315,41.1901],[9.3319,41.19],[9.3321,41.1901],[9.3323,41.1901],[9.3324,41.19],[9.3326,41.19],[9.3327,41.1899],[9.3328,41.1898],[9.3331,41.1897],[9.3332,41.1898],[9.3334,41.1897],[9.3336,41.1897],[9.3338,41.1897],[9.3339,41.1897],[9.3342,41.1897],[9.3343,41.1897],[9.3343,41.1898],[9.3345,41.1899],[9.3347,41.1899],[9.3348,41.19],[9.3349,41.19],[9.3351,41.19],[9.3353,41.1902],[9.3355,41.1903],[9.3353,41.1905],[9.3353,41.1906],[9.335,41.1907],[9.3348,41.1908],[9.3346,41.1909],[9.3345,41.1909],[9.3345,41.1909],[9.3342,41.1911],[9.3339,41.1911]]],[[[9.3964,41.1971],[9.3964,41.1973],[9.3962,41.1973],[9.3963,41.197],[9.3961,41.197],[9.3961,41.1971],[9.396,41.1971],[9.3959,41.1971],[9.3958,41.1971],[9.3956,41.197],[9.3956,41.1969],[9.3956,41.1968],[9.3955,41.1967],[9.3956,41.1965],[9.3956,41.1964],[9.3956,41.1962],[9.3959,41.1958],[9.3961,41.1958],[9.3962,41.1959],[9.3964,41.196],[9.3966,41.196],[9.3969,41.196],[9.3971,41.1959],[9.3971,41.1958],[9.3973,41.1959],[9.3975,41.1961],[9.3975,41.1963],[9.3973,41.1967],[9.3972,41.1969],[9.3972,41.197],[9.3971,41.1971],[9.3968,41.197],[9.3967,41.197],[9.3966,41.197],[9.3964,41.197],[9.3964,41.1971]]],[[[9.4425,41.2023],[9.4425,41.2024],[9.4425,41.2024],[9.4425,41.2025],[9.4424,41.2025],[9.4423,41.2026],[9.4421,41.2026],[9.442,41.2027],[9.4419,41.2026],[9.4418,41.2025],[9.4418,41.2024],[9.4418,41.2023],[9.4419,41.2021],[9.442,41.2022],[9.4421,41.2022],[9.4422,41.2022],[9.4422,41.2021],[9.4423,41.2021],[9.4422,41.202],[9.4422,41.2018],[9.4423,41.2017],[9.4423,41.2018],[9.4425,41.2018],[9.4425,41.2018],[9.4425,41.2017],[9.4427,41.2017],[9.4427,41.2017],[9.4427,41.2017],[9.4426,41.2016],[9.4426,41.2016],[9.4426,41.2015],[9.4426,41.2015],[9.4427,41.2014],[9.4428,41.2013],[9.4429,41.2013],[9.4429,41.2014],[9.4431,41.2013],[9.4432,41.2013],[9.4432,41.2013],[9.4432,41.2013],[9.4433,41.2013],[9.4433,41.2014],[9.4432,41.2015],[9.4432,41.2015],[9.4432,41.2016],[9.4432,41.2016],[9.4431,41.2018],[9.443,41.2018],[9.4429,41.2017],[9.4428,41.2018],[9.4428,41.2018],[9.4428,41.2019],[9.4428,41.2019],[9.4428,41.202],[9.4428,41.2021],[9.4427,41.2022],[9.4427,41.2022],[9.4426,41.2024],[9.4426,41.2023],[9.4426,41.2023],[9.4425,41.2023]]],[[[9.3175,41.2031],[9.3175,41.2032],[9.3174,41.2031],[9.3173,41.203],[9.3173,41.2029],[9.3174,41.2028],[9.3173,41.2027],[9.3173,41.2026],[9.3174,41.2024],[9.3175,41.2024],[9.3177,41.2023],[9.3179,41.2023],[9.318,41.2023],[9.3181,41.2023],[9.3184,41.2022],[9.3185,41.2023],[9.3184,41.2025],[9.3181,41.2028],[9.318,41.2028],[9.3179,41.2029],[9.3178,41.203],[9.3177,41.203],[9.3176,41.203],[9.3175,41.2031]]],[[[9.4176,41.208],[9.3968,41.1904],[9.4188,41.1885],[9.4176,41.208]]],[[[9.4468,41.2086],[9.4469,41.2087],[9.4468,41.2087],[9.4468,41.2087],[9.4467,41.2087],[9.4467,41.2086],[9.4467,41.2086],[9.4467,41.2086],[9.4467,41.2085],[9.4467,41.2085],[9.4467,41.2084],[9.4467,41.2084],[9.4466,41.2083],[9.4466,41.2083],[9.4465,41.2083],[9.4465,41.2083],[9.4464,41.2083],[9.4464,41.2083],[9.4464,41.2082],[9.4463,41.2082],[9.4462,41.2083],[9.4461,41.2083],[9.446,41.2083],[9.4459,41.2083],[9.4459,41.2083],[9.446,41.2082],[9.446,41.2082],[9.446,41.2081],[9.446,41.2081],[9.446,41.208],[9.446,41.208],[9.4461,41.208],[9.4462,41.208],[9.4463,41.208],[9.4464,41.208],[9.4464,41.208],[9.4464,41.208],[9.4464,41.2079],[9.4465,41.2079],[9.4465,41.208],[9.4466,41.208],[9.4466,41.2079],[9.4466,41.2079],[9.4467,41.2079],[9.4467,41.208],[9.4468,41.208],[9.4468,41.2081],[9.4468,41.2081],[9.4469,41.2081],[9.4469,41.2081],[9.4469,41.2081],[9.4471,41.2081],[9.4471,41.2082],[9.447,41.2082],[9.447,41.2083],[9.4469,41.2083],[9.447,41.2084],[9.4469,41.2084],[9.4469,41.2084],[9.4469,41.2085],[9.4469,41.2085],[9.4468,41.2086],[9.4468,41.2086]]],[[[9.4177,41.2151],[9.4176,41.215],[9.4174,41.215],[9.4173,41.2148],[9.4172,41.2147],[9.4169,41.2146],[9.4167,41.2145],[9.4165,41.2144],[9.4163,41.2143],[9.4162,41.2143],[9.4162,41.2144],[9.4162,41.2144],[9.4161,41.2142],[9.4157,41.2139],[9.4155,41.2138],[9.4154,41.2139],[9.4153,41.2139],[9.4153,41.2137],[9.4152,41.2134],[9.4152,41.2133],[9.4153,41.2132],[9.4155,41.2132],[9.4156,41.213],[9.4158,41.2128],[9.4157,41.2127],[9.4159,41.2126],[9.4158,41.2125],[9.4155,41.2124],[9.4158,41.2124],[9.416,41.2124],[9.4161,41.2125],[9.4163,41.2127],[9.4165,41.2127],[9.4168,41.2129],[9.4169,41.213],[9.4174,41.2129],[9.4178,41.213],[9.418,41.2129],[9.4181,41.2128],[9.4181,41.2125],[9.4178,41.2123],[9.418,41.2122],[9.4181,41.212],[9.4182,41.212],[9.4183,41.2122],[9.4185,41.2123],[9.4186,41.2123],[9.4186,41.2122],[9.4186,41.2119],[9.4186,41.2114],[9.4172,41.2101],[9.4172,41.2101],[9.4184,41.2109],[9.4189,41.2113],[9.4189,41.2121],[9.4189,41.2122],[9.4189,41.2125],[9.4189,41.2131],[9.4189,41.2136],[9.419,41.2136],[9.419,41.2137],[9.4189,41.2137],[9.4187,41.214],[9.4185,41.2142],[9.4184,41.2144],[9.4183,41.2146],[9.4183,41.2148],[9.4184,41.2148],[9.4184,41.2149],[9.4182,41.2149],[9.4181,41.2151],[9.4181,41.2151],[9.418,41.215],[9.4177,41.2151]]],[[[9.5187,41.2168],[9.5186,41.2168],[9.5184,41.2169],[9.5183,41.2168],[9.5182,41.2167],[9.5182,41.2167],[9.5187,41.2165],[9.5187,41.2168]]],[[[9.5179,41.2173],[9.5177,41.2176],[9.5175,41.2175],[9.5174,41.2175],[9.5171,41.2173],[9.517,41.2173],[9.5169,41.2173],[9.5167,41.2174],[9.5166,41.2173],[9.5166,41.2172],[9.5165,41.2172],[9.5166,41.217],[9.5166,41.2168],[9.5173,41.217],[9.5174,41.2171],[9.5175,41.2171],[9.5176,41.2172],[9.5177,41.2172],[9.5179,41.2173]]],[[[9.5184,41.2193],[9.5183,41.2189],[9.5188,41.2186],[9.5189,41.2188],[9.5188,41.2188],[9.519,41.2189],[9.519,41.2189],[9.5191,41.219],[9.519,41.2191],[9.5189,41.2192],[9.5189,41.2192],[9.5187,41.2192],[9.5187,41.2192],[9.5186,41.2192],[9.5184,41.2193]]],[[[9.5192,41.2196],[9.5189,41.2198],[9.5187,41.2197],[9.5185,41.2196],[9.5188,41.2194],[9.5189,41.2194],[9.5191,41.2192],[9.5192,41.2191],[9.5192,41.2196]]],[[[9.4478,41.2226],[9.4477,41.2226],[9.4476,41.2226],[9.4476,41.2227],[9.4474,41.2228],[9.4473,41.2229],[9.4472,41.2229],[9.4472,41.2228],[9.4472,41.2226],[9.4473,41.2225],[9.4475,41.2224],[9.4475,41.2224],[9.4475,41.2223],[9.4475,41.2222],[9.4476,41.222],[9.4477,41.2219],[9.4478,41.2218],[9.4479,41.2216],[9.448,41.2216],[9.4482,41.2215],[9.4483,41.2216],[9.4484,41.2217],[9.4485,41.2218],[9.4487,41.2218],[9.4488,41.2218],[9.4489,41.2217],[9.4489,41.2215],[9.4489,41.2214],[9.449,41.2214],[9.4491,41.2213],[9.4492,41.2214],[9.4494,41.2215],[9.4495,41.2215],[9.4495,41.2214],[9.4496,41.2214],[9.4496,41.2214],[9.4498,41.2214],[9.4497,41.2214],[9.4498,41.2213],[9.4499,41.2213],[9.45,41.2213],[9.4501,41.2214],[9.45,41.2215],[9.4501,41.2216],[9.4502,41.2217],[9.4503,41.2219],[9.4502,41.222],[9.4499,41.2222],[9.4497,41.2223],[9.4496,41.2222],[9.4495,41.2222],[9.4494,41.2224],[9.4493,41.2223],[9.4492,41.2223],[9.4492,41.2222],[9.4491,41.2221],[9.4489,41.222],[9.4488,41.2219],[9.4486,41.222],[9.4484,41.2221],[9.4484,41.2222],[9.4484,41.2223],[9.4485,41.2223],[9.4484,41.2224],[9.4483,41.2223],[9.4482,41.2224],[9.4481,41.2225],[9.448,41.2226],[9.4479,41.2225],[9.4479,41.2225],[9.4478,41.2226]]],[[[9.4555,41.2265],[9.4555,41.2266],[9.4554,41.2266],[9.4552,41.2265],[9.4552,41.2265],[9.4552,41.2264],[9.455,41.2265],[9.4549,41.2265],[9.4548,41.2265],[9.4546,41.2265],[9.4546,41.2265],[9.4544,41.2265],[9.4544,41.2264],[9.4546,41.2263],[9.4547,41.2263],[9.4549,41.2263],[9.4551,41.2263],[9.4551,41.2261],[9.4552,41.226],[9.4551,41.2259],[9.4552,41.2258],[9.4553,41.2257],[9.4553,41.2255],[9.4551,41.2254],[9.4549,41.2254],[9.4549,41.2253],[9.455,41.2253],[9.4552,41.2252],[9.4554,41.2251],[9.4556,41.2251],[9.4557,41.2251],[9.4558,41.2252],[9.4558,41.2253],[9.4559,41.2255],[9.4559,41.2257],[9.4558,41.2259],[9.4557,41.226],[9.4556,41.2261],[9.4556,41.2262],[9.4557,41.2262],[9.4557,41.2263],[9.4558,41.2264],[9.4558,41.2265],[9.4556,41.2266],[9.4556,41.2265],[9.4556,41.2265],[9.4555,41.2265]]],[[[9.338,41.2284],[9.338,41.2285],[9.338,41.2287],[9.338,41.2289],[9.338,41.2289],[9.3381,41.229],[9.3382,41.229],[9.3381,41.2291],[9.3381,41.2292],[9.338,41.2293],[9.3379,41.2293],[9.3378,41.2293],[9.3376,41.2292],[9.3376,41.2291],[9.3376,41.229],[9.3376,41.2289],[9.3375,41.2288],[9.3374,41.2288],[9.3373,41.2287],[9.3372,41.2286],[9.3372,41.2285],[9.3373,41.2284],[9.3374,41.2284],[9.3375,41.2283],[9.3375,41.2284],[9.3376,41.2284],[9.3376,41.2283],[9.3376,41.2282],[9.3375,41.2281],[9.3373,41.2281],[9.3372,41.2281],[9.3372,41.228],[9.3373,41.228],[9.3375,41.228],[9.3376,41.2281],[9.3376,41.2281],[9.3378,41.2281],[9.3378,41.2281],[9.338,41.2281],[9.338,41.2282],[9.338,41.2283],[9.338,41.2284]]],[[[9.4555,41.2282],[9.4556,41.2283],[9.4555,41.2285],[9.4553,41.2287],[9.4552,41.2288],[9.4553,41.229],[9.4552,41.229],[9.4551,41.2292],[9.455,41.2293],[9.4548,41.2293],[9.4547,41.2292],[9.4547,41.2291],[9.4546,41.229],[9.4546,41.2288],[9.4546,41.2287],[9.4547,41.2286],[9.4548,41.2285],[9.455,41.2284],[9.455,41.2284],[9.455,41.2283],[9.4552,41.2282],[9.4553,41.2281],[9.4555,41.2282]]],[[[9.2791,41.2332],[9.279,41.2333],[9.2789,41.2333],[9.2788,41.2333],[9.2788,41.2332],[9.2787,41.2332],[9.2787,41.2331],[9.2787,41.2331],[9.2787,41.233],[9.2787,41.2329],[9.2787,41.2329],[9.2787,41.2328],[9.2787,41.2327],[9.2788,41.2327],[9.2789,41.2326],[9.2791,41.2327],[9.2792,41.2327],[9.2793,41.2328],[9.2793,41.2329],[9.2794,41.2329],[9.2795,41.233],[9.2796,41.233],[9.2797,41.2331],[9.2796,41.2332],[9.2795,41.2332],[9.2794,41.2332],[9.2793,41.2332],[9.2792,41.2332],[9.2792,41.2332],[9.2791,41.2332]]],[[[9.3577,41.2454],[9.3576,41.2454],[9.3575,41.2455],[9.3576,41.2456],[9.3575,41.2456],[9.3573,41.2456],[9.3572,41.2455],[9.3572,41.2454],[9.3571,41.2454],[9.357,41.2454],[9.3569,41.2454],[9.3568,41.2453],[9.3568,41.2452],[9.3569,41.2451],[9.357,41.2451],[9.3571,41.2451],[9.3571,41.245],[9.3571,41.245],[9.3572,41.245],[9.3573,41.245],[9.3573,41.245],[9.3573,41.2449],[9.3574,41.2449],[9.3574,41.2449],[9.3575,41.2449],[9.3576,41.2449],[9.3576,41.2451],[9.3577,41.2451],[9.3577,41.2452],[9.3576,41.2452],[9.3576,41.2453],[9.3576,41.2453],[9.3577,41.2454],[9.3577,41.2454]]],[[[9.4713,41.2455],[9.4487,41.224],[9.4564,41.2],[9.4335,41.1898],[9.4535,41.1923],[9.4695,41.1685],[9.4817,41.1847],[9.4645,41.1889],[9.4887,41.2201],[9.4713,41.2455]]],[[[9.3568,41.2467],[9.3566,41.2466],[9.3566,41.2465],[9.3566,41.2463],[9.3566,41.2462],[9.3566,41.246],[9.3567,41.2459],[9.3567,41.2458],[9.3568,41.2458],[9.3569,41.2458],[9.3569,41.2459],[9.3569,41.246],[9.357,41.2461],[9.357,41.2462],[9.357,41.2462],[9.357,41.2461],[9.3571,41.2462],[9.3572,41.2462],[9.3573,41.2463],[9.3573,41.2464],[9.3573,41.2465],[9.3572,41.2465],[9.3571,41.2465],[9.357,41.2466],[9.3569,41.2466],[9.3568,41.2466],[9.3568,41.2467]]],[[[9.3978,41.2501],[9.3978,41.2502],[9.3979,41.2503],[9.3979,41.2504],[9.3978,41.2504],[9.3975,41.2503],[9.3974,41.2502],[9.3973,41.2502],[9.3973,41.2501],[9.3973,41.2501],[9.3975,41.25],[9.3975,41.25],[9.3975,41.2499],[9.3974,41.2498],[9.3974,41.2498],[9.3974,41.2497],[9.3973,41.2496],[9.3972,41.2497],[9.3971,41.2496],[9.3971,41.2495],[9.3971,41.2495],[9.3972,41.2494],[9.3973,41.2494],[9.3972,41.2493],[9.3971,41.2492],[9.3972,41.2492],[9.3972,41.2491],[9.3973,41.2491],[9.3974,41.2492],[9.3974,41.2492],[9.3975,41.2493],[9.3976,41.2493],[9.3976,41.2492],[9.3976,41.2492],[9.3977,41.2491],[9.3977,41.2492],[9.3977,41.2494],[9.3978,41.2494],[9.3978,41.2494],[9.3979,41.2494],[9.3979,41.2494],[9.398,41.2494],[9.3981,41.2495],[9.3983,41.2497],[9.3982,41.2498],[9.3981,41.2499],[9.3981,41.25],[9.398,41.2501],[9.3979,41.2501],[9.3978,41.2501]]],[[[9.1837,41.2523],[9.1834,41.2521],[9.1833,41.2518],[9.1832,41.2516],[9.1832,41.2515],[9.1833,41.2515],[9.1832,41.2514],[9.183,41.2513],[9.1831,41.2511],[9.1831,41.2511],[9.1831,41.251],[9.183,41.251],[9.1829,41.251],[9.1828,41.251],[9.1828,41.2509],[9.1828,41.2508],[9.1828,41.2506],[9.1827,41.2503],[9.1827,41.2502],[9.1826,41.2502],[9.1825,41.2501],[9.1826,41.25],[9.1837,41.2497],[9.1838,41.2496],[9.1839,41.2494],[9.1839,41.2493],[9.184,41.2493],[9.1841,41.2492],[9.1842,41.2491],[9.1843,41.249],[9.1844,41.249],[9.1845,41.2489],[9.1848,41.2488],[9.185,41.2491],[9.1851,41.2492],[9.1851,41.2493],[9.185,41.2494],[9.1847,41.2496],[9.1848,41.2497],[9.185,41.2499],[9.1851,41.25],[9.1852,41.2502],[9.1853,41.2505],[9.1852,41.2507],[9.1852,41.2508],[9.185,41.2509],[9.1849,41.251],[9.1849,41.2512],[9.185,41.2513],[9.1849,41.2514],[9.1848,41.2514],[9.1847,41.2515],[9.1844,41.2517],[9.1844,41.2519],[9.1843,41.2519],[9.1842,41.2519],[9.1842,41.252],[9.1842,41.252],[9.1842,41.2521],[9.1841,41.2521],[9.1839,41.2522],[9.1838,41.2522],[9.1837,41.2523]]],[[[9.3244,41.2525],[9.3241,41.2525],[9.324,41.2525],[9.3237,41.2526],[9.3238,41.2523],[9.3238,41.2522],[9.3238,41.2521],[9.3238,41.2521],[9.3237,41.2521],[9.3236,41.2521],[9.3235,41.2521],[9.3235,41.252],[9.3234,41.2519],[9.3233,41.2518],[9.3233,41.252],[9.3233,41.252],[9.3232,41.252],[9.3231,41.252],[9.3231,41.2519],[9.323,41.252],[9.3229,41.2519],[9.3229,41.2518],[9.3228,41.2517],[9.3227,41.2518],[9.3227,41.2519],[9.3226,41.2518],[9.3225,41.2518],[9.3225,41.2517],[9.3225,41.2516],[9.3225,41.2515],[9.3225,41.2514],[9.3224,41.2512],[9.3223,41.2511],[9.3222,41.2512],[9.3221,41.2513],[9.3219,41.2511],[9.3218,41.251],[9.3218,41.2509],[9.3217,41.2509],[9.3217,41.2509],[9.3216,41.251],[9.3216,41.2511],[9.3215,41.2512],[9.3211,41.2509],[9.3212,41.2508],[9.3212,41.2507],[9.3212,41.2505],[9.3212,41.2504],[9.3214,41.2503],[9.3215,41.2503],[9.3215,41.2502],[9.3216,41.2501],[9.3218,41.2498],[9.3218,41.2498],[9.3218,41.2497],[9.3217,41.2496],[9.3216,41.2495],[9.3218,41.2493],[9.3219,41.2493],[9.3221,41.2492],[9.3222,41.2492],[9.3223,41.2491],[9.3222,41.249],[9.3222,41.2488],[9.3221,41.2487],[9.3221,41.2486],[9.3222,41.2486],[9.3224,41.2486],[9.3225,41.2485],[9.3224,41.2485],[9.3223,41.2485],[9.3222,41.2484],[9.3223,41.2482],[9.3224,41.2482],[9.3225,41.2482],[9.3225,41.2483],[9.3227,41.2483],[9.3229,41.2485],[9.3229,41.2486],[9.3231,41.2486],[9.3233,41.2486],[9.3234,41.2486],[9.3234,41.2486],[9.3235,41.2487],[9.3236,41.2486],[9.3236,41.2485],[9.3239,41.2487],[9.3239,41.2489],[9.324,41.2489],[9.3241,41.2489],[9.3243,41.2489],[9.3244,41.249],[9.3245,41.249],[9.3249,41.249],[9.325,41.2491],[9.3251,41.2491],[9.3252,41.2491],[9.3253,41.2492],[9.3254,41.2494],[9.3254,41.2496],[9.3254,41.2497],[9.3254,41.2498],[9.3254,41.2499],[9.3254,41.2502],[9.3253,41.2505],[9.3252,41.2507],[9.3251,41.2508],[9.3251,41.2508],[9.3251,41.251],[9.3251,41.2512],[9.325,41.2513],[9.3249,41.2515],[9.3247,41.2513],[9.3247,41.2512],[9.3245,41.2512],[9.3245,41.2514],[9.3244,41.2515],[9.3244,41.2516],[9.3244,41.2516],[9.3244,41.2516],[9.3244,41.2518],[9.3243,41.252],[9.3244,41.2525]]],[[[9.3403,41.2533],[9.3327,41.2357],[9.3477,41.2289],[9.3602,41.2439],[9.3403,41.2533]]],[[[9.4004,41.2537],[9.4003,41.2539],[9.4001,41.2541],[9.3999,41.2541],[9.3997,41.2542],[9.3996,41.2541],[9.3995,41.254],[9.3995,41.2538],[9.3995,41.2537],[9.3994,41.2536],[9.3993,41.2536],[9.3992,41.2536],[9.399,41.2536],[9.399,41.2535],[9.3988,41.2534],[9.3986,41.2536],[9.3984,41.2536],[9.3983,41.2537],[9.3981,41.2538],[9.398,41.2538],[9.398,41.2537],[9.398,41.2536],[9.3982,41.2535],[9.3983,41.2535],[9.3983,41.2533],[9.3981,41.2533],[9.398,41.2532],[9.398,41.2531],[9.3981,41.253],[9.3981,41.2529],[9.3982,41.2528],[9.3982,41.2528],[9.3983,41.2526],[9.3984,41.2526],[9.3984,41.2525],[9.3984,41.2525],[9.3986,41.2525],[9.3986,41.2525],[9.3986,41.2525],[9.3987,41.2525],[9.3988,41.2525],[9.3989,41.2525],[9.399,41.2526],[9.399,41.2527],[9.3991,41.2528],[9.3991,41.2526],[9.3992,41.2526],[9.3993,41.2527],[9.3993,41.2529],[9.3994,41.253],[9.3995,41.2529],[9.3997,41.2528],[9.3998,41.2528],[9.3999,41.2529],[9.3999,41.253],[9.3999,41.2532],[9.4001,41.2532],[9.4002,41.2532],[9.4003,41.2531],[9.4003,41.253],[9.4004,41.2529],[9.4005,41.253],[9.4005,41.2532],[9.4004,41.2533],[9.4005,41.2534],[9.4005,41.2535],[9.4004,41.2537]]],[[[9.2391,41.2543],[9.239,41.2543],[9.2391,41.2544],[9.2391,41.2544],[9.2391,41.2545],[9.239,41.2545],[9.2389,41.2546],[9.2389,41.2547],[9.2388,41.2547],[9.2381,41.2549],[9.2379,41.255],[9.2377,41.2549],[9.2376,41.2548],[9.2377,41.2547],[9.2376,41.2547],[9.2375,41.2546],[9.2373,41.2545],[9.2371,41.2544],[9.2369,41.254],[9.2368,41.2538],[9.2368,41.2538],[9.2368,41.2536],[9.2367,41.2535],[9.2366,41.2533],[9.2366,41.2532],[9.2365,41.253],[9.2366,41.253],[9.2367,41.2526],[9.2371,41.2526],[9.2373,41.2528],[9.2374,41.2529],[9.2374,41.2529],[9.2376,41.2529],[9.2375,41.2528],[9.2377,41.2527],[9.2378,41.2526],[9.238,41.2525],[9.238,41.2525],[9.2382,41.2524],[9.2383,41.2523],[9.2386,41.2525],[9.2389,41.2526],[9.2387,41.2529],[9.2389,41.253],[9.239,41.2532],[9.239,41.2533],[9.239,41.2534],[9.2391,41.2535],[9.2391,41.2535],[9.2392,41.2536],[9.2392,41.2537],[9.2393,41.2538],[9.2394,41.2539],[9.2394,41.254],[9.2394,41.254],[9.2393,41.2541],[9.2394,41.2541],[9.2393,41.2542],[9.2392,41.2542],[9.2391,41.2543]]],[[[9.2396,41.2562],[9.2396,41.2562],[9.2397,41.2563],[9.2397,41.2564],[9.2397,41.2565],[9.2395,41.2567],[9.2394,41.2566],[9.2393,41.2566],[9.2392,41.2566],[9.239,41.2563],[9.2387,41.2561],[9.2386,41.2557],[9.239,41.2556],[9.2393,41.2559],[9.2394,41.2559],[9.2395,41.256],[9.2394,41.2561],[9.2394,41.2562],[9.2395,41.2562],[9.2395,41.2561],[9.2396,41.2562]]],[[[9.2412,41.2572],[9.2412,41.2572],[9.241,41.2572],[9.2406,41.2572],[9.2403,41.2572],[9.2403,41.257],[9.2403,41.2569],[9.2405,41.2569],[9.2406,41.2568],[9.2405,41.2567],[9.2404,41.2567],[9.2405,41.2566],[9.2406,41.2566],[9.2406,41.2566],[9.2406,41.2565],[9.2407,41.2565],[9.2407,41.2563],[9.2407,41.2563],[9.2414,41.2562],[9.2415,41.2562],[9.2418,41.2562],[9.2421,41.2564],[9.2424,41.2565],[9.2423,41.2567],[9.2421,41.2567],[9.2419,41.2567],[9.2419,41.2568],[9.2417,41.2568],[9.2415,41.2568],[9.2415,41.2568],[9.2416,41.2569],[9.2418,41.2569],[9.242,41.257],[9.2421,41.257],[9.2421,41.2572],[9.2416,41.2572],[9.2415,41.2572],[9.2413,41.2572],[9.2412,41.2572]]],[[[8.3643,39.0329],[8.4142,38.9553],[8.4448,38.9689],[8.4661,39.057],[8.5185,39.0618],[8.565,39.0454],[8.5729,38.9786],[8.6232,38.9392],[8.6067,38.8928],[8.6464,38.8942],[8.6399,38.8649],[8.6592,38.8692],[8.6483,38.8904],[8.6703,38.8972],[8.6641,38.9125],[8.7177,38.9232],[8.7222,38.9377],[8.7805,38.9131],[8.8008,38.8842],[8.806,38.8997],[8.8559,38.8766],[8.996,38.9853],[9.0211,38.9842],[9.0458,39.0562],[9.0166,39.0865],[9.0086,39.1233],[9.0327,39.1659],[9.048,39.1574],[9.0328,39.166],[9.0608,39.1931],[9.094,39.1924],[9.0767,39.1994],[9.0919,39.2093],[9.097,39.1948],[9.0951,39.2139],[9.1593,39.1807],[9.1648,39.2044],[9.2074,39.2263],[9.2975,39.2133],[9.4377,39.122],[9.5029,39.1312],[9.5025,39.1084],[9.5235,39.0947],[9.5226,39.12],[9.5673,39.1471],[9.5796,39.1763],[9.5628,39.1947],[9.5746,39.2511],[9.6025,39.291],[9.6342,39.2992],[9.6048,39.3181],[9.5967,39.3459],[9.6464,39.4626],[9.6315,39.5037],[9.6566,39.5698],[9.6472,39.6517],[9.6769,39.711],[9.6684,39.7767],[9.6967,39.8534],[9.6823,39.9025],[9.7159,39.9283],[9.6868,39.9484],[9.6866,39.9842],[9.7357,40.0775],[9.6541,40.1433],[9.6292,40.1903],[9.6235,40.2507],[9.6847,40.3394],[9.7665,40.392],[9.8284,40.5285],[9.7962,40.5443],[9.7902,40.5719],[9.7532,40.5986],[9.7415,40.6376],[9.7533,40.6738],[9.7154,40.7088],[9.7177,40.7505],[9.6713,40.7849],[9.6737,40.8045],[9.6919,40.8112],[9.6863,40.8352],[9.7286,40.8443],[9.7055,40.8412],[9.6809,40.8614],[9.6652,40.8533],[9.6544,40.88],[9.6161,40.8895],[9.6443,40.92],[9.6184,40.9231],[9.5887,40.8996],[9.5611,40.9208],[9.5038,40.9127],[9.5247,40.9232],[9.5027,40.9295],[9.575,40.928],[9.5683,40.9428],[9.5939,40.9685],[9.5822,40.9835],[9.6113,41.0034],[9.6514,40.9841],[9.6649,40.9954],[9.5948,41.0229],[9.5768,41.0029],[9.5555,41.0038],[9.5612,41.0377],[9.5047,41.0083],[9.5401,41.0609],[9.5336,41.0817],[9.5525,41.078],[9.5721,41.0995],[9.5612,41.1197],[9.5404,41.1144],[9.5458,41.1337],[9.5267,41.1334],[9.5382,41.1391],[9.5262,41.1568],[9.5111,41.1394],[9.4669,41.1435],[9.4717,41.1257],[9.4425,41.1018],[9.4466,41.1354],[9.4296,41.1561],[9.4051,41.1579],[9.4233,41.1776],[9.3702,41.1832],[9.3633,41.2076],[9.3382,41.2047],[9.3319,41.1853],[9.3203,41.2031],[9.2895,41.1934],[9.3009,41.2022],[9.2866,41.2192],[9.2749,41.1935],[9.265,41.1996],[9.2805,41.2279],[9.2351,41.2591],[9.1921,41.2332],[9.1932,41.2477],[9.1627,41.2356],[9.1442,41.2469],[9.1413,41.2324],[9.1673,41.2294],[9.1533,41.1977],[9.1711,41.174],[9.1525,41.1554],[9.1202,41.1552],[9.0868,41.1281],[9.0464,41.1382],[9.0133,41.1254],[8.9315,41.0424],[8.8799,41.0287],[8.8883,41.0175],[8.8697,41.014],[8.8647,40.9856],[8.7909,40.9227],[8.6989,40.9145],[8.633,40.8823],[8.6039,40.849],[8.5285,40.8244],[8.4556,40.82],[8.3943,40.8396],[8.3994,40.8485],[8.3479,40.8398],[8.3847,40.8512],[8.3147,40.8445],[8.2335,40.9096],[8.224,40.9385],[8.2383,40.953],[8.2017,40.9727],[8.1773,40.939],[8.2238,40.8864],[8.1876,40.8121],[8.1609,40.7937],[8.1571,40.7487],[8.1307,40.7328],[8.2049,40.6849],[8.1848,40.6368],[8.1446,40.6233],[8.1502,40.579],[8.1644,40.5603],[8.1679,40.593],[8.1937,40.6183],[8.2194,40.6018],[8.2036,40.5939],[8.2034,40.5682],[8.2447,40.569],[8.2508,40.5844],[8.2943,40.5934],[8.3178,40.5715],[8.3052,40.5653],[8.3378,40.5001],[8.3741,40.4906],[8.402,40.4095],[8.3825,40.3387],[8.4326,40.3335],[8.483,40.2854],[8.4558,40.1764],[8.4931,40.0873],[8.4537,40.0508],[8.3991,40.0513],[8.3763,40.0358],[8.4141,40.017],[8.3914,39.9757],[8.3957,39.909],[8.4342,39.8848],[8.4354,39.8579],[8.4667,39.9038],[8.4919,39.9096],[8.5328,39.8965],[8.543,39.8652],[8.5705,39.8639],[8.5524,39.8623],[8.5454,39.7952],[8.5092,39.7534],[8.5211,39.746],[8.5022,39.713],[8.4602,39.7682],[8.4436,39.7584],[8.4556,39.709],[8.4421,39.6832],[8.4591,39.6681],[8.4481,39.6354],[8.4706,39.5989],[8.4511,39.5456],[8.3792,39.4565],[8.4127,39.4269],[8.3734,39.3729],[8.3967,39.3377],[8.4204,39.3326],[8.437,39.292],[8.3666,39.2282],[8.3681,39.2138],[8.4014,39.1937],[8.4126,39.1512],[8.4106,39.1736],[8.438,39.1557],[8.4366,39.1116],[8.466,39.1191],[8.4885,39.0847],[8.466,39.0571],[8.4267,39.1085],[8.3869,39.0985],[8.37,39.115],[8.3493,39.0813],[8.3643,39.0329]]],[[[9.4191,41.2684],[9.3774,41.234],[9.3813,41.2103],[9.4381,41.2142],[9.4477,41.2332],[9.4311,41.2236],[9.4334,41.259],[9.4191,41.2684]]],[[[9.4032,41.2766],[9.4031,41.2766],[9.403,41.2766],[9.403,41.2765],[9.403,41.2764],[9.4031,41.2764],[9.4032,41.2764],[9.4032,41.2764],[9.4032,41.2764],[9.4032,41.2763],[9.4032,41.2762],[9.4032,41.2761],[9.4033,41.2761],[9.4034,41.2761],[9.4035,41.2761],[9.4035,41.2762],[9.4036,41.2763],[9.4036,41.2764],[9.4036,41.2765],[9.4035,41.2765],[9.4034,41.2766],[9.4033,41.2766],[9.4032,41.2765],[9.4032,41.2766]]],[[[9.3637,41.2837],[9.3636,41.2837],[9.3634,41.2837],[9.3634,41.2836],[9.3633,41.2836],[9.3633,41.2836],[9.3632,41.2835],[9.3633,41.2834],[9.3633,41.2833],[9.3633,41.2832],[9.3634,41.2832],[9.3635,41.2832],[9.3635,41.2832],[9.3636,41.2832],[9.3637,41.2832],[9.3638,41.2833],[9.3639,41.2833],[9.364,41.2833],[9.3641,41.2834],[9.3642,41.2835],[9.3643,41.2836],[9.3642,41.2837],[9.364,41.2836],[9.3639,41.2836],[9.3638,41.2836],[9.3637,41.2837]]],[[[9.3647,41.2833],[9.365,41.2834],[9.365,41.2834],[9.3651,41.2835],[9.3652,41.2836],[9.3651,41.2837],[9.365,41.2838],[9.3649,41.2838],[9.3648,41.2838],[9.3647,41.2837],[9.3647,41.2836],[9.3646,41.2836],[9.3645,41.2835],[9.3645,41.2834],[9.3645,41.2833],[9.3646,41.2833],[9.3647,41.2833]]],[[[9.3657,41.2855],[9.3657,41.2856],[9.3656,41.2857],[9.3655,41.2857],[9.3654,41.2858],[9.3654,41.2859],[9.3652,41.2859],[9.3651,41.2859],[9.3649,41.2859],[9.3647,41.2859],[9.3646,41.2858],[9.3645,41.2858],[9.3644,41.2857],[9.3643,41.2856],[9.3643,41.2855],[9.3644,41.2854],[9.3646,41.2854],[9.3647,41.2854],[9.3649,41.2854],[9.365,41.2854],[9.3651,41.2854],[9.3652,41.2855],[9.3652,41.2855],[9.3652,41.2854],[9.3652,41.2854],[9.3653,41.2854],[9.3653,41.2855],[9.3654,41.2854],[9.3655,41.2854],[9.3656,41.2854],[9.3656,41.2855],[9.3657,41.2855]]],[[[9.4022,41.2865],[9.4021,41.2866],[9.402,41.2865],[9.4019,41.2865],[9.4018,41.2865],[9.4018,41.2866],[9.4017,41.2866],[9.4017,41.2865],[9.4015,41.2865],[9.4014,41.2866],[9.4013,41.2866],[9.4012,41.2865],[9.4011,41.2865],[9.4011,41.2865],[9.401,41.2864],[9.4009,41.2863],[9.4009,41.2863],[9.4009,41.2862],[9.4008,41.2862],[9.4008,41.2862],[9.4007,41.2862],[9.4007,41.286],[9.4007,41.2859],[9.4008,41.2858],[9.4007,41.2858],[9.4006,41.2858],[9.4006,41.2858],[9.4005,41.2857],[9.4004,41.2858],[9.4003,41.2858],[9.4003,41.2858],[9.4003,41.2857],[9.4005,41.2856],[9.4006,41.2856],[9.4007,41.2856],[9.4008,41.2855],[9.4009,41.2854],[9.4009,41.2854],[9.4008,41.2853],[9.4007,41.2852],[9.4006,41.2852],[9.4006,41.2852],[9.4005,41.2853],[9.4004,41.2853],[9.4003,41.2853],[9.4003,41.2852],[9.4003,41.2852],[9.4002,41.2852],[9.4001,41.2852],[9.4,41.2852],[9.3999,41.2851],[9.3999,41.2851],[9.3999,41.2851],[9.3999,41.285],[9.3999,41.285],[9.3999,41.2849],[9.3999,41.2849],[9.3998,41.2849],[9.3998,41.2849],[9.3999,41.2848],[9.3999,41.2848],[9.3999,41.2847],[9.3998,41.2847],[9.3998,41.2846],[9.3999,41.2847],[9.4,41.2847],[9.4001,41.2847],[9.4002,41.2847],[9.4002,41.2847],[9.4002,41.2846],[9.4003,41.2846],[9.4002,41.2845],[9.4001,41.2845],[9.4001,41.2844],[9.4,41.2844],[9.3999,41.2843],[9.4,41.2843],[9.4001,41.2843],[9.4002,41.2843],[9.4003,41.2843],[9.4001,41.2842],[9.4,41.2842],[9.3999,41.2841],[9.3999,41.284],[9.3997,41.284],[9.3997,41.2839],[9.3997,41.2838],[9.3998,41.2837],[9.3999,41.2836],[9.4,41.2836],[9.4001,41.2836],[9.4002,41.2837],[9.4003,41.2837],[9.4003,41.2837],[9.4003,41.2836],[9.4003,41.2836],[9.4004,41.2836],[9.4005,41.2836],[9.4005,41.2835],[9.4006,41.2836],[9.4006,41.2837],[9.4007,41.2837],[9.4007,41.2837],[9.4007,41.2837],[9.4008,41.2837],[9.4009,41.2837],[9.401,41.2837],[9.4011,41.2837],[9.4012,41.2837],[9.4012,41.2837],[9.4011,41.2836],[9.4009,41.2834],[9.4008,41.2834],[9.4007,41.2833],[9.4007,41.2833],[9.4008,41.2833],[9.4009,41.2833],[9.4009,41.2832],[9.4008,41.2831],[9.4007,41.2831],[9.4006,41.283],[9.4006,41.283],[9.4006,41.2829],[9.4007,41.2828],[9.4007,41.2827],[9.4007,41.2827],[9.4007,41.2825],[9.4006,41.2825],[9.4005,41.2825],[9.4004,41.2825],[9.4004,41.2825],[9.4004,41.2826],[9.4003,41.2826],[9.4002,41.2826],[9.4001,41.2825],[9.4001,41.2825],[9.4001,41.2824],[9.4,41.2823],[9.3999,41.2823],[9.3998,41.2822],[9.3997,41.2821],[9.3996,41.282],[9.3996,41.2819],[9.3997,41.2818],[9.3998,41.2818],[9.3999,41.2818],[9.4,41.2817],[9.4,41.2817],[9.4,41.2816],[9.4001,41.2816],[9.4002,41.2817],[9.4002,41.2816],[9.4001,41.2816],[9.4002,41.2815],[9.4002,41.2815],[9.4003,41.2814],[9.4004,41.2814],[9.4004,41.2814],[9.4003,41.2814],[9.4002,41.2813],[9.4003,41.2813],[9.4004,41.2812],[9.4005,41.2812],[9.4006,41.2812],[9.4006,41.2811],[9.4005,41.2811],[9.4005,41.281],[9.4005,41.2809],[9.4006,41.2809],[9.4006,41.2809],[9.4007,41.2808],[9.4008,41.2808],[9.4008,41.2808],[9.4008,41.2808],[9.4007,41.2807],[9.4006,41.2807],[9.4005,41.2807],[9.4005,41.2806],[9.4006,41.2805],[9.4007,41.2805],[9.4008,41.2805],[9.4008,41.2804],[9.4006,41.2804],[9.4006,41.2803],[9.4006,41.2803],[9.4007,41.2803],[9.4009,41.2803],[9.4011,41.2804],[9.4011,41.2804],[9.4012,41.2805],[9.4013,41.2805],[9.4012,41.2806],[9.4012,41.2806],[9.4012,41.2807],[9.4013,41.2806],[9.4013,41.2806],[9.4014,41.2806],[9.4016,41.2806],[9.4018,41.2807],[9.4018,41.2808],[9.4017,41.2808],[9.4016,41.2809],[9.4017,41.2809],[9.4018,41.2809],[9.4018,41.281],[9.4019,41.2809],[9.402,41.281],[9.4019,41.2811],[9.4018,41.2811],[9.4018,41.281],[9.4017,41.2811],[9.4015,41.2811],[9.4014,41.2811],[9.4014,41.2812],[9.4016,41.2812],[9.4017,41.2812],[9.4017,41.2812],[9.4017,41.2813],[9.4018,41.2814],[9.4018,41.2813],[9.4019,41.2813],[9.402,41.2813],[9.402,41.2813],[9.402,41.2812],[9.4021,41.2812],[9.4023,41.2812],[9.4024,41.2813],[9.4024,41.2814],[9.4024,41.2815],[9.4026,41.2816],[9.4026,41.2817],[9.4026,41.2818],[9.4025,41.2818],[9.4025,41.2819],[9.4025,41.282],[9.4026,41.282],[9.4027,41.2819],[9.4027,41.2819],[9.4028,41.2819],[9.4028,41.2819],[9.4028,41.2818],[9.4028,41.2817],[9.403,41.2817],[9.403,41.2817],[9.4031,41.2816],[9.4032,41.2817],[9.4032,41.2819],[9.4031,41.282],[9.4031,41.2821],[9.4031,41.2821],[9.4032,41.2822],[9.4033,41.2822],[9.4032,41.2823],[9.4031,41.2823],[9.4031,41.2823],[9.403,41.2824],[9.403,41.2823],[9.4029,41.2824],[9.4028,41.2824],[9.4028,41.2825],[9.4027,41.2825],[9.4027,41.2825],[9.4026,41.2826],[9.4026,41.2825],[9.4025,41.2825],[9.4024,41.2825],[9.4024,41.2826],[9.4024,41.2828],[9.4023,41.2829],[9.4023,41.283],[9.4022,41.283],[9.4021,41.2831],[9.402,41.2833],[9.402,41.2834],[9.402,41.2836],[9.4021,41.2836],[9.4022,41.2837],[9.4024,41.2838],[9.4024,41.2838],[9.4025,41.2838],[9.4027,41.2838],[9.4028,41.2838],[9.4029,41.2839],[9.4029,41.284],[9.4029,41.2841],[9.4029,41.2842],[9.4029,41.2847],[9.4029,41.2848],[9.4029,41.285],[9.4028,41.2851],[9.4027,41.2852],[9.4026,41.2853],[9.4025,41.2853],[9.4024,41.2854],[9.4024,41.2856],[9.4025,41.2857],[9.4025,41.2858],[9.4023,41.2858],[9.4023,41.2859],[9.4024,41.2859],[9.4023,41.286],[9.4023,41.2861],[9.4022,41.2862],[9.4023,41.2862],[9.4025,41.2863],[9.4025,41.2863],[9.4027,41.2863],[9.4028,41.2864],[9.4027,41.2865],[9.4026,41.2865],[9.4024,41.2864],[9.4023,41.2864],[9.4022,41.2864],[9.4022,41.2865]]],[[[9.3373,41.2863],[9.3374,41.2864],[9.3374,41.2864],[9.3374,41.2865],[9.3373,41.2867],[9.3372,41.2867],[9.3372,41.2867],[9.3372,41.2868],[9.3371,41.2869],[9.3369,41.2869],[9.3368,41.2868],[9.3368,41.2867],[9.3368,41.2865],[9.3367,41.2865],[9.3366,41.2864],[9.3365,41.2863],[9.3364,41.2863],[9.3364,41.2862],[9.3364,41.286],[9.3364,41.2859],[9.3366,41.2859],[9.3367,41.2859],[9.3368,41.2859],[9.3369,41.286],[9.337,41.286],[9.3371,41.2861],[9.3372,41.2861],[9.3372,41.2863],[9.3373,41.2863]]],[[[9.3667,41.2872],[9.3665,41.2873],[9.3663,41.2873],[9.3663,41.2872],[9.3662,41.2872],[9.3661,41.2873],[9.3659,41.2872],[9.3659,41.2872],[9.3656,41.2871],[9.3656,41.287],[9.3658,41.2869],[9.3658,41.2869],[9.3657,41.2869],[9.3655,41.2868],[9.3654,41.2868],[9.3655,41.2867],[9.3656,41.2866],[9.3657,41.2865],[9.3656,41.2865],[9.3656,41.2865],[9.3655,41.2865],[9.3654,41.2864],[9.3653,41.2863],[9.3653,41.2863],[9.3653,41.2862],[9.3654,41.2861],[9.3655,41.286],[9.3656,41.286],[9.3657,41.286],[9.3658,41.2859],[9.3658,41.2859],[9.366,41.2859],[9.3662,41.2859],[9.3664,41.2859],[9.3665,41.286],[9.3666,41.286],[9.3666,41.2861],[9.3666,41.2861],[9.3668,41.2861],[9.3669,41.2864],[9.367,41.2864],[9.3669,41.2867],[9.3668,41.2867],[9.3668,41.2868],[9.3667,41.2869],[9.3668,41.287],[9.3667,41.2872]]],[[[9.4006,41.2874],[9.4005,41.2874],[9.4004,41.2874],[9.4004,41.2874],[9.4003,41.2874],[9.4004,41.2873],[9.4003,41.2873],[9.4002,41.2873],[9.4002,41.2874],[9.4001,41.2873],[9.4,41.2873],[9.4,41.2872],[9.3999,41.2871],[9.3999,41.2871],[9.3998,41.2872],[9.3997,41.2872],[9.3997,41.2872],[9.3997,41.2871],[9.3997,41.287],[9.3998,41.287],[9.3999,41.287],[9.4,41.2869],[9.4001,41.2869],[9.4002,41.287],[9.4003,41.287],[9.4004,41.2869],[9.4003,41.2869],[9.4003,41.2868],[9.4004,41.2868],[9.4005,41.2868],[9.4005,41.2867],[9.4004,41.2867],[9.4006,41.2867],[9.4007,41.2867],[9.4007,41.2867],[9.4008,41.2867],[9.4009,41.2868],[9.4009,41.2869],[9.4009,41.287],[9.4009,41.287],[9.4008,41.2871],[9.4007,41.2871],[9.4007,41.2872],[9.4007,41.2872],[9.4007,41.2873],[9.4006,41.2874],[9.4006,41.2874]]],[[[9.3994,41.2871],[9.3995,41.2871],[9.3996,41.2872],[9.3996,41.2872],[9.3997,41.2873],[9.3997,41.2873],[9.3996,41.2874],[9.3996,41.2875],[9.3995,41.2875],[9.3993,41.2875],[9.3992,41.2874],[9.3992,41.2874],[9.3991,41.2873],[9.3992,41.2872],[9.3992,41.2871],[9.3993,41.2871],[9.3994,41.2871]]],[[[9.3621,41.2881],[9.3621,41.2881],[9.362,41.288],[9.3619,41.288],[9.3618,41.288],[9.3618,41.288],[9.3618,41.2879],[9.3618,41.2878],[9.3618,41.2878],[9.3618,41.2877],[9.3617,41.2877],[9.3617,41.2876],[9.3617,41.2876],[9.3618,41.2875],[9.3618,41.2875],[9.3618,41.2875],[9.3619,41.2874],[9.362,41.2874],[9.362,41.2874],[9.3621,41.2874],[9.3621,41.2873],[9.3622,41.2874],[9.3623,41.2874],[9.3624,41.2874],[9.3625,41.2875],[9.3625,41.2876],[9.3625,41.2877],[9.3626,41.2878],[9.3625,41.2879],[9.3625,41.288],[9.3624,41.288],[9.3623,41.2879],[9.3623,41.288],[9.3623,41.288],[9.3622,41.288],[9.3622,41.288],[9.3621,41.288],[9.3621,41.2881]]],[[[9.348,41.2893],[9.3349,41.2825],[9.3566,41.277],[9.348,41.2893]]],[[[9.3341,41.2949],[9.334,41.2949],[9.3339,41.2949],[9.3338,41.2949],[9.3337,41.2948],[9.3337,41.2948],[9.3336,41.2948],[9.3335,41.2948],[9.3335,41.2947],[9.3335,41.2947],[9.3335,41.2946],[9.3334,41.2945],[9.3334,41.2944],[9.3334,41.2944],[9.3335,41.2944],[9.3336,41.2944],[9.3336,41.2945],[9.3336,41.2944],[9.3337,41.2944],[9.3337,41.2944],[9.3338,41.2944],[9.3339,41.2944],[9.3339,41.2944],[9.334,41.2945],[9.3341,41.2946],[9.3341,41.2948],[9.3341,41.2949]]],[[[9.3383,41.2948],[9.3383,41.295],[9.3383,41.2951],[9.3381,41.2951],[9.338,41.295],[9.3379,41.295],[9.3378,41.295],[9.3376,41.2949],[9.3376,41.2948],[9.3377,41.2947],[9.3377,41.2946],[9.3378,41.2946],[9.3378,41.2946],[9.3379,41.2948],[9.3379,41.2948],[9.338,41.2947],[9.338,41.2947],[9.3381,41.2947],[9.3383,41.2948]]],[[[9.3357,41.2943],[9.3358,41.2943],[9.3359,41.2943],[9.3359,41.2944],[9.336,41.2944],[9.3361,41.2945],[9.3361,41.2945],[9.3361,41.2946],[9.336,41.2946],[9.336,41.2947],[9.3359,41.2946],[9.3359,41.2946],[9.3358,41.2947],[9.3359,41.2948],[9.3359,41.2949],[9.3358,41.2949],[9.3358,41.2949],[9.3357,41.2949],[9.3358,41.2949],[9.3358,41.295],[9.3358,41.2951],[9.3358,41.2952],[9.3356,41.2952],[9.3356,41.2951],[9.3355,41.2951],[9.3354,41.2951],[9.3353,41.295],[9.3353,41.2949],[9.3354,41.2948],[9.3353,41.2948],[9.3353,41.2948],[9.3353,41.2947],[9.3352,41.2947],[9.3351,41.2946],[9.3351,41.2945],[9.3351,41.2945],[9.3351,41.2944],[9.3351,41.2944],[9.3353,41.2944],[9.3354,41.2944],[9.3354,41.2944],[9.3354,41.2944],[9.3353,41.2944],[9.3353,41.2943],[9.3354,41.2943],[9.3356,41.2943],[9.3356,41.2943],[9.3357,41.2943]]],[[[9.3348,41.2951],[9.3348,41.2952],[9.3348,41.2952],[9.3347,41.2952],[9.3345,41.2951],[9.3344,41.2951],[9.3342,41.2951],[9.3341,41.2951],[9.3341,41.2949],[9.3341,41.2948],[9.3341,41.2947],[9.3341,41.2946],[9.3342,41.2946],[9.3342,41.2946],[9.3343,41.2945],[9.3343,41.2945],[9.3344,41.2945],[9.3344,41.2945],[9.3346,41.2944],[9.3347,41.2944],[9.3348,41.2945],[9.3347,41.2945],[9.3347,41.2946],[9.3348,41.2946],[9.3349,41.2947],[9.3349,41.2946],[9.335,41.2946],[9.335,41.2947],[9.3351,41.2949],[9.3352,41.295],[9.3352,41.295],[9.3352,41.2951],[9.3353,41.2952],[9.3353,41.2952],[9.3352,41.2952],[9.3351,41.2952],[9.335,41.2951],[9.335,41.2951],[9.3349,41.295],[9.3348,41.2951]]],[[[9.3326,41.295],[9.3327,41.2951],[9.3328,41.2952],[9.3328,41.2953],[9.3327,41.2954],[9.3326,41.2954],[9.3325,41.2954],[9.3325,41.2953],[9.3324,41.2953],[9.3323,41.2952],[9.3323,41.2952],[9.3322,41.2951],[9.3322,41.2951],[9.3323,41.295],[9.3323,41.295],[9.3325,41.295],[9.3326,41.295]]],[[[9.4059,41.296],[9.4058,41.2962],[9.4056,41.2963],[9.4055,41.2964],[9.4054,41.2964],[9.4053,41.2966],[9.4052,41.2966],[9.4051,41.2965],[9.4051,41.2964],[9.4052,41.2962],[9.4053,41.2961],[9.4055,41.296],[9.4056,41.2959],[9.4054,41.296],[9.4053,41.296],[9.4051,41.2961],[9.4049,41.2961],[9.4048,41.296],[9.4047,41.296],[9.4046,41.2961],[9.4044,41.2962],[9.4043,41.2963],[9.4042,41.2964],[9.4042,41.2965],[9.4041,41.2965],[9.404,41.2966],[9.4039,41.2966],[9.4038,41.2965],[9.4036,41.2964],[9.4037,41.2964],[9.4036,41.2963],[9.4036,41.2962],[9.4037,41.2961],[9.4038,41.2961],[9.4039,41.296],[9.4037,41.2959],[9.4037,41.2959],[9.4036,41.2959],[9.4034,41.2959],[9.4034,41.2958],[9.4034,41.2957],[9.4035,41.2956],[9.4036,41.2956],[9.4037,41.2956],[9.4037,41.2954],[9.4037,41.2953],[9.4036,41.2953],[9.4037,41.2951],[9.4037,41.295],[9.4037,41.2949],[9.4037,41.2949],[9.4036,41.2948],[9.4036,41.2947],[9.4037,41.2947],[9.4038,41.2947],[9.4038,41.2946],[9.4039,41.2946],[9.404,41.2946],[9.4041,41.2944],[9.4041,41.2942],[9.4041,41.2941],[9.4043,41.294],[9.4045,41.294],[9.4045,41.294],[9.4046,41.2938],[9.4047,41.2939],[9.4048,41.294],[9.4048,41.294],[9.4049,41.294],[9.4049,41.2939],[9.4049,41.2938],[9.405,41.2938],[9.4052,41.2939],[9.4052,41.2939],[9.4053,41.2939],[9.4055,41.2939],[9.4056,41.294],[9.4056,41.294],[9.4058,41.294],[9.4057,41.294],[9.4057,41.2939],[9.4058,41.2938],[9.4058,41.2937],[9.4059,41.2937],[9.406,41.2937],[9.406,41.2937],[9.4061,41.2937],[9.4061,41.2936],[9.4061,41.2936],[9.4062,41.2936],[9.4063,41.2936],[9.4064,41.2936],[9.4063,41.2937],[9.4063,41.2938],[9.4064,41.2938],[9.4065,41.2938],[9.4066,41.2937],[9.4067,41.2938],[9.4068,41.294],[9.4067,41.2941],[9.4068,41.2942],[9.4069,41.2942],[9.4069,41.2943],[9.4069,41.2944],[9.4068,41.2944],[9.4067,41.2945],[9.4067,41.2945],[9.4066,41.2946],[9.4065,41.2946],[9.4064,41.2946],[9.4064,41.2946],[9.4064,41.2947],[9.4065,41.2947],[9.4066,41.2949],[9.4065,41.2949],[9.4065,41.2951],[9.4065,41.2951],[9.4064,41.2952],[9.4063,41.2952],[9.4063,41.2952],[9.4062,41.2952],[9.4061,41.2952],[9.4061,41.2954],[9.4062,41.2954],[9.4061,41.2956],[9.4061,41.2957],[9.4059,41.2958],[9.4058,41.2958],[9.4057,41.2958],[9.4058,41.2959],[9.4059,41.2959],[9.4059,41.296]]],[[[9.3993,41.2987],[9.3991,41.2985],[9.3992,41.2985],[9.3993,41.2983],[9.3992,41.2982],[9.3992,41.2982],[9.3992,41.298],[9.3991,41.2981],[9.3989,41.298],[9.3989,41.2979],[9.3989,41.2978],[9.399,41.2977],[9.399,41.2976],[9.3991,41.2975],[9.3992,41.2975],[9.3992,41.2974],[9.3991,41.2973],[9.399,41.2973],[9.3991,41.2972],[9.3992,41.2972],[9.3993,41.2971],[9.3993,41.2971],[9.3992,41.297],[9.3992,41.2969],[9.3993,41.2968],[9.3993,41.2968],[9.3993,41.2967],[9.3992,41.2967],[9.3993,41.2966],[9.3994,41.2966],[9.3995,41.2966],[9.3996,41.2965],[9.3995,41.2964],[9.3996,41.2963],[9.3997,41.2963],[9.3998,41.2963],[9.3998,41.2963],[9.3997,41.2962],[9.3997,41.2961],[9.3999,41.2961],[9.4,41.2962],[9.4,41.2962],[9.4,41.2961],[9.3999,41.296],[9.4,41.296],[9.4002,41.296],[9.4004,41.2961],[9.4005,41.296],[9.4005,41.2959],[9.4005,41.2958],[9.4003,41.2957],[9.4003,41.2957],[9.4001,41.2956],[9.4001,41.2955],[9.4001,41.2953],[9.4,41.2952],[9.3999,41.2952],[9.3998,41.2954],[9.3997,41.2955],[9.3996,41.2955],[9.3993,41.2955],[9.399,41.2954],[9.3989,41.2953],[9.3989,41.2952],[9.3988,41.2951],[9.3986,41.2951],[9.3986,41.2952],[9.3985,41.2952],[9.3985,41.2951],[9.3985,41.295],[9.3986,41.2949],[9.3984,41.2948],[9.3983,41.2948],[9.3982,41.2949],[9.3982,41.2949],[9.398,41.2949],[9.3979,41.2949],[9.3978,41.2949],[9.3977,41.2949],[9.3977,41.2948],[9.3978,41.2947],[9.3978,41.2946],[9.3976,41.2946],[9.3974,41.2948],[9.3972,41.2947],[9.3971,41.2948],[9.397,41.2949],[9.3968,41.295],[9.3966,41.2951],[9.3966,41.2952],[9.3964,41.2952],[9.3964,41.2951],[9.3963,41.2949],[9.3963,41.2948],[9.3965,41.2948],[9.3966,41.2948],[9.3966,41.2948],[9.3964,41.2947],[9.3963,41.2947],[9.3963,41.2946],[9.3964,41.2945],[9.3965,41.2945],[9.3966,41.2945],[9.3967,41.2944],[9.3969,41.2944],[9.3969,41.2944],[9.3967,41.2943],[9.3966,41.2943],[9.3967,41.2942],[9.3969,41.2941],[9.3969,41.2941],[9.397,41.294],[9.3971,41.294],[9.3971,41.2941],[9.3973,41.2942],[9.3973,41.2942],[9.3974,41.2939],[9.3975,41.2939],[9.3976,41.2939],[9.3976,41.2938],[9.3975,41.2938],[9.3975,41.2937],[9.3976,41.2936],[9.3978,41.2932],[9.3979,41.2932],[9.398,41.2932],[9.3981,41.2932],[9.3981,41.2931],[9.3982,41.2931],[9.3983,41.2932],[9.3985,41.2932],[9.3986,41.2933],[9.3986,41.2934],[9.3988,41.2934],[9.3988,41.2934],[9.399,41.2933],[9.3991,41.2933],[9.3992,41.2933],[9.3993,41.2935],[9.3993,41.2935],[9.3996,41.2934],[9.3997,41.2933],[9.3999,41.2933],[9.4,41.2932],[9.4002,41.2931],[9.4001,41.293],[9.4002,41.2929],[9.4003,41.2929],[9.4003,41.2928],[9.4004,41.2927],[9.4007,41.2926],[9.4007,41.2927],[9.4007,41.2928],[9.4007,41.2928],[9.4009,41.2927],[9.401,41.2928],[9.4011,41.2928],[9.4012,41.2927],[9.4012,41.2927],[9.4014,41.2927],[9.4015,41.2928],[9.4016,41.2929],[9.4015,41.293],[9.4013,41.293],[9.4013,41.293],[9.4013,41.2931],[9.4014,41.2931],[9.4016,41.2932],[9.4017,41.2933],[9.4016,41.2934],[9.4016,41.2935],[9.4017,41.2936],[9.4016,41.2937],[9.4017,41.2937],[9.4017,41.2938],[9.4017,41.2939],[9.4018,41.2939],[9.4019,41.2938],[9.402,41.2938],[9.4022,41.2939],[9.4023,41.294],[9.4023,41.2942],[9.4023,41.2944],[9.4024,41.2945],[9.4022,41.2945],[9.4021,41.2944],[9.4021,41.2943],[9.4019,41.2944],[9.4019,41.2945],[9.402,41.2946],[9.4019,41.2946],[9.4018,41.2946],[9.4018,41.2947],[9.4019,41.2947],[9.4018,41.2948],[9.4018,41.295],[9.4019,41.2951],[9.4018,41.2952],[9.4017,41.2952],[9.4016,41.2951],[9.4015,41.2951],[9.4015,41.2952],[9.4016,41.2953],[9.4017,41.2954],[9.4016,41.2955],[9.4014,41.2955],[9.4011,41.2956],[9.4011,41.2957],[9.4011,41.2958],[9.4012,41.2958],[9.4013,41.2958],[9.4011,41.296],[9.4012,41.2961],[9.4011,41.2963],[9.4011,41.2964],[9.401,41.2966],[9.401,41.2968],[9.401,41.2971],[9.401,41.2972],[9.4008,41.2972],[9.4008,41.2974],[9.4009,41.2974],[9.4009,41.2975],[9.4008,41.2976],[9.4007,41.2976],[9.4006,41.2977],[9.4004,41.2979],[9.4003,41.2979],[9.4003,41.2981],[9.4003,41.2982],[9.4003,41.2983],[9.4002,41.2983],[9.4,41.2984],[9.3999,41.2984],[9.3998,41.2985],[9.3998,41.2985],[9.3996,41.2986],[9.3995,41.2986],[9.3993,41.2987]]],[[[9.4009,41.302],[9.4008,41.3021],[9.4008,41.302],[9.4007,41.302],[9.4006,41.302],[9.4005,41.302],[9.4005,41.302],[9.4003,41.302],[9.4002,41.302],[9.4002,41.3018],[9.4001,41.3017],[9.4002,41.3016],[9.4001,41.3016],[9.4,41.3016],[9.3999,41.3015],[9.4,41.3015],[9.4,41.3014],[9.4,41.3013],[9.4001,41.3013],[9.4002,41.3014],[9.4002,41.3014],[9.4003,41.3013],[9.4003,41.3012],[9.4004,41.3012],[9.4004,41.3011],[9.4004,41.3011],[9.4004,41.301],[9.4005,41.301],[9.4007,41.301],[9.4008,41.3011],[9.4009,41.3011],[9.401,41.3011],[9.401,41.3012],[9.4011,41.3011],[9.4012,41.3011],[9.4012,41.3012],[9.4012,41.3013],[9.4012,41.3013],[9.4012,41.3014],[9.4012,41.3015],[9.4012,41.3015],[9.4011,41.3016],[9.4011,41.3016],[9.4011,41.3017],[9.4011,41.3018],[9.4011,41.3018],[9.4011,41.3018],[9.4011,41.302],[9.401,41.302],[9.4009,41.302],[9.4009,41.302]]],[[[9.3794,41.3082],[9.365,41.2876],[9.3847,41.2983],[9.3794,41.3082]]],[[[9.3417,41.3086],[9.3372,41.2958],[9.3595,41.2945],[9.3417,41.3086]]],[[[9.3692,41.3096],[9.3692,41.3097],[9.3691,41.3097],[9.369,41.3098],[9.3689,41.3098],[9.3688,41.3098],[9.3688,41.3098],[9.3688,41.3097],[9.3687,41.3097],[9.3686,41.3096],[9.3686,41.3096],[9.3686,41.3096],[9.3685,41.3096],[9.3685,41.3096],[9.3684,41.3096],[9.3683,41.3097],[9.3682,41.3097],[9.368,41.3096],[9.368,41.3095],[9.368,41.3095],[9.3679,41.3095],[9.3679,41.3094],[9.3679,41.3093],[9.3679,41.3093],[9.3678,41.3092],[9.3677,41.3092],[9.3677,41.3091],[9.3678,41.309],[9.3679,41.309],[9.3679,41.309],[9.368,41.3089],[9.368,41.3089],[9.3679,41.3088],[9.368,41.3088],[9.3681,41.3088],[9.3681,41.3088],[9.3682,41.3088],[9.3682,41.3088],[9.3682,41.3087],[9.3683,41.3087],[9.3683,41.3088],[9.3684,41.3088],[9.3685,41.3088],[9.3685,41.3088],[9.3687,41.3088],[9.3687,41.3087],[9.3688,41.3087],[9.3689,41.3087],[9.3689,41.3087],[9.369,41.3088],[9.3691,41.3088],[9.3691,41.3088],[9.3692,41.3088],[9.3693,41.3088],[9.3693,41.3088],[9.3694,41.3087],[9.3694,41.3087],[9.3694,41.3087],[9.3695,41.3087],[9.3696,41.3087],[9.3696,41.3087],[9.3697,41.3087],[9.3696,41.3087],[9.3696,41.3086],[9.3695,41.3086],[9.3696,41.3086],[9.3697,41.3086],[9.3697,41.3085],[9.3697,41.3085],[9.3698,41.3085],[9.3699,41.3085],[9.37,41.3086],[9.37,41.3087],[9.3701,41.3087],[9.3701,41.3088],[9.3702,41.3088],[9.3702,41.3089],[9.3702,41.309],[9.3701,41.309],[9.3701,41.3091],[9.37,41.3091],[9.37,41.3092],[9.3698,41.3092],[9.3697,41.3093],[9.3697,41.3093],[9.3697,41.3094],[9.3696,41.3094],[9.3695,41.3094],[9.3695,41.3094],[9.3694,41.3094],[9.3693,41.3095],[9.3692,41.3096]]],[[[9.3761,41.3128],[9.3761,41.3127],[9.3759,41.3127],[9.3758,41.3127],[9.3757,41.3126],[9.3759,41.3125],[9.3758,41.3124],[9.3758,41.3123],[9.3758,41.3122],[9.3758,41.3122],[9.3757,41.3122],[9.3756,41.3123],[9.3754,41.3124],[9.3753,41.3124],[9.3752,41.3124],[9.3751,41.3124],[9.375,41.3123],[9.3749,41.3122],[9.3748,41.3123],[9.3746,41.3123],[9.3746,41.3124],[9.3746,41.3124],[9.3745,41.3125],[9.3743,41.3125],[9.3741,41.3125],[9.3741,41.3123],[9.3741,41.3123],[9.374,41.3123],[9.3739,41.3122],[9.3737,41.3122],[9.3736,41.3121],[9.3735,41.312],[9.3735,41.3119],[9.3734,41.3119],[9.3733,41.312],[9.3732,41.312],[9.3731,41.312],[9.373,41.3119],[9.3729,41.312],[9.3727,41.312],[9.3726,41.3119],[9.3725,41.3118],[9.3724,41.3117],[9.3724,41.3116],[9.3723,41.3115],[9.3723,41.3114],[9.3722,41.3115],[9.3721,41.3114],[9.3721,41.3114],[9.3718,41.3113],[9.3717,41.3112],[9.3716,41.3111],[9.3716,41.311],[9.3715,41.311],[9.3715,41.3111],[9.3715,41.3112],[9.3715,41.3113],[9.3713,41.3114],[9.3712,41.3113],[9.3712,41.3112],[9.3711,41.3112],[9.371,41.3111],[9.3709,41.3111],[9.3708,41.311],[9.3707,41.311],[9.3704,41.311],[9.3704,41.3111],[9.3704,41.3112],[9.3703,41.3111],[9.3703,41.311],[9.3702,41.311],[9.3702,41.3109],[9.3703,41.3107],[9.3703,41.3106],[9.3704,41.3105],[9.3705,41.3105],[9.3708,41.3106],[9.371,41.3105],[9.3711,41.3105],[9.3713,41.3105],[9.3714,41.3104],[9.3715,41.3103],[9.3716,41.3103],[9.3718,41.3102],[9.3717,41.31],[9.3716,41.31],[9.3714,41.3099],[9.3712,41.3099],[9.3711,41.3098],[9.3711,41.3098],[9.371,41.3097],[9.3708,41.3096],[9.3707,41.3097],[9.3707,41.3098],[9.3705,41.3097],[9.3705,41.3097],[9.3703,41.3096],[9.3701,41.3096],[9.3701,41.3095],[9.3702,41.3093],[9.3702,41.3093],[9.3702,41.3092],[9.3702,41.3091],[9.3703,41.3091],[9.3706,41.309],[9.3707,41.309],[9.3709,41.3089],[9.3707,41.3088],[9.3707,41.3087],[9.3709,41.3086],[9.371,41.3087],[9.3712,41.3088],[9.3713,41.3087],[9.3713,41.3086],[9.3715,41.3086],[9.3716,41.3086],[9.3717,41.3087],[9.3718,41.3086],[9.3719,41.3086],[9.3719,41.3086],[9.372,41.3087],[9.372,41.3087],[9.3721,41.3087],[9.3721,41.3087],[9.3721,41.3087],[9.3722,41.3085],[9.3723,41.3085],[9.3724,41.3085],[9.3726,41.3084],[9.3728,41.3084],[9.373,41.3084],[9.3731,41.3085],[9.3731,41.3085],[9.3732,41.3085],[9.3733,41.3084],[9.3736,41.3083],[9.3738,41.3083],[9.3741,41.3083],[9.3743,41.3083],[9.3746,41.3083],[9.375,41.3082],[9.3753,41.3082],[9.3754,41.3081],[9.3755,41.3081],[9.3756,41.3081],[9.3757,41.308],[9.3761,41.3079],[9.3767,41.308],[9.377,41.308],[9.3772,41.3082],[9.3774,41.3081],[9.3776,41.3081],[9.3778,41.3081],[9.378,41.3081],[9.3782,41.3082],[9.3785,41.3082],[9.3787,41.3083],[9.379,41.3083],[9.3792,41.3083],[9.3793,41.3083],[9.3795,41.3083],[9.3797,41.3083],[9.38,41.3084],[9.3801,41.3084],[9.3802,41.3084],[9.3803,41.3084],[9.3804,41.3084],[9.3803,41.3086],[9.3802,41.3086],[9.3801,41.3088],[9.3801,41.3088],[9.3799,41.3089],[9.3798,41.3089],[9.3797,41.3088],[9.3796,41.3088],[9.3795,41.3089],[9.3794,41.3089],[9.3794,41.309],[9.3795,41.309],[9.3795,41.3091],[9.3795,41.3092],[9.3794,41.3092],[9.3793,41.3093],[9.3793,41.3094],[9.3793,41.3095],[9.3796,41.3096],[9.3798,41.3096],[9.3797,41.3097],[9.3796,41.3099],[9.3795,41.31],[9.3795,41.31],[9.3795,41.3101],[9.3796,41.3102],[9.3796,41.3102],[9.3798,41.3102],[9.3801,41.3103],[9.38,41.3104],[9.3799,41.3106],[9.3798,41.3107],[9.3798,41.3108],[9.3797,41.3109],[9.38,41.3109],[9.3802,41.3109],[9.3804,41.311],[9.3803,41.311],[9.3802,41.3111],[9.38,41.3111],[9.3798,41.3112],[9.3798,41.3112],[9.3796,41.3113],[9.3794,41.3114],[9.3793,41.3116],[9.3793,41.3117],[9.3789,41.3118],[9.3783,41.3117],[9.3782,41.3117],[9.3782,41.3119],[9.3782,41.312],[9.378,41.3122],[9.378,41.3122],[9.3778,41.3122],[9.3778,41.3122],[9.3778,41.3123],[9.3776,41.3124],[9.3774,41.3124],[9.3773,41.3123],[9.3772,41.3123],[9.3771,41.3124],[9.3771,41.3124],[9.377,41.3124],[9.3769,41.3125],[9.3768,41.3125],[9.3768,41.3125],[9.3767,41.3126],[9.3765,41.3127],[9.3761,41.3128]]],[[[9.3697,41.3131],[9.3696,41.3131],[9.3696,41.3132],[9.3696,41.3132],[9.3695,41.3133],[9.3694,41.3133],[9.3694,41.3133],[9.3693,41.3133],[9.3692,41.3132],[9.3691,41.3131],[9.3691,41.3131],[9.3691,41.3129],[9.3691,41.3128],[9.3692,41.3128],[9.3693,41.3128],[9.3693,41.3128],[9.3693,41.3127],[9.3694,41.3128],[9.3695,41.3128],[9.3695,41.3127],[9.3695,41.3127],[9.3697,41.3127],[9.3698,41.3127],[9.3699,41.3127],[9.37,41.3127],[9.37,41.3127],[9.37,41.3128],[9.3699,41.3128],[9.3699,41.3129],[9.3699,41.3129],[9.3699,41.313],[9.3698,41.313],[9.3698,41.3131],[9.3697,41.3131],[9.3697,41.3131],[9.3697,41.3131]]]]},"properties":{"name":"Sardegna","iso":""}}]}